seed,aggregator,condition,round_id,client_id,is_attacker,accepted,clip_norm_actual,relation_linf_gap,training_provenance_ok
42,mean,clean,1,0,False,True,0.5322994532236466,7.450580596923828e-09,True
42,mean,clean,1,1,False,True,0.712323573348241,7.450580596923828e-09,True
42,mean,clean,1,2,False,True,0.5319160701904035,3.725290298461914e-09,True
42,mean,clean,1,3,False,True,0.35815894202540033,7.450580596923828e-09,True
42,mean,clean,1,4,False,True,0.5215499855407769,7.450580596923828e-09,True
42,mean,clean,1,5,False,True,0.5255214615111728,7.450580596923828e-09,True
42,mean,clean,1,6,False,True,0.845616731569772,3.725290298461914e-09,True
42,mean,clean,1,7,False,True,0.3630139876482544,3.725290298461914e-09,True
42,mean,clean,1,8,False,True,0.3604217973870594,3.725290298461914e-09,True
42,mean,clean,1,9,False,True,0.35617843755396167,3.725290298461914e-09,True
42,mean,clean,2,0,False,True,0.5229033344060192,7.450580596923828e-09,True
42,mean,clean,2,1,False,True,0.7015077077575298,7.450580596923828e-09,True
42,mean,clean,2,2,False,True,0.518135319691561,3.725290298461914e-09,True
42,mean,clean,2,3,False,True,0.35235462026575426,7.450580596923828e-09,True
42,mean,clean,2,4,False,True,0.5124783674550532,3.725290298461914e-09,True
42,mean,clean,2,5,False,True,0.5216382291730807,7.450580596923828e-09,True
42,mean,clean,2,6,False,True,0.8133773605839459,3.725290298461914e-09,True
42,mean,clean,2,7,False,True,0.35575984600410887,3.725290298461914e-09,True
42,mean,clean,2,8,False,True,0.35581103517633117,3.725290298461914e-09,True
42,mean,clean,2,9,False,True,0.3496479334160107,3.725290298461914e-09,True
42,mean,clean,3,0,False,True,0.5136416597690115,7.450580596923828e-09,True
42,mean,clean,3,1,False,True,0.6921800765851478,7.450580596923828e-09,True
42,mean,clean,3,2,False,True,0.5145357830231366,3.725290298461914e-09,True
42,mean,clean,3,3,False,True,0.3518041667546818,3.725290298461914e-09,True
42,mean,clean,3,4,False,True,0.5081352556183131,7.450580596923828e-09,True
42,mean,clean,3,5,False,True,0.5054389276912132,3.725290298461914e-09,True
42,mean,clean,3,6,False,True,0.7860087314561629,3.725290298461914e-09,True
42,mean,clean,3,7,False,True,0.3490789818207675,3.725290298461914e-09,True
42,mean,clean,3,8,False,True,0.353561919958857,7.450580596923828e-09,True
42,mean,clean,3,9,False,True,0.3502813961716586,7.450580596923828e-09,True
42,mean,clean,4,0,False,True,0.506518477224152,7.450580596923828e-09,True
42,mean,clean,4,1,False,True,0.6766744957317169,7.450580596923828e-09,True
42,mean,clean,4,2,False,True,0.5137050689553215,7.450580596923828e-09,True
42,mean,clean,4,3,False,True,0.3484209770136066,3.725290298461914e-09,True
42,mean,clean,4,4,False,True,0.5000317021467364,7.450580596923828e-09,True
42,mean,clean,4,5,False,True,0.5122352034146065,3.725290298461914e-09,True
42,mean,clean,4,6,False,True,0.7640650668715439,7.450580596923828e-09,True
42,mean,clean,4,7,False,True,0.3484020086915496,3.725290298461914e-09,True
42,mean,clean,4,8,False,True,0.3563403108827143,7.450580596923828e-09,True
42,mean,clean,4,9,False,True,0.3510600098425808,3.725290298461914e-09,True
42,mean,clean,5,0,False,True,0.505796198876629,3.725290298461914e-09,True
42,mean,clean,5,1,False,True,0.6668246905073503,7.450580596923828e-09,True
42,mean,clean,5,2,False,True,0.4980477772498841,7.450580596923828e-09,True
42,mean,clean,5,3,False,True,0.34236064566847424,7.450580596923828e-09,True
42,mean,clean,5,4,False,True,0.4907688550885307,3.725290298461914e-09,True
42,mean,clean,5,5,False,True,0.4958261585747475,7.450580596923828e-09,True
42,mean,clean,5,6,False,True,0.7433233579127896,7.450580596923828e-09,True
42,mean,clean,5,7,False,True,0.34880242943236284,7.450580596923828e-09,True
42,mean,clean,5,8,False,True,0.3490686357207787,7.450580596923828e-09,True
42,mean,clean,5,9,False,True,0.3502381390730544,7.450580596923828e-09,True
42,mean,bounded_poisoning,1,0,False,True,0.5322994532236466,7.450580596923828e-09,True
42,mean,bounded_poisoning,1,1,True,True,0.999999993480742,3.725290298461914e-09,False
42,mean,bounded_poisoning,1,2,False,True,0.5319160701904035,3.725290298461914e-09,True
42,mean,bounded_poisoning,1,3,False,True,0.35815894202540033,7.450580596923828e-09,True
42,mean,bounded_poisoning,1,4,False,True,0.5215499855407769,7.450580596923828e-09,True
42,mean,bounded_poisoning,1,5,False,True,0.5255214615111728,7.450580596923828e-09,True
42,mean,bounded_poisoning,1,6,True,True,0.9999999534338702,7.450580596923828e-09,False
42,mean,bounded_poisoning,1,7,False,True,0.3630139876482544,3.725290298461914e-09,True
42,mean,bounded_poisoning,1,8,False,True,0.3604217973870594,3.725290298461914e-09,True
42,mean,bounded_poisoning,1,9,False,True,0.35617843755396167,3.725290298461914e-09,True
42,mean,bounded_poisoning,2,0,False,True,0.5292020572917786,7.450580596923828e-09,True
42,mean,bounded_poisoning,2,1,True,True,0.9999999757856127,7.450580596923828e-09,False
42,mean,bounded_poisoning,2,2,False,True,0.5278302584361636,3.725290298461914e-09,True
42,mean,bounded_poisoning,2,3,False,True,0.3530438634956509,7.450580596923828e-09,True
42,mean,bounded_poisoning,2,4,False,True,0.5207084972064396,3.725290298461914e-09,True
42,mean,bounded_poisoning,2,5,False,True,0.5304693809310296,7.450580596923828e-09,True
42,mean,bounded_poisoning,2,6,True,True,1.0000000149011612,7.450580596923828e-09,False
42,mean,bounded_poisoning,2,7,False,True,0.36193204877269514,3.725290298461914e-09,True
42,mean,bounded_poisoning,2,8,False,True,0.3539116087985692,7.450580596923828e-09,True
42,mean,bounded_poisoning,2,9,False,True,0.3563136510809496,3.725290298461914e-09,True
42,mean,bounded_poisoning,3,0,False,True,0.5269379599816038,7.450580596923828e-09,True
42,mean,bounded_poisoning,3,1,True,True,1.0000000791624157,7.450580596923828e-09,False
42,mean,bounded_poisoning,3,2,False,True,0.5265332112316826,7.450580596923828e-09,True
42,mean,bounded_poisoning,3,3,False,True,0.35664125733094915,3.725290298461914e-09,True
42,mean,bounded_poisoning,3,4,False,True,0.5127748927161638,7.450580596923828e-09,True
42,mean,bounded_poisoning,3,5,False,True,0.5220915375300639,3.725290298461914e-09,True
42,mean,bounded_poisoning,3,6,True,True,0.9999999850988387,7.450580596923828e-09,False
42,mean,bounded_poisoning,3,7,False,True,0.35974286845653475,7.450580596923828e-09,True
42,mean,bounded_poisoning,3,8,False,True,0.35575002765739183,7.450580596923828e-09,True
42,mean,bounded_poisoning,3,9,False,True,0.3530759336080105,3.725290298461914e-09,True
42,mean,bounded_poisoning,4,0,False,True,0.5242545375390552,7.450580596923828e-09,True
42,mean,bounded_poisoning,4,1,True,True,0.9999999897554517,7.450580596923828e-09,False
42,mean,bounded_poisoning,4,2,False,True,0.5235862280439952,7.450580596923828e-09,True
42,mean,bounded_poisoning,4,3,False,True,0.35389047350939823,7.450580596923828e-09,True
42,mean,bounded_poisoning,4,4,False,True,0.5111609824321791,3.725290298461914e-09,True
42,mean,bounded_poisoning,4,5,False,True,0.5260422885807692,7.450580596923828e-09,True
42,mean,bounded_poisoning,4,6,True,True,1.0000000605359656,7.450580596923828e-09,False
42,mean,bounded_poisoning,4,7,False,True,0.35862154538652835,3.725290298461914e-09,True
42,mean,bounded_poisoning,4,8,False,True,0.36056813365168533,7.450580596923828e-09,True
42,mean,bounded_poisoning,4,9,False,True,0.3515440998957817,7.450580596923828e-09,True
42,mean,bounded_poisoning,5,0,False,True,0.5174629510634589,3.725290298461914e-09,True
42,mean,bounded_poisoning,5,1,True,True,1.0000000493600953,7.450580596923828e-09,False
42,mean,bounded_poisoning,5,2,False,True,0.5146126603497551,7.450580596923828e-09,True
42,mean,bounded_poisoning,5,3,False,True,0.35005803362831306,7.450580596923828e-09,True
42,mean,bounded_poisoning,5,4,False,True,0.4948472165413005,3.725290298461914e-09,True
42,mean,bounded_poisoning,5,5,False,True,0.5083919465379356,7.450580596923828e-09,True
42,mean,bounded_poisoning,5,6,True,True,0.9999999711289997,7.450580596923828e-09,False
42,mean,bounded_poisoning,5,7,False,True,0.360239687729768,7.450580596923828e-09,True
42,mean,bounded_poisoning,5,8,False,True,0.3551045224634973,7.450580596923828e-09,True
42,mean,bounded_poisoning,5,9,False,True,0.35924428105678086,3.725290298461914e-09,True
42,coordinate_median,clean,1,0,False,True,0.5322994532236466,7.450580596923828e-09,True
42,coordinate_median,clean,1,1,False,True,0.712323573348241,7.450580596923828e-09,True
42,coordinate_median,clean,1,2,False,True,0.5319160701904035,3.725290298461914e-09,True
42,coordinate_median,clean,1,3,False,True,0.35815894202540033,7.450580596923828e-09,True
42,coordinate_median,clean,1,4,False,True,0.5215499855407769,7.450580596923828e-09,True
42,coordinate_median,clean,1,5,False,True,0.5255214615111728,7.450580596923828e-09,True
42,coordinate_median,clean,1,6,False,True,0.845616731569772,3.725290298461914e-09,True
42,coordinate_median,clean,1,7,False,True,0.3630139876482544,3.725290298461914e-09,True
42,coordinate_median,clean,1,8,False,True,0.3604217973870594,3.725290298461914e-09,True
42,coordinate_median,clean,1,9,False,True,0.35617843755396167,3.725290298461914e-09,True
42,coordinate_median,clean,2,0,False,True,0.5209776187756452,7.450580596923828e-09,True
42,coordinate_median,clean,2,1,False,True,0.7031446904498309,7.450580596923828e-09,True
42,coordinate_median,clean,2,2,False,True,0.5192079362652943,3.725290298461914e-09,True
42,coordinate_median,clean,2,3,False,True,0.35237709482880564,7.450580596923828e-09,True
42,coordinate_median,clean,2,4,False,True,0.5105013671650266,7.450580596923828e-09,True
42,coordinate_median,clean,2,5,False,True,0.5209253740444022,3.725290298461914e-09,True
42,coordinate_median,clean,2,6,False,True,0.8078025157798446,7.450580596923828e-09,True
42,coordinate_median,clean,2,7,False,True,0.35612538298158314,3.725290298461914e-09,True
42,coordinate_median,clean,2,8,False,True,0.3559949466150853,7.450580596923828e-09,True
42,coordinate_median,clean,2,9,False,True,0.34964749425452496,3.725290298461914e-09,True
42,coordinate_median,clean,3,0,False,True,0.5126764234968775,7.450580596923828e-09,True
42,coordinate_median,clean,3,1,False,True,0.6898540305163267,7.450580596923828e-09,True
42,coordinate_median,clean,3,2,False,True,0.5139316647065653,7.450580596923828e-09,True
42,coordinate_median,clean,3,3,False,True,0.3538290137679666,3.725290298461914e-09,True
42,coordinate_median,clean,3,4,False,True,0.5069888234388761,3.725290298461914e-09,True
42,coordinate_median,clean,3,5,False,True,0.50372970153394,3.725290298461914e-09,True
42,coordinate_median,clean,3,6,False,True,0.7824672704850482,7.450580596923828e-09,True
42,coordinate_median,clean,3,7,False,True,0.348347041871411,7.450580596923828e-09,True
42,coordinate_median,clean,3,8,False,True,0.35574109588104547,3.725290298461914e-09,True
42,coordinate_median,clean,3,9,False,True,0.3472770061628586,7.450580596923828e-09,True
42,coordinate_median,clean,4,0,False,True,0.5127616258151353,7.450580596923828e-09,True
42,coordinate_median,clean,4,1,False,True,0.6810333147953688,7.450580596923828e-09,True
42,coordinate_median,clean,4,2,False,True,0.509386924500956,7.450580596923828e-09,True
42,coordinate_median,clean,4,3,False,True,0.34842153833911804,7.450580596923828e-09,True
42,coordinate_median,clean,4,4,False,True,0.49993742890297255,7.450580596923828e-09,True
42,coordinate_median,clean,4,5,False,True,0.518300153832042,7.450580596923828e-09,True
42,coordinate_median,clean,4,6,False,True,0.7575651310745283,7.450580596923828e-09,True
42,coordinate_median,clean,4,7,False,True,0.34693753901964003,3.725290298461914e-09,True
42,coordinate_median,clean,4,8,False,True,0.35652038848296663,3.725290298461914e-09,True
42,coordinate_median,clean,4,9,False,True,0.34743026490264406,7.450580596923828e-09,True
42,coordinate_median,clean,5,0,False,True,0.5061639560138,3.725290298461914e-09,True
42,coordinate_median,clean,5,1,False,True,0.6678745150321593,3.725290298461914e-09,True
42,coordinate_median,clean,5,2,False,True,0.5007719705959778,7.450580596923828e-09,True
42,coordinate_median,clean,5,3,False,True,0.34628010173172513,7.450580596923828e-09,True
42,coordinate_median,clean,5,4,False,True,0.4855656827926847,3.725290298461914e-09,True
42,coordinate_median,clean,5,5,False,True,0.5007231458997901,7.450580596923828e-09,True
42,coordinate_median,clean,5,6,False,True,0.7417959548217306,1.4901161193847656e-08,True
42,coordinate_median,clean,5,7,False,True,0.3508498459027147,7.450580596923828e-09,True
42,coordinate_median,clean,5,8,False,True,0.3476124622731329,7.450580596923828e-09,True
42,coordinate_median,clean,5,9,False,True,0.3479901177996468,7.450580596923828e-09,True
42,coordinate_median,bounded_poisoning,1,0,False,True,0.5322994532236466,7.450580596923828e-09,True
42,coordinate_median,bounded_poisoning,1,1,True,True,0.999999993480742,3.725290298461914e-09,False
42,coordinate_median,bounded_poisoning,1,2,False,True,0.5319160701904035,3.725290298461914e-09,True
42,coordinate_median,bounded_poisoning,1,3,False,True,0.35815894202540033,7.450580596923828e-09,True
42,coordinate_median,bounded_poisoning,1,4,False,True,0.5215499855407769,7.450580596923828e-09,True
42,coordinate_median,bounded_poisoning,1,5,False,True,0.5255214615111728,7.450580596923828e-09,True
42,coordinate_median,bounded_poisoning,1,6,True,True,0.9999999534338702,7.450580596923828e-09,False
42,coordinate_median,bounded_poisoning,1,7,False,True,0.3630139876482544,3.725290298461914e-09,True
42,coordinate_median,bounded_poisoning,1,8,False,True,0.3604217973870594,3.725290298461914e-09,True
42,coordinate_median,bounded_poisoning,1,9,False,True,0.35617843755396167,3.725290298461914e-09,True
42,coordinate_median,bounded_poisoning,2,0,False,True,0.5295250161665962,3.725290298461914e-09,True
42,coordinate_median,bounded_poisoning,2,1,True,True,1.0000000232830641,7.450580596923828e-09,False
42,coordinate_median,bounded_poisoning,2,2,False,True,0.5270681499936399,7.450580596923828e-09,True
42,coordinate_median,bounded_poisoning,2,3,False,True,0.35294268445095534,7.450580596923828e-09,True
42,coordinate_median,bounded_poisoning,2,4,False,True,0.5171897740292473,7.450580596923828e-09,True
42,coordinate_median,bounded_poisoning,2,5,False,True,0.5289676155056025,3.725290298461914e-09,True
42,coordinate_median,bounded_poisoning,2,6,True,True,1.000000021420419,3.725290298461914e-09,False
42,coordinate_median,bounded_poisoning,2,7,False,True,0.3620537013193218,7.450580596923828e-09,True
42,coordinate_median,bounded_poisoning,2,8,False,True,0.3569637196504359,3.725290298461914e-09,True
42,coordinate_median,bounded_poisoning,2,9,False,True,0.3520179936964563,3.725290298461914e-09,True
42,coordinate_median,bounded_poisoning,3,0,False,True,0.5223625429140736,7.450580596923828e-09,True
42,coordinate_median,bounded_poisoning,3,1,True,True,0.9999999878928064,7.450580596923828e-09,False
42,coordinate_median,bounded_poisoning,3,2,False,True,0.5258102876954359,3.725290298461914e-09,True
42,coordinate_median,bounded_poisoning,3,3,False,True,0.3557504376877582,7.450580596923828e-09,True
42,coordinate_median,bounded_poisoning,3,4,False,True,0.5081826314561869,3.725290298461914e-09,True
42,coordinate_median,bounded_poisoning,3,5,False,True,0.5159178443192247,7.450580596923828e-09,True
42,coordinate_median,bounded_poisoning,3,6,True,True,0.999999982304871,7.450580596923828e-09,False
42,coordinate_median,bounded_poisoning,3,7,False,True,0.35789518468126014,7.450580596923828e-09,True
42,coordinate_median,bounded_poisoning,3,8,False,True,0.35718830155589726,7.450580596923828e-09,True
42,coordinate_median,bounded_poisoning,3,9,False,True,0.34946195328594615,3.725290298461914e-09,True
42,coordinate_median,bounded_poisoning,4,0,False,True,0.514976067373938,7.450580596923828e-09,True
42,coordinate_median,bounded_poisoning,4,1,True,True,1.0000000083819032,7.450580596923828e-09,False
42,coordinate_median,bounded_poisoning,4,2,False,True,0.5177059069828637,7.450580596923828e-09,True
42,coordinate_median,bounded_poisoning,4,3,False,True,0.3516082449132747,7.450580596923828e-09,True
42,coordinate_median,bounded_poisoning,4,4,False,True,0.5011276757097972,7.450580596923828e-09,True
42,coordinate_median,bounded_poisoning,4,5,False,True,0.5187367471688219,7.450580596923828e-09,True
42,coordinate_median,bounded_poisoning,4,6,True,True,1.0000000977888654,7.450580596923828e-09,False
42,coordinate_median,bounded_poisoning,4,7,False,True,0.3501892701525001,3.725290298461914e-09,True
42,coordinate_median,bounded_poisoning,4,8,False,True,0.3590120894543995,7.450580596923828e-09,True
42,coordinate_median,bounded_poisoning,4,9,False,True,0.3499296092957378,7.450580596923828e-09,True
42,coordinate_median,bounded_poisoning,5,0,False,True,0.5182678939116483,3.725290298461914e-09,True
42,coordinate_median,bounded_poisoning,5,1,True,True,0.999999977648258,7.450580596923828e-09,False
42,coordinate_median,bounded_poisoning,5,2,False,True,0.51016175747596,7.450580596923828e-09,True
42,coordinate_median,bounded_poisoning,5,3,False,True,0.3436101271928483,7.450580596923828e-09,True
42,coordinate_median,bounded_poisoning,5,4,False,True,0.4833018374975891,3.725290298461914e-09,True
42,coordinate_median,bounded_poisoning,5,5,False,True,0.5004166281976818,7.450580596923828e-09,True
42,coordinate_median,bounded_poisoning,5,6,True,True,1.0000000046566129,7.450580596923828e-09,False
42,coordinate_median,bounded_poisoning,5,7,False,True,0.36015229414341665,7.450580596923828e-09,True
42,coordinate_median,bounded_poisoning,5,8,False,True,0.3520352420340319,7.450580596923828e-09,True
42,coordinate_median,bounded_poisoning,5,9,False,True,0.35172825985155776,7.450580596923828e-09,True
42,trimmed_mean,clean,1,0,False,True,0.5322994532236466,7.450580596923828e-09,True
42,trimmed_mean,clean,1,1,False,True,0.712323573348241,7.450580596923828e-09,True
42,trimmed_mean,clean,1,2,False,True,0.5319160701904035,3.725290298461914e-09,True
42,trimmed_mean,clean,1,3,False,True,0.35815894202540033,7.450580596923828e-09,True
42,trimmed_mean,clean,1,4,False,True,0.5215499855407769,7.450580596923828e-09,True
42,trimmed_mean,clean,1,5,False,True,0.5255214615111728,7.450580596923828e-09,True
42,trimmed_mean,clean,1,6,False,True,0.845616731569772,3.725290298461914e-09,True
42,trimmed_mean,clean,1,7,False,True,0.3630139876482544,3.725290298461914e-09,True
42,trimmed_mean,clean,1,8,False,True,0.3604217973870594,3.725290298461914e-09,True
42,trimmed_mean,clean,1,9,False,True,0.35617843755396167,3.725290298461914e-09,True
42,trimmed_mean,clean,2,0,False,True,0.5212288098121791,3.725290298461914e-09,True
42,trimmed_mean,clean,2,1,False,True,0.7033895226769131,3.725290298461914e-09,True
42,trimmed_mean,clean,2,2,False,True,0.5196258308249377,3.725290298461914e-09,True
42,trimmed_mean,clean,2,3,False,True,0.35102174052337065,7.450580596923828e-09,True
42,trimmed_mean,clean,2,4,False,True,0.5123285684862288,7.450580596923828e-09,True
42,trimmed_mean,clean,2,5,False,True,0.5212855263536845,7.450580596923828e-09,True
42,trimmed_mean,clean,2,6,False,True,0.8133715943094736,7.450580596923828e-09,True
42,trimmed_mean,clean,2,7,False,True,0.3560567714135293,3.725290298461914e-09,True
42,trimmed_mean,clean,2,8,False,True,0.3562978178064598,7.450580596923828e-09,True
42,trimmed_mean,clean,2,9,False,True,0.349379834417187,3.725290298461914e-09,True
42,trimmed_mean,clean,3,0,False,True,0.510149022324261,7.450580596923828e-09,True
42,trimmed_mean,clean,3,1,False,True,0.6930960759722806,7.450580596923828e-09,True
42,trimmed_mean,clean,3,2,False,True,0.5152763941183107,3.725290298461914e-09,True
42,trimmed_mean,clean,3,3,False,True,0.3528202238754724,7.450580596923828e-09,True
42,trimmed_mean,clean,3,4,False,True,0.506725862986427,7.450580596923828e-09,True
42,trimmed_mean,clean,3,5,False,True,0.5036300199625487,7.450580596923828e-09,True
42,trimmed_mean,clean,3,6,False,True,0.7838362657946844,3.725290298461914e-09,True
42,trimmed_mean,clean,3,7,False,True,0.3470687160981172,3.725290298461914e-09,True
42,trimmed_mean,clean,3,8,False,True,0.35372838051565914,3.725290298461914e-09,True
42,trimmed_mean,clean,3,9,False,True,0.3498875294646681,3.725290298461914e-09,True
42,trimmed_mean,clean,4,0,False,True,0.5122429568744133,7.450580596923828e-09,True
42,trimmed_mean,clean,4,1,False,True,0.6783599323231755,3.725290298461914e-09,True
42,trimmed_mean,clean,4,2,False,True,0.5125538190235456,7.450580596923828e-09,True
42,trimmed_mean,clean,4,3,False,True,0.34791136272595785,7.450580596923828e-09,True
42,trimmed_mean,clean,4,4,False,True,0.4969532975024275,7.450580596923828e-09,True
42,trimmed_mean,clean,4,5,False,True,0.5132043355203638,7.450580596923828e-09,True
42,trimmed_mean,clean,4,6,False,True,0.7600693095771622,7.450580596923828e-09,True
42,trimmed_mean,clean,4,7,False,True,0.3479687208700018,7.450580596923828e-09,True
42,trimmed_mean,clean,4,8,False,True,0.35699020568225764,7.450580596923828e-09,True
42,trimmed_mean,clean,4,9,False,True,0.34774473723750565,7.450580596923828e-09,True
42,trimmed_mean,clean,5,0,False,True,0.5071631718428283,7.450580596923828e-09,True
42,trimmed_mean,clean,5,1,False,True,0.668973109092415,7.450580596923828e-09,True
42,trimmed_mean,clean,5,2,False,True,0.499243092111361,3.725290298461914e-09,True
42,trimmed_mean,clean,5,3,False,True,0.34359491809672005,7.450580596923828e-09,True
42,trimmed_mean,clean,5,4,False,True,0.48779704452125455,3.725290298461914e-09,True
42,trimmed_mean,clean,5,5,False,True,0.4960774818891922,7.450580596923828e-09,True
42,trimmed_mean,clean,5,6,False,True,0.7394819159326111,7.450580596923828e-09,True
42,trimmed_mean,clean,5,7,False,True,0.351715273246799,7.450580596923828e-09,True
42,trimmed_mean,clean,5,8,False,True,0.3493345605032245,7.450580596923828e-09,True
42,trimmed_mean,clean,5,9,False,True,0.3506933960093064,7.450580596923828e-09,True
42,trimmed_mean,bounded_poisoning,1,0,False,True,0.5322994532236466,7.450580596923828e-09,True
42,trimmed_mean,bounded_poisoning,1,1,True,True,0.999999993480742,3.725290298461914e-09,False
42,trimmed_mean,bounded_poisoning,1,2,False,True,0.5319160701904035,3.725290298461914e-09,True
42,trimmed_mean,bounded_poisoning,1,3,False,True,0.35815894202540033,7.450580596923828e-09,True
42,trimmed_mean,bounded_poisoning,1,4,False,True,0.5215499855407769,7.450580596923828e-09,True
42,trimmed_mean,bounded_poisoning,1,5,False,True,0.5255214615111728,7.450580596923828e-09,True
42,trimmed_mean,bounded_poisoning,1,6,True,True,0.9999999534338702,7.450580596923828e-09,False
42,trimmed_mean,bounded_poisoning,1,7,False,True,0.3630139876482544,3.725290298461914e-09,True
42,trimmed_mean,bounded_poisoning,1,8,False,True,0.3604217973870594,3.725290298461914e-09,True
42,trimmed_mean,bounded_poisoning,1,9,False,True,0.35617843755396167,3.725290298461914e-09,True
42,trimmed_mean,bounded_poisoning,2,0,False,True,0.5303036200818733,3.725290298461914e-09,True
42,trimmed_mean,bounded_poisoning,2,1,True,True,0.9999999972060323,7.450580596923828e-09,False
42,trimmed_mean,bounded_poisoning,2,2,False,True,0.5269265621855366,7.450580596923828e-09,True
42,trimmed_mean,bounded_poisoning,2,3,False,True,0.3527202827283094,7.450580596923828e-09,True
42,trimmed_mean,bounded_poisoning,2,4,False,True,0.5179300232077797,7.450580596923828e-09,True
42,trimmed_mean,bounded_poisoning,2,5,False,True,0.5270550917978739,7.450580596923828e-09,True
42,trimmed_mean,bounded_poisoning,2,6,True,True,1.0000000139698386,7.450580596923828e-09,False
42,trimmed_mean,bounded_poisoning,2,7,False,True,0.361430798261011,7.450580596923828e-09,True
42,trimmed_mean,bounded_poisoning,2,8,False,True,0.35490171038918705,7.450580596923828e-09,True
42,trimmed_mean,bounded_poisoning,2,9,False,True,0.3537310222666476,7.450580596923828e-09,True
42,trimmed_mean,bounded_poisoning,3,0,False,True,0.5252967257772233,7.450580596923828e-09,True
42,trimmed_mean,bounded_poisoning,3,1,True,True,1.000000011175871,7.450580596923828e-09,False
42,trimmed_mean,bounded_poisoning,3,2,False,True,0.52491420643731,7.450580596923828e-09,True
42,trimmed_mean,bounded_poisoning,3,3,False,True,0.35464554843961127,3.725290298461914e-09,True
42,trimmed_mean,bounded_poisoning,3,4,False,True,0.5109970248397254,3.725290298461914e-09,True
42,trimmed_mean,bounded_poisoning,3,5,False,True,0.5213398072237072,3.725290298461914e-09,True
42,trimmed_mean,bounded_poisoning,3,6,True,True,1.000000085681673,7.450580596923828e-09,False
42,trimmed_mean,bounded_poisoning,3,7,False,True,0.35820530311739684,7.450580596923828e-09,True
42,trimmed_mean,bounded_poisoning,3,8,False,True,0.35608220417814407,7.450580596923828e-09,True
42,trimmed_mean,bounded_poisoning,3,9,False,True,0.3502701616320166,7.450580596923828e-09,True
42,trimmed_mean,bounded_poisoning,4,0,False,True,0.5177186149984805,7.450580596923828e-09,True
42,trimmed_mean,bounded_poisoning,4,1,True,True,0.9999999571591607,7.450580596923828e-09,False
42,trimmed_mean,bounded_poisoning,4,2,False,True,0.5182881626716708,7.450580596923828e-09,True
42,trimmed_mean,bounded_poisoning,4,3,False,True,0.3504085802763923,7.450580596923828e-09,True
42,trimmed_mean,bounded_poisoning,4,4,False,True,0.5045585762540811,7.450580596923828e-09,True
42,trimmed_mean,bounded_poisoning,4,5,False,True,0.5204274605787357,7.450580596923828e-09,True
42,trimmed_mean,bounded_poisoning,4,6,True,True,0.9999999571591607,7.450580596923828e-09,False
42,trimmed_mean,bounded_poisoning,4,7,False,True,0.3509451193727561,3.725290298461914e-09,True
42,trimmed_mean,bounded_poisoning,4,8,False,True,0.3594916059923925,7.450580596923828e-09,True
42,trimmed_mean,bounded_poisoning,4,9,False,True,0.3503917475722797,7.450580596923828e-09,True
42,trimmed_mean,bounded_poisoning,5,0,False,True,0.516482053645325,3.725290298461914e-09,True
42,trimmed_mean,bounded_poisoning,5,1,True,True,1.000000106170768,7.450580596923828e-09,False
42,trimmed_mean,bounded_poisoning,5,2,False,True,0.5088808970757981,7.450580596923828e-09,True
42,trimmed_mean,bounded_poisoning,5,3,False,True,0.3439574374347636,7.450580596923828e-09,True
42,trimmed_mean,bounded_poisoning,5,4,False,True,0.48852356429475935,3.725290298461914e-09,True
42,trimmed_mean,bounded_poisoning,5,5,False,True,0.5014036855389844,7.450580596923828e-09,True
42,trimmed_mean,bounded_poisoning,5,6,True,True,1.0000000465661276,7.450580596923828e-09,False
42,trimmed_mean,bounded_poisoning,5,7,False,True,0.3581052052866453,7.450580596923828e-09,True
42,trimmed_mean,bounded_poisoning,5,8,False,True,0.3537324795490197,7.450580596923828e-09,True
42,trimmed_mean,bounded_poisoning,5,9,False,True,0.354025192278491,7.450580596923828e-09,True
52,mean,clean,1,0,False,True,0.6796439125346269,7.450580596923828e-09,True
52,mean,clean,1,1,False,True,0.19442137171336338,3.725290298461914e-09,True
52,mean,clean,1,2,False,True,0.5112592967739866,7.450580596923828e-09,True
52,mean,clean,1,3,False,True,0.6745721979615773,3.725290298461914e-09,True
52,mean,clean,1,4,False,True,0.3633973723729834,7.450580596923828e-09,True
52,mean,clean,1,5,False,True,0.8337532679152035,7.450580596923828e-09,True
52,mean,clean,1,6,False,True,0.5206259916278639,3.725290298461914e-09,True
52,mean,clean,1,7,False,True,0.19442095166984777,7.450580596923828e-09,True
52,mean,clean,1,8,False,True,0.6684884606629234,7.450580596923828e-09,True
52,mean,clean,1,9,False,True,0.36807064052442723,3.725290298461914e-09,True
52,mean,clean,2,0,False,True,0.6776294503356107,7.450580596923828e-09,True
52,mean,clean,2,1,False,True,0.19442051650620365,3.725290298461914e-09,True
52,mean,clean,2,2,False,True,0.4954325421255659,3.725290298461914e-09,True
52,mean,clean,2,3,False,True,0.6706368701338474,7.450580596923828e-09,True
52,mean,clean,2,4,False,True,0.35594401643191015,7.450580596923828e-09,True
52,mean,clean,2,5,False,True,0.8046620883447619,3.725290298461914e-09,True
52,mean,clean,2,6,False,True,0.5150256778488119,3.725290298461914e-09,True
52,mean,clean,2,7,False,True,0.194421478595282,7.450580596923828e-09,True
52,mean,clean,2,8,False,True,0.6539606504417234,7.450580596923828e-09,True
52,mean,clean,2,9,False,True,0.3624393480862968,7.450580596923828e-09,True
52,mean,clean,3,0,False,True,0.6532202174967681,3.725290298461914e-09,True
52,mean,clean,3,1,False,True,0.19442156377144681,3.725290298461914e-09,True
52,mean,clean,3,2,False,True,0.47962633769686647,7.450580596923828e-09,True
52,mean,clean,3,3,False,True,0.6335219413984843,7.450580596923828e-09,True
52,mean,clean,3,4,False,True,0.351389195522684,7.450580596923828e-09,True
52,mean,clean,3,5,False,True,0.7887804948508367,7.450580596923828e-09,True
52,mean,clean,3,6,False,True,0.49899085567435375,7.450580596923828e-09,True
52,mean,clean,3,7,False,True,0.19442085556567992,7.450580596923828e-09,True
52,mean,clean,3,8,False,True,0.6435071452963248,7.450580596923828e-09,True
52,mean,clean,3,9,False,True,0.35715670370530295,7.450580596923828e-09,True
52,mean,clean,4,0,False,True,0.6478961816510567,3.725290298461914e-09,True
52,mean,clean,4,1,False,True,0.1944212181266379,3.725290298461914e-09,True
52,mean,clean,4,2,False,True,0.4762019656032949,7.450580596923828e-09,True
52,mean,clean,4,3,False,True,0.6267711889397406,7.450580596923828e-09,True
52,mean,clean,4,4,False,True,0.35389586016580626,7.450580596923828e-09,True
52,mean,clean,4,5,False,True,0.7689235673280658,7.450580596923828e-09,True
52,mean,clean,4,6,False,True,0.4925409771527084,3.725290298461914e-09,True
52,mean,clean,4,7,False,True,0.1944209031686849,3.725290298461914e-09,True
52,mean,clean,4,8,False,True,0.6346527263303676,7.450580596923828e-09,True
52,mean,clean,4,9,False,True,0.35670932046025006,7.450580596923828e-09,True
52,mean,clean,5,0,False,True,0.6248741418060836,7.450580596923828e-09,True
52,mean,clean,5,1,False,True,0.19442103504990507,7.450580596923828e-09,True
52,mean,clean,5,2,False,True,0.46606670117323146,7.450580596923828e-09,True
52,mean,clean,5,3,False,True,0.6231915028045361,7.450580596923828e-09,True
52,mean,clean,5,4,False,True,0.34741741854591146,7.450580596923828e-09,True
52,mean,clean,5,5,False,True,0.7482736520168387,7.450580596923828e-09,True
52,mean,clean,5,6,False,True,0.4930834019671385,7.450580596923828e-09,True
52,mean,clean,5,7,False,True,0.19442115345850666,7.450580596923828e-09,True
52,mean,clean,5,8,False,True,0.6322442655939652,7.450580596923828e-09,True
52,mean,clean,5,9,False,True,0.35096769315045306,3.725290298461914e-09,True
52,mean,bounded_poisoning,1,0,False,True,0.6796439125346269,7.450580596923828e-09,True
52,mean,bounded_poisoning,1,1,False,True,0.19442137171336338,3.725290298461914e-09,True
52,mean,bounded_poisoning,1,2,False,True,0.5112592967739866,7.450580596923828e-09,True
52,mean,bounded_poisoning,1,3,True,True,1.000000029802322,7.450580596923828e-09,False
52,mean,bounded_poisoning,1,4,False,True,0.3633973723729834,7.450580596923828e-09,True
52,mean,bounded_poisoning,1,5,True,True,1.0000001033768005,7.450580596923828e-09,False
52,mean,bounded_poisoning,1,6,False,True,0.5206259916278639,3.725290298461914e-09,True
52,mean,bounded_poisoning,1,7,False,True,0.19442095166984777,7.450580596923828e-09,True
52,mean,bounded_poisoning,1,8,False,True,0.6684884606629234,7.450580596923828e-09,True
52,mean,bounded_poisoning,1,9,False,True,0.36807064052442723,3.725290298461914e-09,True
52,mean,bounded_poisoning,2,0,False,True,0.6877064435578604,7.450580596923828e-09,True
52,mean,bounded_poisoning,2,1,False,True,0.19442150613907225,3.725290298461914e-09,True
52,mean,bounded_poisoning,2,2,False,True,0.5088871629742675,7.450580596923828e-09,True
52,mean,bounded_poisoning,2,3,True,True,0.999999972991645,7.450580596923828e-09,False
52,mean,bounded_poisoning,2,4,False,True,0.3596318479650824,7.450580596923828e-09,True
52,mean,bounded_poisoning,2,5,True,True,0.999999933876095,7.450580596923828e-09,False
52,mean,bounded_poisoning,2,6,False,True,0.5265591413825201,3.725290298461914e-09,True
52,mean,bounded_poisoning,2,7,False,True,0.19441905472645984,7.450580596923828e-09,True
52,mean,bounded_poisoning,2,8,False,True,0.6649657431698126,7.450580596923828e-09,True
52,mean,bounded_poisoning,2,9,False,True,0.3659260604992977,7.450580596923828e-09,True
52,mean,bounded_poisoning,3,0,False,True,0.6791611893220667,3.725290298461914e-09,True
52,mean,bounded_poisoning,3,1,False,True,0.194421362282603,7.450580596923828e-09,True
52,mean,bounded_poisoning,3,2,False,True,0.510306887636666,7.450580596923828e-09,True
52,mean,bounded_poisoning,3,3,True,True,0.9999999739229676,7.450580596923828e-09,False
52,mean,bounded_poisoning,3,4,False,True,0.35256412759106215,7.450580596923828e-09,True
52,mean,bounded_poisoning,3,5,True,True,1.0000000288709994,7.450580596923828e-09,False
52,mean,bounded_poisoning,3,6,False,True,0.5167828604109143,7.450580596923828e-09,True
52,mean,bounded_poisoning,3,7,False,True,0.194421574399753,7.450580596923828e-09,True
52,mean,bounded_poisoning,3,8,False,True,0.6653389065721945,3.725290298461914e-09,True
52,mean,bounded_poisoning,3,9,False,True,0.36750393786721,7.450580596923828e-09,True
52,mean,bounded_poisoning,4,0,False,True,0.6698014906049826,3.725290298461914e-09,True
52,mean,bounded_poisoning,4,1,False,True,0.194421439075924,7.450580596923828e-09,True
52,mean,bounded_poisoning,4,2,False,True,0.5083617779340945,7.450580596923828e-09,True
52,mean,bounded_poisoning,4,3,True,True,0.9999999599531285,7.450580596923828e-09,False
52,mean,bounded_poisoning,4,4,False,True,0.35544521324604395,7.450580596923828e-09,True
52,mean,bounded_poisoning,4,5,True,True,1.0000000391155475,7.450580596923828e-09,False
52,mean,bounded_poisoning,4,6,False,True,0.5214125073841651,7.450580596923828e-09,True
52,mean,bounded_poisoning,4,7,False,True,0.19442030947754396,3.725290298461914e-09,True
52,mean,bounded_poisoning,4,8,False,True,0.6589605991651155,7.450580596923828e-09,True
52,mean,bounded_poisoning,4,9,False,True,0.3660708130737752,7.450580596923828e-09,True
52,mean,bounded_poisoning,5,0,False,True,0.6576811825040473,7.450580596923828e-09,True
52,mean,bounded_poisoning,5,1,False,True,0.1944215252999675,3.725290298461914e-09,True
52,mean,bounded_poisoning,5,2,False,True,0.5025916759926938,7.450580596923828e-09,True
52,mean,bounded_poisoning,5,3,True,True,0.9999999916180968,3.725290298461914e-09,False
52,mean,bounded_poisoning,5,4,False,True,0.35323613964762063,7.450580596923828e-09,True
52,mean,bounded_poisoning,5,5,True,True,0.9999999850988387,7.450580596923828e-09,False
52,mean,bounded_poisoning,5,6,False,True,0.5151815449162697,7.450580596923828e-09,True
52,mean,bounded_poisoning,5,7,False,True,0.1944215264975234,7.450580596923828e-09,True
52,mean,bounded_poisoning,5,8,False,True,0.6517623484816333,3.725290298461914e-09,True
52,mean,bounded_poisoning,5,9,False,True,0.357234396582684,3.725290298461914e-09,True
52,coordinate_median,clean,1,0,False,True,0.6796439125346269,7.450580596923828e-09,True
52,coordinate_median,clean,1,1,False,True,0.19442137171336338,3.725290298461914e-09,True
52,coordinate_median,clean,1,2,False,True,0.5112592967739866,7.450580596923828e-09,True
52,coordinate_median,clean,1,3,False,True,0.6745721979615773,3.725290298461914e-09,True
52,coordinate_median,clean,1,4,False,True,0.3633973723729834,7.450580596923828e-09,True
52,coordinate_median,clean,1,5,False,True,0.8337532679152035,7.450580596923828e-09,True
52,coordinate_median,clean,1,6,False,True,0.5206259916278639,3.725290298461914e-09,True
52,coordinate_median,clean,1,7,False,True,0.19442095166984777,7.450580596923828e-09,True
52,coordinate_median,clean,1,8,False,True,0.6684884606629234,7.450580596923828e-09,True
52,coordinate_median,clean,1,9,False,True,0.36807064052442723,3.725290298461914e-09,True
52,coordinate_median,clean,2,0,False,True,0.6777615246295533,7.450580596923828e-09,True
52,coordinate_median,clean,2,1,False,True,0.19441960351264762,3.725290298461914e-09,True
52,coordinate_median,clean,2,2,False,True,0.4949994036468914,7.450580596923828e-09,True
52,coordinate_median,clean,2,3,False,True,0.671087346695892,7.450580596923828e-09,True
52,coordinate_median,clean,2,4,False,True,0.35486178106185823,7.450580596923828e-09,True
52,coordinate_median,clean,2,5,False,True,0.8041822782583979,7.450580596923828e-09,True
52,coordinate_median,clean,2,6,False,True,0.5144916291914837,3.725290298461914e-09,True
52,coordinate_median,clean,2,7,False,True,0.1944213347387924,7.450580596923828e-09,True
52,coordinate_median,clean,2,8,False,True,0.6528314812999568,7.450580596923828e-09,True
52,coordinate_median,clean,2,9,False,True,0.3618730160987412,7.450580596923828e-09,True
52,coordinate_median,clean,3,0,False,True,0.6470130231248058,3.725290298461914e-09,True
52,coordinate_median,clean,3,1,False,True,0.19442140060442,7.450580596923828e-09,True
52,coordinate_median,clean,3,2,False,True,0.4787871699682097,7.450580596923828e-09,True
52,coordinate_median,clean,3,3,False,True,0.6311928477416759,7.450580596923828e-09,True
52,coordinate_median,clean,3,4,False,True,0.3512382750727375,7.450580596923828e-09,True
52,coordinate_median,clean,3,5,False,True,0.7881855234049946,7.450580596923828e-09,True
52,coordinate_median,clean,3,6,False,True,0.4985015686893424,7.450580596923828e-09,True
52,coordinate_median,clean,3,7,False,True,0.19442145988346576,7.450580596923828e-09,True
52,coordinate_median,clean,3,8,False,True,0.6444397796401026,7.450580596923828e-09,True
52,coordinate_median,clean,3,9,False,True,0.35865881424125395,7.450580596923828e-09,True
52,coordinate_median,clean,4,0,False,True,0.6406554812355596,3.725290298461914e-09,True
52,coordinate_median,clean,4,1,False,True,0.19442161242213932,7.450580596923828e-09,True
52,coordinate_median,clean,4,2,False,True,0.4741252035675912,7.450580596923828e-09,True
52,coordinate_median,clean,4,3,False,True,0.6288184777016361,7.450580596923828e-09,True
52,coordinate_median,clean,4,4,False,True,0.35432424455344624,7.450580596923828e-09,True
52,coordinate_median,clean,4,5,False,True,0.7734544684735443,3.725290298461914e-09,True
52,coordinate_median,clean,4,6,False,True,0.49505139041604984,7.450580596923828e-09,True
52,coordinate_median,clean,4,7,False,True,0.1944214112327351,7.450580596923828e-09,True
52,coordinate_median,clean,4,8,False,True,0.6331186084010456,3.725290298461914e-09,True
52,coordinate_median,clean,4,9,False,True,0.3553769659923621,7.450580596923828e-09,True
52,coordinate_median,clean,5,0,False,True,0.6253480240312296,7.450580596923828e-09,True
52,coordinate_median,clean,5,1,False,True,0.19440446162507866,7.450580596923828e-09,True
52,coordinate_median,clean,5,2,False,True,0.46685174844939425,3.725290298461914e-09,True
52,coordinate_median,clean,5,3,False,True,0.6239289971945077,7.450580596923828e-09,True
52,coordinate_median,clean,5,4,False,True,0.34781039663462415,7.450580596923828e-09,True
52,coordinate_median,clean,5,5,False,True,0.759668519303936,7.450580596923828e-09,True
52,coordinate_median,clean,5,6,False,True,0.49366501396664764,7.450580596923828e-09,True
52,coordinate_median,clean,5,7,False,True,0.19442093310767575,3.725290298461914e-09,True
52,coordinate_median,clean,5,8,False,True,0.6271970287840779,3.725290298461914e-09,True
52,coordinate_median,clean,5,9,False,True,0.3545964136410647,7.450580596923828e-09,True
52,coordinate_median,bounded_poisoning,1,0,False,True,0.6796439125346269,7.450580596923828e-09,True
52,coordinate_median,bounded_poisoning,1,1,False,True,0.19442137171336338,3.725290298461914e-09,True
52,coordinate_median,bounded_poisoning,1,2,False,True,0.5112592967739866,7.450580596923828e-09,True
52,coordinate_median,bounded_poisoning,1,3,True,True,1.000000029802322,7.450580596923828e-09,False
52,coordinate_median,bounded_poisoning,1,4,False,True,0.3633973723729834,7.450580596923828e-09,True
52,coordinate_median,bounded_poisoning,1,5,True,True,1.0000001033768005,7.450580596923828e-09,False
52,coordinate_median,bounded_poisoning,1,6,False,True,0.5206259916278639,3.725290298461914e-09,True
52,coordinate_median,bounded_poisoning,1,7,False,True,0.19442095166984777,7.450580596923828e-09,True
52,coordinate_median,bounded_poisoning,1,8,False,True,0.6684884606629234,7.450580596923828e-09,True
52,coordinate_median,bounded_poisoning,1,9,False,True,0.36807064052442723,3.725290298461914e-09,True
52,coordinate_median,bounded_poisoning,2,0,False,True,0.6896004073736604,7.450580596923828e-09,True
52,coordinate_median,bounded_poisoning,2,1,False,True,0.19442149640892942,3.725290298461914e-09,True
52,coordinate_median,bounded_poisoning,2,2,False,True,0.5062028269438512,3.725290298461914e-09,True
52,coordinate_median,bounded_poisoning,2,3,True,True,1.000000059604643,3.725290298461914e-09,False
52,coordinate_median,bounded_poisoning,2,4,False,True,0.35712574165147976,3.725290298461914e-09,True
52,coordinate_median,bounded_poisoning,2,5,True,True,1.0000000391155475,7.450580596923828e-09,False
52,coordinate_median,bounded_poisoning,2,6,False,True,0.5211422951053383,3.725290298461914e-09,True
52,coordinate_median,bounded_poisoning,2,7,False,True,0.1944210377444126,7.450580596923828e-09,True
52,coordinate_median,bounded_poisoning,2,8,False,True,0.658009097963404,3.725290298461914e-09,True
52,coordinate_median,bounded_poisoning,2,9,False,True,0.3638390205884456,3.725290298461914e-09,True
52,coordinate_median,bounded_poisoning,3,0,False,True,0.6693362645932354,3.725290298461914e-09,True
52,coordinate_median,bounded_poisoning,3,1,False,True,0.1944215351798034,7.450580596923828e-09,True
52,coordinate_median,bounded_poisoning,3,2,False,True,0.504898822261274,7.450580596923828e-09,True
52,coordinate_median,bounded_poisoning,3,3,True,True,0.9999999869614838,7.450580596923828e-09,False
52,coordinate_median,bounded_poisoning,3,4,False,True,0.35065641133193615,3.725290298461914e-09,True
52,coordinate_median,bounded_poisoning,3,5,True,True,1.0000000307336445,7.450580596923828e-09,False
52,coordinate_median,bounded_poisoning,3,6,False,True,0.5088685681977432,7.450580596923828e-09,True
52,coordinate_median,bounded_poisoning,3,7,False,True,0.19442150733662827,3.725290298461914e-09,True
52,coordinate_median,bounded_poisoning,3,8,False,True,0.6601405170078248,7.450580596923828e-09,True
52,coordinate_median,bounded_poisoning,3,9,False,True,0.3637298159072901,7.450580596923828e-09,True
52,coordinate_median,bounded_poisoning,4,0,False,True,0.6574389764870003,7.450580596923828e-09,True
52,coordinate_median,bounded_poisoning,4,1,False,True,0.19442158308203084,7.450580596923828e-09,True
52,coordinate_median,bounded_poisoning,4,2,False,True,0.5018987927736698,7.450580596923828e-09,True
52,coordinate_median,bounded_poisoning,4,3,True,True,0.9999999795109031,7.450580596923828e-09,False
52,coordinate_median,bounded_poisoning,4,4,False,True,0.35521183810265783,3.725290298461914e-09,True
52,coordinate_median,bounded_poisoning,4,5,True,True,1.000000029802322,7.450580596923828e-09,False
52,coordinate_median,bounded_poisoning,4,6,False,True,0.5120636682096048,7.450580596923828e-09,True
52,coordinate_median,bounded_poisoning,4,7,False,True,0.19442136392924375,7.450580596923828e-09,True
52,coordinate_median,bounded_poisoning,4,8,False,True,0.6560598208540893,7.450580596923828e-09,True
52,coordinate_median,bounded_poisoning,4,9,False,True,0.362089949460248,7.450580596923828e-09,True
52,coordinate_median,bounded_poisoning,5,0,False,True,0.6411602042314187,7.450580596923828e-09,True
52,coordinate_median,bounded_poisoning,5,1,False,True,0.19442127635787654,3.725290298461914e-09,True
52,coordinate_median,bounded_poisoning,5,2,False,True,0.49465931321624795,7.450580596923828e-09,True
52,coordinate_median,bounded_poisoning,5,3,True,True,1.0000000121071935,3.725290298461914e-09,False
52,coordinate_median,bounded_poisoning,5,4,False,True,0.3549703979637801,7.450580596923828e-09,True
52,coordinate_median,bounded_poisoning,5,5,True,True,0.9999999748542902,7.450580596923828e-09,False
52,coordinate_median,bounded_poisoning,5,6,False,True,0.5080684026248439,7.450580596923828e-09,True
52,coordinate_median,bounded_poisoning,5,7,False,True,0.19442143099241793,3.725290298461914e-09,True
52,coordinate_median,bounded_poisoning,5,8,False,True,0.6421122151818023,7.450580596923828e-09,True
52,coordinate_median,bounded_poisoning,5,9,False,True,0.35514365679741094,7.450580596923828e-09,True
52,trimmed_mean,clean,1,0,False,True,0.6796439125346269,7.450580596923828e-09,True
52,trimmed_mean,clean,1,1,False,True,0.19442137171336338,3.725290298461914e-09,True
52,trimmed_mean,clean,1,2,False,True,0.5112592967739866,7.450580596923828e-09,True
52,trimmed_mean,clean,1,3,False,True,0.6745721979615773,3.725290298461914e-09,True
52,trimmed_mean,clean,1,4,False,True,0.3633973723729834,7.450580596923828e-09,True
52,trimmed_mean,clean,1,5,False,True,0.8337532679152035,7.450580596923828e-09,True
52,trimmed_mean,clean,1,6,False,True,0.5206259916278639,3.725290298461914e-09,True
52,trimmed_mean,clean,1,7,False,True,0.19442095166984777,7.450580596923828e-09,True
52,trimmed_mean,clean,1,8,False,True,0.6684884606629234,7.450580596923828e-09,True
52,trimmed_mean,clean,1,9,False,True,0.36807064052442723,3.725290298461914e-09,True
52,trimmed_mean,clean,2,0,False,True,0.6778483727797272,7.450580596923828e-09,True
52,trimmed_mean,clean,2,1,False,True,0.1944143242630165,3.725290298461914e-09,True
52,trimmed_mean,clean,2,2,False,True,0.49541315237245054,3.725290298461914e-09,True
52,trimmed_mean,clean,2,3,False,True,0.6696398450011674,7.450580596923828e-09,True
52,trimmed_mean,clean,2,4,False,True,0.35660437927759114,7.450580596923828e-09,True
52,trimmed_mean,clean,2,5,False,True,0.8026819444041001,3.725290298461914e-09,True
52,trimmed_mean,clean,2,6,False,True,0.5125002003842346,3.725290298461914e-09,True
52,trimmed_mean,clean,2,7,False,True,0.19442141153212425,7.450580596923828e-09,True
52,trimmed_mean,clean,2,8,False,True,0.6530058329128284,7.450580596923828e-09,True
52,trimmed_mean,clean,2,9,False,True,0.3609057690143807,3.725290298461914e-09,True
52,trimmed_mean,clean,3,0,False,True,0.6512693234407726,7.450580596923828e-09,True
52,trimmed_mean,clean,3,1,False,True,0.19442149655862392,3.725290298461914e-09,True
52,trimmed_mean,clean,3,2,False,True,0.4775564891662254,7.450580596923828e-09,True
52,trimmed_mean,clean,3,3,False,True,0.6294668095462238,3.725290298461914e-09,True
52,trimmed_mean,clean,3,4,False,True,0.3526264852350454,7.450580596923828e-09,True
52,trimmed_mean,clean,3,5,False,True,0.7875018691237535,7.450580596923828e-09,True
52,trimmed_mean,clean,3,6,False,True,0.49753174367752223,7.450580596923828e-09,True
52,trimmed_mean,clean,3,7,False,True,0.19442135375000993,7.450580596923828e-09,True
52,trimmed_mean,clean,3,8,False,True,0.6451585628477765,3.725290298461914e-09,True
52,trimmed_mean,clean,3,9,False,True,0.35739990626760537,3.725290298461914e-09,True
52,trimmed_mean,clean,4,0,False,True,0.6443798479796005,3.725290298461914e-09,True
52,trimmed_mean,clean,4,1,False,True,0.19442113145337378,3.725290298461914e-09,True
52,trimmed_mean,clean,4,2,False,True,0.47470870617067024,7.450580596923828e-09,True
52,trimmed_mean,clean,4,3,False,True,0.6266244438223803,7.450580596923828e-09,True
52,trimmed_mean,clean,4,4,False,True,0.3525644059463169,7.450580596923828e-09,True
52,trimmed_mean,clean,4,5,False,True,0.7697020906247547,7.450580596923828e-09,True
52,trimmed_mean,clean,4,6,False,True,0.4935706926655897,3.725290298461914e-09,True
52,trimmed_mean,clean,4,7,False,True,0.19442104762427326,7.450580596923828e-09,True
52,trimmed_mean,clean,4,8,False,True,0.6350499088749971,3.725290298461914e-09,True
52,trimmed_mean,clean,4,9,False,True,0.3566466579313474,7.450580596923828e-09,True
52,trimmed_mean,clean,5,0,False,True,0.6225029475456375,7.450580596923828e-09,True
52,trimmed_mean,clean,5,1,False,True,0.19442114163261923,7.450580596923828e-09,True
52,trimmed_mean,clean,5,2,False,True,0.46498782766052404,7.450580596923828e-09,True
52,trimmed_mean,clean,5,3,False,True,0.6229666976701156,7.450580596923828e-09,True
52,trimmed_mean,clean,5,4,False,True,0.34965538442738353,7.450580596923828e-09,True
52,trimmed_mean,clean,5,5,False,True,0.7515318582260213,7.450580596923828e-09,True
52,trimmed_mean,clean,5,6,False,True,0.49174531258436605,7.450580596923828e-09,True
52,trimmed_mean,clean,5,7,False,True,0.1944209223296396,7.450580596923828e-09,True
52,trimmed_mean,clean,5,8,False,True,0.6291164571117451,7.450580596923828e-09,True
52,trimmed_mean,clean,5,9,False,True,0.352610686138083,7.450580596923828e-09,True
52,trimmed_mean,bounded_poisoning,1,0,False,True,0.6796439125346269,7.450580596923828e-09,True
52,trimmed_mean,bounded_poisoning,1,1,False,True,0.19442137171336338,3.725290298461914e-09,True
52,trimmed_mean,bounded_poisoning,1,2,False,True,0.5112592967739866,7.450580596923828e-09,True
52,trimmed_mean,bounded_poisoning,1,3,True,True,1.000000029802322,7.450580596923828e-09,False
52,trimmed_mean,bounded_poisoning,1,4,False,True,0.3633973723729834,7.450580596923828e-09,True
52,trimmed_mean,bounded_poisoning,1,5,True,True,1.0000001033768005,7.450580596923828e-09,False
52,trimmed_mean,bounded_poisoning,1,6,False,True,0.5206259916278639,3.725290298461914e-09,True
52,trimmed_mean,bounded_poisoning,1,7,False,True,0.19442095166984777,7.450580596923828e-09,True
52,trimmed_mean,bounded_poisoning,1,8,False,True,0.6684884606629234,7.450580596923828e-09,True
52,trimmed_mean,bounded_poisoning,1,9,False,True,0.36807064052442723,3.725290298461914e-09,True
52,trimmed_mean,bounded_poisoning,2,0,False,True,0.6868141516533627,7.450580596923828e-09,True
52,trimmed_mean,bounded_poisoning,2,1,False,True,0.19442141961563109,3.725290298461914e-09,True
52,trimmed_mean,bounded_poisoning,2,2,False,True,0.5058862009815265,7.450580596923828e-09,True
52,trimmed_mean,bounded_poisoning,2,3,True,True,1.0000000670552232,7.450580596923828e-09,False
52,trimmed_mean,bounded_poisoning,2,4,False,True,0.35901524649178945,7.450580596923828e-09,True
52,trimmed_mean,bounded_poisoning,2,5,True,True,0.9999999459832892,7.450580596923828e-09,False
52,trimmed_mean,bounded_poisoning,2,6,False,True,0.5238339062719468,3.725290298461914e-09,True
52,trimmed_mean,bounded_poisoning,2,7,False,True,0.19441938031583342,7.450580596923828e-09,True
52,trimmed_mean,bounded_poisoning,2,8,False,True,0.6611641555242186,7.450580596923828e-09,True
52,trimmed_mean,bounded_poisoning,2,9,False,True,0.3641813405024064,7.450580596923828e-09,True
52,trimmed_mean,bounded_poisoning,3,0,False,True,0.6712365825284847,3.725290298461914e-09,True
52,trimmed_mean,bounded_poisoning,3,1,False,True,0.19442147739772583,7.450580596923828e-09,True
52,trimmed_mean,bounded_poisoning,3,2,False,True,0.5067749992847407,3.725290298461914e-09,True
52,trimmed_mean,bounded_poisoning,3,3,True,True,0.9999999366700629,7.450580596923828e-09,False
52,trimmed_mean,bounded_poisoning,3,4,False,True,0.3510534797002276,3.725290298461914e-09,True
52,trimmed_mean,bounded_poisoning,3,5,True,True,0.9999999832361935,7.450580596923828e-09,False
52,trimmed_mean,bounded_poisoning,3,6,False,True,0.5116025141112754,3.725290298461914e-09,True
52,trimmed_mean,bounded_poisoning,3,7,False,True,0.19442139237121778,3.725290298461914e-09,True
52,trimmed_mean,bounded_poisoning,3,8,False,True,0.6606477996734045,7.450580596923828e-09,True
52,trimmed_mean,bounded_poisoning,3,9,False,True,0.36671186551052803,7.450580596923828e-09,True
52,trimmed_mean,bounded_poisoning,4,0,False,True,0.6620151774879788,7.450580596923828e-09,True
52,trimmed_mean,bounded_poisoning,4,1,False,True,0.19442141991502024,7.450580596923828e-09,True
52,trimmed_mean,bounded_poisoning,4,2,False,True,0.5059685584660132,3.725290298461914e-09,True
52,trimmed_mean,bounded_poisoning,4,3,True,True,1.000000006519258,7.450580596923828e-09,False
52,trimmed_mean,bounded_poisoning,4,4,False,True,0.35483503970126645,7.450580596923828e-09,True
52,trimmed_mean,bounded_poisoning,4,5,True,True,1.0000000121071935,7.450580596923828e-09,False
52,trimmed_mean,bounded_poisoning,4,6,False,True,0.5119909161494932,7.450580596923828e-09,True
52,trimmed_mean,bounded_poisoning,4,7,False,True,0.19442150748632275,3.725290298461914e-09,True
52,trimmed_mean,bounded_poisoning,4,8,False,True,0.6535407259043028,7.450580596923828e-09,True
52,trimmed_mean,bounded_poisoning,4,9,False,True,0.3626571496664103,7.450580596923828e-09,True
52,trimmed_mean,bounded_poisoning,5,0,False,True,0.6482063895602281,7.450580596923828e-09,True
52,trimmed_mean,bounded_poisoning,5,1,False,True,0.1944212187254168,3.725290298461914e-09,True
52,trimmed_mean,bounded_poisoning,5,2,False,True,0.4986473521418724,7.450580596923828e-09,True
52,trimmed_mean,bounded_poisoning,5,3,True,True,1.0000000428408375,3.725290298461914e-09,False
52,trimmed_mean,bounded_poisoning,5,4,False,True,0.35402768647134736,7.450580596923828e-09,True
52,trimmed_mean,bounded_poisoning,5,5,True,True,0.9999999664723868,7.450580596923828e-09,False
52,trimmed_mean,bounded_poisoning,5,6,False,True,0.5086928650089408,7.450580596923828e-09,True
52,trimmed_mean,bounded_poisoning,5,7,False,True,0.194421373360004,3.725290298461914e-09,True
52,trimmed_mean,bounded_poisoning,5,8,False,True,0.6432361986893019,3.725290298461914e-09,True
52,trimmed_mean,bounded_poisoning,5,9,False,True,0.35345696916340935,3.725290298461914e-09,True
62,mean,clean,1,0,False,True,0.35824046174360474,3.725290298461914e-09,True
62,mean,clean,1,1,False,True,0.3712824429579629,7.450580596923828e-09,True
62,mean,clean,1,2,False,True,0.1944217944504685,7.450580596923828e-09,True
62,mean,clean,1,3,False,True,0.5323048140369673,3.725290298461914e-09,True
62,mean,clean,1,4,False,True,0.8480977861944485,7.450580596923828e-09,True
62,mean,clean,1,5,False,True,0.9999999906867743,7.450580596923828e-09,True
62,mean,clean,1,6,False,True,0.1944216604740421,3.725290298461914e-09,True
62,mean,clean,1,7,False,True,0.5292333159168214,7.450580596923828e-09,True
62,mean,clean,1,8,False,True,0.6752815314570404,7.450580596923828e-09,True
62,mean,clean,1,9,False,True,0.19442161242213932,7.450580596923828e-09,True
62,mean,clean,2,0,False,True,0.3584431593066969,7.450580596923828e-09,True
62,mean,clean,2,1,False,True,0.36998627569344406,7.450580596923828e-09,True
62,mean,clean,2,2,False,True,0.19442167005448238,7.450580596923828e-09,True
62,mean,clean,2,3,False,True,0.5210042432667839,3.725290298461914e-09,True
62,mean,clean,2,4,False,True,0.8074342942632267,7.450580596923828e-09,True
62,mean,clean,2,5,False,True,0.9999999459832892,7.450580596923828e-09,True
62,mean,clean,2,6,False,True,0.19442176600855332,7.450580596923828e-09,True
62,mean,clean,2,7,False,True,0.5150737782757367,7.450580596923828e-09,True
62,mean,clean,2,8,False,True,0.6547554985117194,7.450580596923828e-09,True
62,mean,clean,2,9,False,True,0.19442059539559153,3.725290298461914e-09,True
62,mean,clean,3,0,False,True,0.35371201583228207,3.725290298461914e-09,True
62,mean,clean,3,1,False,True,0.3645223885216168,7.450580596923828e-09,True
62,mean,clean,3,2,False,True,0.194421458835604,7.450580596923828e-09,True
62,mean,clean,3,3,False,True,0.5159871119491394,3.725290298461914e-09,True
62,mean,clean,3,4,False,True,0.7867263117391774,7.450580596923828e-09,True
62,mean,clean,3,5,False,True,1.0000000391155475,7.450580596923828e-09,True
62,mean,clean,3,6,False,True,0.19442162200258195,7.450580596923828e-09,True
62,mean,clean,3,7,False,True,0.5102269991483364,7.450580596923828e-09,True
62,mean,clean,3,8,False,True,0.6366248412591768,3.725290298461914e-09,True
62,mean,clean,3,9,False,True,0.19441996308202666,3.725290298461914e-09,True
62,mean,clean,4,0,False,True,0.3538040767847784,7.450580596923828e-09,True
62,mean,clean,4,1,False,True,0.3609503981888666,7.450580596923828e-09,True
62,mean,clean,4,2,False,True,0.19442084224282427,3.725290298461914e-09,True
62,mean,clean,4,3,False,True,0.5025086413514968,7.450580596923828e-09,True
62,mean,clean,4,4,False,True,0.7569998520578715,7.450580596923828e-09,True
62,mean,clean,4,5,False,True,1.0000000027939677,7.450580596923828e-09,True
62,mean,clean,4,6,False,True,0.19442154520933325,3.725290298461914e-09,True
62,mean,clean,4,7,False,True,0.5066131913596671,3.725290298461914e-09,True
62,mean,clean,4,8,False,True,0.625664666027829,3.725290298461914e-09,True
62,mean,clean,4,9,False,True,0.194421467517887,3.725290298461914e-09,True
62,mean,clean,5,0,False,True,0.35376780924001233,7.450580596923828e-09,True
62,mean,clean,5,1,False,True,0.3621220491432972,3.725290298461914e-09,True
62,mean,clean,5,2,False,True,0.19442040498320035,3.725290298461914e-09,True
62,mean,clean,5,3,False,True,0.5013173716657894,7.450580596923828e-09,True
62,mean,clean,5,4,False,True,0.7451374156201025,7.450580596923828e-09,True
62,mean,clean,5,5,False,True,0.9999999580904833,7.450580596923828e-09,True
62,mean,clean,5,6,False,True,0.19442136288138145,7.450580596923828e-09,True
62,mean,clean,5,7,False,True,0.5001167327804602,3.725290298461914e-09,True
62,mean,clean,5,8,False,True,0.6026552357268261,3.725290298461914e-09,True
62,mean,clean,5,9,False,True,0.19442108534737296,7.450580596923828e-09,True
62,mean,bounded_poisoning,1,0,False,True,0.35824046174360474,3.725290298461914e-09,True
62,mean,bounded_poisoning,1,1,False,True,0.3712824429579629,7.450580596923828e-09,True
62,mean,bounded_poisoning,1,2,False,True,0.1944217944504685,7.450580596923828e-09,True
62,mean,bounded_poisoning,1,3,False,True,0.5323048140369673,3.725290298461914e-09,True
62,mean,bounded_poisoning,1,4,True,True,1.0000000158324835,7.450580596923828e-09,False
62,mean,bounded_poisoning,1,5,True,True,0.9999999906867743,7.450580596923828e-09,False
62,mean,bounded_poisoning,1,6,False,True,0.1944216604740421,3.725290298461914e-09,True
62,mean,bounded_poisoning,1,7,False,True,0.5292333159168214,7.450580596923828e-09,True
62,mean,bounded_poisoning,1,8,False,True,0.6752815314570404,7.450580596923828e-09,True
62,mean,bounded_poisoning,1,9,False,True,0.19442161242213932,7.450580596923828e-09,True
62,mean,bounded_poisoning,2,0,False,True,0.3604194220559778,7.450580596923828e-09,True
62,mean,bounded_poisoning,2,1,False,True,0.3716434802026273,3.725290298461914e-09,True
62,mean,bounded_poisoning,2,2,False,True,0.19442175642811776,3.725290298461914e-09,True
62,mean,bounded_poisoning,2,3,False,True,0.5265108869582084,7.450580596923828e-09,True
62,mean,bounded_poisoning,2,4,True,True,1.0000000027939677,7.450580596923828e-09,False
62,mean,bounded_poisoning,2,5,True,True,0.9999999701976772,7.450580596923828e-09,False
62,mean,bounded_poisoning,2,6,False,True,0.19441965845105955,7.450580596923828e-09,True
62,mean,bounded_poisoning,2,7,False,True,0.5235616853350635,7.450580596923828e-09,True
62,mean,bounded_poisoning,2,8,False,True,0.6667457351448941,7.450580596923828e-09,True
62,mean,bounded_poisoning,2,9,False,True,0.19442159326125263,3.725290298461914e-09,True
62,mean,bounded_poisoning,3,0,False,True,0.35670521092317736,7.450580596923828e-09,True
62,mean,bounded_poisoning,3,1,False,True,0.3685397620431106,7.450580596923828e-09,True
62,mean,bounded_poisoning,3,2,False,True,0.1944212965666571,3.725290298461914e-09,True
62,mean,bounded_poisoning,3,3,False,True,0.5245931397749968,7.450580596923828e-09,True
62,mean,bounded_poisoning,3,4,True,True,1.000000093132253,7.450580596923828e-09,False
62,mean,bounded_poisoning,3,5,True,True,0.9999999841675161,7.450580596923828e-09,False
62,mean,bounded_poisoning,3,6,False,True,0.19442145943438216,7.450580596923828e-09,True
62,mean,bounded_poisoning,3,7,False,True,0.5240040495787452,3.725290298461914e-09,True
62,mean,bounded_poisoning,3,8,False,True,0.6730613229277962,7.450580596923828e-09,True
62,mean,bounded_poisoning,3,9,False,True,0.19442158353111416,7.450580596923828e-09,True
62,mean,bounded_poisoning,4,0,False,True,0.3580901303633116,3.725290298461914e-09,True
62,mean,bounded_poisoning,4,1,False,True,0.36653745336606447,3.725290298461914e-09,True
62,mean,bounded_poisoning,4,2,False,True,0.1944215836808086,7.450580596923828e-09,True
62,mean,bounded_poisoning,4,3,False,True,0.5207832879619742,7.450580596923828e-09,True
62,mean,bounded_poisoning,4,4,True,True,1.0000000204890964,7.450580596923828e-09,False
62,mean,bounded_poisoning,4,5,True,True,1.0000000121071935,7.450580596923828e-09,False
62,mean,bounded_poisoning,4,6,False,True,0.19442130629680995,3.725290298461914e-09,True
62,mean,bounded_poisoning,4,7,False,True,0.5248620998125255,3.725290298461914e-09,True
62,mean,bounded_poisoning,4,8,False,True,0.6733958447179242,3.725290298461914e-09,True
62,mean,bounded_poisoning,4,9,False,True,0.19442132485894634,3.725290298461914e-09,True
62,mean,bounded_poisoning,5,0,False,True,0.36010938934823195,3.725290298461914e-09,True
62,mean,bounded_poisoning,5,1,False,True,0.3680072094247588,3.725290298461914e-09,True
62,mean,bounded_poisoning,5,2,False,True,0.19442085556567992,7.450580596923828e-09,True
62,mean,bounded_poisoning,5,3,False,True,0.5202404349985669,7.450580596923828e-09,True
62,mean,bounded_poisoning,5,4,True,True,1.0,7.450580596923828e-09,False
62,mean,bounded_poisoning,5,5,True,True,0.9999999804422257,7.450580596923828e-09,False
62,mean,bounded_poisoning,5,6,False,True,0.1944216989454947,3.725290298461914e-09,True
62,mean,bounded_poisoning,5,7,False,True,0.5211026557335783,7.450580596923828e-09,True
62,mean,bounded_poisoning,5,8,False,True,0.6605681870776767,3.725290298461914e-09,True
62,mean,bounded_poisoning,5,9,False,True,0.19441996008811285,7.450580596923828e-09,True
62,coordinate_median,clean,1,0,False,True,0.35824046174360474,3.725290298461914e-09,True
62,coordinate_median,clean,1,1,False,True,0.3712824429579629,7.450580596923828e-09,True
62,coordinate_median,clean,1,2,False,True,0.1944217944504685,7.450580596923828e-09,True
62,coordinate_median,clean,1,3,False,True,0.5323048140369673,3.725290298461914e-09,True
62,coordinate_median,clean,1,4,False,True,0.8480977861944485,7.450580596923828e-09,True
62,coordinate_median,clean,1,5,False,True,0.9999999906867743,7.450580596923828e-09,True
62,coordinate_median,clean,1,6,False,True,0.1944216604740421,3.725290298461914e-09,True
62,coordinate_median,clean,1,7,False,True,0.5292333159168214,7.450580596923828e-09,True
62,coordinate_median,clean,1,8,False,True,0.6752815314570404,7.450580596923828e-09,True
62,coordinate_median,clean,1,9,False,True,0.19442161242213932,7.450580596923828e-09,True
62,coordinate_median,clean,2,0,False,True,0.35647042590991623,7.450580596923828e-09,True
62,coordinate_median,clean,2,1,False,True,0.37051994419998874,3.725290298461914e-09,True
62,coordinate_median,clean,2,2,False,True,0.19442100855391228,7.450580596923828e-09,True
62,coordinate_median,clean,2,3,False,True,0.5180352958484792,3.725290298461914e-09,True
62,coordinate_median,clean,2,4,False,True,0.8083192686552482,7.450580596923828e-09,True
62,coordinate_median,clean,2,5,False,True,1.0000000670552232,7.450580596923828e-09,True
62,coordinate_median,clean,2,6,False,True,0.19442184265202056,7.450580596923828e-09,True
62,coordinate_median,clean,2,7,False,True,0.5149468849559135,7.450580596923828e-09,True
62,coordinate_median,clean,2,8,False,True,0.6569812927746719,7.450580596923828e-09,True
62,coordinate_median,clean,2,9,False,True,0.19442135315123146,3.725290298461914e-09,True
62,coordinate_median,clean,3,0,False,True,0.35231625432217195,7.450580596923828e-09,True
62,coordinate_median,clean,3,1,False,True,0.36393670074872025,7.450580596923828e-09,True
62,coordinate_median,clean,3,2,False,True,0.1944213342897085,3.725290298461914e-09,True
62,coordinate_median,clean,3,3,False,True,0.517172505576974,7.450580596923828e-09,True
62,coordinate_median,clean,3,4,False,True,0.7828602480269738,7.450580596923828e-09,True
62,coordinate_median,clean,3,5,False,True,0.9999999757856127,7.450580596923828e-09,True
62,coordinate_median,clean,3,6,False,True,0.19442168906566712,7.450580596923828e-09,True
62,coordinate_median,clean,3,7,False,True,0.5109023842205965,7.450580596923828e-09,True
62,coordinate_median,clean,3,8,False,True,0.6405778669836025,3.725290298461914e-09,True
62,coordinate_median,clean,3,9,False,True,0.1944070717600178,3.725290298461914e-09,True
62,coordinate_median,clean,4,0,False,True,0.35080487519793496,7.450580596923828e-09,True
62,coordinate_median,clean,4,1,False,True,0.363174555477048,3.725290298461914e-09,True
62,coordinate_median,clean,4,2,False,True,0.19442107426995556,7.450580596923828e-09,True
62,coordinate_median,clean,4,3,False,True,0.5022798673343372,7.450580596923828e-09,True
62,coordinate_median,clean,4,4,False,True,0.7576099904331436,7.450580596923828e-09,True
62,coordinate_median,clean,4,5,False,True,1.0000000391155475,7.450580596923828e-09,True
62,coordinate_median,clean,4,6,False,True,0.19442173666846801,7.450580596923828e-09,True
62,coordinate_median,clean,4,7,False,True,0.5039927219893559,3.725290298461914e-09,True
62,coordinate_median,clean,4,8,False,True,0.6240489063527879,7.450580596923828e-09,True
62,coordinate_median,clean,4,9,False,True,0.19442088281016848,7.450580596923828e-09,True
62,coordinate_median,clean,5,0,False,True,0.35596327848145876,7.450580596923828e-09,True
62,coordinate_median,clean,5,1,False,True,0.3612812482222029,7.450580596923828e-09,True
62,coordinate_median,clean,5,2,False,True,0.19442074988097946,3.725290298461914e-09,True
62,coordinate_median,clean,5,3,False,True,0.5014461933593906,7.450580596923828e-09,True
62,coordinate_median,clean,5,4,False,True,0.7500853986599016,7.450580596923828e-09,True
62,coordinate_median,clean,5,5,False,True,1.000000091269608,7.450580596923828e-09,True
62,coordinate_median,clean,5,6,False,True,0.1944215833814197,7.450580596923828e-09,True
62,coordinate_median,clean,5,7,False,True,0.4975733684633483,3.725290298461914e-09,True
62,coordinate_median,clean,5,8,False,True,0.6030369367878928,7.450580596923828e-09,True
62,coordinate_median,clean,5,9,False,True,0.19442109313150374,7.450580596923828e-09,True
62,coordinate_median,bounded_poisoning,1,0,False,True,0.35824046174360474,3.725290298461914e-09,True
62,coordinate_median,bounded_poisoning,1,1,False,True,0.3712824429579629,7.450580596923828e-09,True
62,coordinate_median,bounded_poisoning,1,2,False,True,0.1944217944504685,7.450580596923828e-09,True
62,coordinate_median,bounded_poisoning,1,3,False,True,0.5323048140369673,3.725290298461914e-09,True
62,coordinate_median,bounded_poisoning,1,4,True,True,1.0000000158324835,7.450580596923828e-09,False
62,coordinate_median,bounded_poisoning,1,5,True,True,0.9999999906867743,7.450580596923828e-09,False
62,coordinate_median,bounded_poisoning,1,6,False,True,0.1944216604740421,3.725290298461914e-09,True
62,coordinate_median,bounded_poisoning,1,7,False,True,0.5292333159168214,7.450580596923828e-09,True
62,coordinate_median,bounded_poisoning,1,8,False,True,0.6752815314570404,7.450580596923828e-09,True
62,coordinate_median,bounded_poisoning,1,9,False,True,0.19442161242213932,7.450580596923828e-09,True
62,coordinate_median,bounded_poisoning,2,0,False,True,0.3601450237750468,7.450580596923828e-09,True
62,coordinate_median,bounded_poisoning,2,1,False,True,0.3713826466662368,3.725290298461914e-09,True
62,coordinate_median,bounded_poisoning,2,2,False,True,0.1944217946001628,7.450580596923828e-09,True
62,coordinate_median,bounded_poisoning,2,3,False,True,0.525955407148879,7.450580596923828e-09,True
62,coordinate_median,bounded_poisoning,2,4,True,True,0.9999999459832892,7.450580596923828e-09,False
62,coordinate_median,bounded_poisoning,2,5,True,True,0.9999999087303835,7.450580596923828e-09,False
62,coordinate_median,bounded_poisoning,2,6,False,True,0.19442175642811776,3.725290298461914e-09,True
62,coordinate_median,bounded_poisoning,2,7,False,True,0.5187607753486247,7.450580596923828e-09,True
62,coordinate_median,bounded_poisoning,2,8,False,True,0.6647831288502447,3.725290298461914e-09,True
62,coordinate_median,bounded_poisoning,2,9,False,True,0.19441936055594217,3.725290298461914e-09,True
62,coordinate_median,bounded_poisoning,3,0,False,True,0.35600563294431364,7.450580596923828e-09,True
62,coordinate_median,bounded_poisoning,3,1,False,True,0.3646954270808223,7.450580596923828e-09,True
62,coordinate_median,bounded_poisoning,3,2,False,True,0.19442155493947363,3.725290298461914e-09,True
62,coordinate_median,bounded_poisoning,3,3,False,True,0.5211252447501963,7.450580596923828e-09,True
62,coordinate_median,bounded_poisoning,3,4,True,True,1.0000000232830641,7.450580596923828e-09,False
62,coordinate_median,bounded_poisoning,3,5,True,True,0.999999972991645,7.450580596923828e-09,False
62,coordinate_median,bounded_poisoning,3,6,False,True,0.1944216705035655,7.450580596923828e-09,True
62,coordinate_median,bounded_poisoning,3,7,False,True,0.5242317178382909,7.450580596923828e-09,True
62,coordinate_median,bounded_poisoning,3,8,False,True,0.6671403305668548,7.450580596923828e-09,True
62,coordinate_median,bounded_poisoning,3,9,False,True,0.1944210660367395,3.725290298461914e-09,True
62,coordinate_median,bounded_poisoning,4,0,False,True,0.3582514642122262,3.725290298461914e-09,True
62,coordinate_median,bounded_poisoning,4,1,False,True,0.3639817450918202,7.450580596923828e-09,True
62,coordinate_median,bounded_poisoning,4,2,False,True,0.19442134446894332,7.450580596923828e-09,True
62,coordinate_median,bounded_poisoning,4,3,False,True,0.5172680312741532,7.450580596923828e-09,True
62,coordinate_median,bounded_poisoning,4,4,True,True,0.999999878928058,7.450580596923828e-09,False
62,coordinate_median,bounded_poisoning,4,5,True,True,1.0,7.450580596923828e-09,False
62,coordinate_median,bounded_poisoning,4,6,False,True,0.19442167035387112,7.450580596923828e-09,True
62,coordinate_median,bounded_poisoning,4,7,False,True,0.5214852295557799,7.450580596923828e-09,True
62,coordinate_median,bounded_poisoning,4,8,False,True,0.6681511215912627,7.450580596923828e-09,True
62,coordinate_median,bounded_poisoning,4,9,False,True,0.19441914244852404,7.450580596923828e-09,True
62,coordinate_median,bounded_poisoning,5,0,False,True,0.36148209030127254,7.450580596923828e-09,True
62,coordinate_median,bounded_poisoning,5,1,False,True,0.36657724783810625,7.450580596923828e-09,True
62,coordinate_median,bounded_poisoning,5,2,False,True,0.19442110316105637,3.725290298461914e-09,True
62,coordinate_median,bounded_poisoning,5,3,False,True,0.5194373278941739,3.725290298461914e-09,True
62,coordinate_median,bounded_poisoning,5,4,True,True,1.000000006519258,7.450580596923828e-09,False
62,coordinate_median,bounded_poisoning,5,5,True,True,0.9999999925494194,7.450580596923828e-09,False
62,coordinate_median,bounded_poisoning,5,6,False,True,0.19442139267060696,3.725290298461914e-09,True
62,coordinate_median,bounded_poisoning,5,7,False,True,0.5174742324490759,7.450580596923828e-09,True
62,coordinate_median,bounded_poisoning,5,8,False,True,0.6566615928488276,3.725290298461914e-09,True
62,coordinate_median,bounded_poisoning,5,9,False,True,0.19442060617364584,7.450580596923828e-09,True
62,trimmed_mean,clean,1,0,False,True,0.35824046174360474,3.725290298461914e-09,True
62,trimmed_mean,clean,1,1,False,True,0.3712824429579629,7.450580596923828e-09,True
62,trimmed_mean,clean,1,2,False,True,0.1944217944504685,7.450580596923828e-09,True
62,trimmed_mean,clean,1,3,False,True,0.5323048140369673,3.725290298461914e-09,True
62,trimmed_mean,clean,1,4,False,True,0.8480977861944485,7.450580596923828e-09,True
62,trimmed_mean,clean,1,5,False,True,0.9999999906867743,7.450580596923828e-09,True
62,trimmed_mean,clean,1,6,False,True,0.1944216604740421,3.725290298461914e-09,True
62,trimmed_mean,clean,1,7,False,True,0.5292333159168214,7.450580596923828e-09,True
62,trimmed_mean,clean,1,8,False,True,0.6752815314570404,7.450580596923828e-09,True
62,trimmed_mean,clean,1,9,False,True,0.19442161242213932,7.450580596923828e-09,True
62,trimmed_mean,clean,2,0,False,True,0.3587369087140893,7.450580596923828e-09,True
62,trimmed_mean,clean,2,1,False,True,0.37038412790900294,7.450580596923828e-09,True
62,trimmed_mean,clean,2,2,False,True,0.194421564819308,7.450580596923828e-09,True
62,trimmed_mean,clean,2,3,False,True,0.5207799603513206,3.725290298461914e-09,True
62,trimmed_mean,clean,2,4,False,True,0.8081307168110778,7.450580596923828e-09,True
62,trimmed_mean,clean,2,5,False,True,0.9999999990686774,7.450580596923828e-09,True
62,trimmed_mean,clean,2,6,False,True,0.19442178516942296,7.450580596923828e-09,True
62,trimmed_mean,clean,2,7,False,True,0.5138634448674547,7.450580596923828e-09,True
62,trimmed_mean,clean,2,8,False,True,0.653945521772832,3.725290298461914e-09,True
62,trimmed_mean,clean,2,9,False,True,0.194421141782314,3.725290298461914e-09,True
62,trimmed_mean,clean,3,0,False,True,0.35452452556769554,7.450580596923828e-09,True
62,trimmed_mean,clean,3,1,False,True,0.3641104943592153,7.450580596923828e-09,True
62,trimmed_mean,clean,3,2,False,True,0.19442159281216934,3.725290298461914e-09,True
62,trimmed_mean,clean,3,3,False,True,0.516634817441207,7.450580596923828e-09,True
62,trimmed_mean,clean,3,4,False,True,0.7825546433866564,7.450580596923828e-09,True
62,trimmed_mean,clean,3,5,False,True,1.0000000512227403,7.450580596923828e-09,True
62,trimmed_mean,clean,3,6,False,True,0.19442174669798745,7.450580596923828e-09,True
62,trimmed_mean,clean,3,7,False,True,0.5126816457107592,7.450580596923828e-09,True
62,trimmed_mean,clean,3,8,False,True,0.6379887692834847,7.450580596923828e-09,True
62,trimmed_mean,clean,3,9,False,True,0.19442016367414733,7.450580596923828e-09,True
62,trimmed_mean,clean,4,0,False,True,0.3494619566172193,7.450580596923828e-09,True
62,trimmed_mean,clean,4,1,False,True,0.36159813367893723,3.725290298461914e-09,True
62,trimmed_mean,clean,4,2,False,True,0.19442089089369732,7.450580596923828e-09,True
62,trimmed_mean,clean,4,3,False,True,0.5000987030000464,3.725290298461914e-09,True
62,trimmed_mean,clean,4,4,False,True,0.7585431293212219,7.450580596923828e-09,True
62,trimmed_mean,clean,4,5,False,True,0.9999999860301613,7.450580596923828e-09,True
62,trimmed_mean,clean,4,6,False,True,0.19442162200258195,7.450580596923828e-09,True
62,trimmed_mean,clean,4,7,False,True,0.5056707148226712,3.725290298461914e-09,True
62,trimmed_mean,clean,4,8,False,True,0.6228412113842775,3.725290298461914e-09,True
62,trimmed_mean,clean,4,9,False,True,0.194421141782314,7.450580596923828e-09,True
62,trimmed_mean,clean,5,0,False,True,0.3541052002517425,3.725290298461914e-09,True
62,trimmed_mean,clean,5,1,False,True,0.3610572882449968,7.450580596923828e-09,True
62,trimmed_mean,clean,5,2,False,True,0.19441990694613495,3.725290298461914e-09,True
62,trimmed_mean,clean,5,3,False,True,0.5003421044295211,7.450580596923828e-09,True
62,trimmed_mean,clean,5,4,False,True,0.7496789453693394,7.450580596923828e-09,True
62,trimmed_mean,clean,5,5,False,True,1.0000000102445483,7.450580596923828e-09,True
62,trimmed_mean,clean,5,6,False,True,0.1944216312836353,7.450580596923828e-09,True
62,trimmed_mean,clean,5,7,False,True,0.499636876786172,7.450580596923828e-09,True
62,trimmed_mean,clean,5,8,False,True,0.6039361291232456,3.725290298461914e-09,True
62,trimmed_mean,clean,5,9,False,True,0.1944211521112537,7.450580596923828e-09,True
62,trimmed_mean,bounded_poisoning,1,0,False,True,0.35824046174360474,3.725290298461914e-09,True
62,trimmed_mean,bounded_poisoning,1,1,False,True,0.3712824429579629,7.450580596923828e-09,True
62,trimmed_mean,bounded_poisoning,1,2,False,True,0.1944217944504685,7.450580596923828e-09,True
62,trimmed_mean,bounded_poisoning,1,3,False,True,0.5323048140369673,3.725290298461914e-09,True
62,trimmed_mean,bounded_poisoning,1,4,True,True,1.0000000158324835,7.450580596923828e-09,False
62,trimmed_mean,bounded_poisoning,1,5,True,True,0.9999999906867743,7.450580596923828e-09,False
62,trimmed_mean,bounded_poisoning,1,6,False,True,0.1944216604740421,3.725290298461914e-09,True
62,trimmed_mean,bounded_poisoning,1,7,False,True,0.5292333159168214,7.450580596923828e-09,True
62,trimmed_mean,bounded_poisoning,1,8,False,True,0.6752815314570404,7.450580596923828e-09,True
62,trimmed_mean,bounded_poisoning,1,9,False,True,0.19442161242213932,7.450580596923828e-09,True
62,trimmed_mean,bounded_poisoning,2,0,False,True,0.3613022782128307,3.725290298461914e-09,True
62,trimmed_mean,bounded_poisoning,2,1,False,True,0.3711761850474353,7.450580596923828e-09,True
62,trimmed_mean,bounded_poisoning,2,2,False,True,0.19442176600855332,7.450580596923828e-09,True
62,trimmed_mean,bounded_poisoning,2,3,False,True,0.5269364108325605,7.450580596923828e-09,True
62,trimmed_mean,bounded_poisoning,2,4,True,True,1.0000000149011612,7.450580596923828e-09,False
62,trimmed_mean,bounded_poisoning,2,5,True,True,1.0000000158324835,7.450580596923828e-09,False
62,trimmed_mean,bounded_poisoning,2,6,False,True,0.19442179474985707,3.725290298461914e-09,True
62,trimmed_mean,bounded_poisoning,2,7,False,True,0.5215853685280476,3.725290298461914e-09,True
62,trimmed_mean,bounded_poisoning,2,8,False,True,0.6652637282854571,7.450580596923828e-09,True
62,trimmed_mean,bounded_poisoning,2,9,False,True,0.19442150688754475,3.725290298461914e-09,True
62,trimmed_mean,bounded_poisoning,3,0,False,True,0.3561187616780279,7.450580596923828e-09,True
62,trimmed_mean,bounded_poisoning,3,1,False,True,0.3666267266221054,7.450580596923828e-09,True
62,trimmed_mean,bounded_poisoning,3,2,False,True,0.19442159386003038,7.450580596923828e-09,True
62,trimmed_mean,bounded_poisoning,3,3,False,True,0.5216103144528302,7.450580596923828e-09,True
62,trimmed_mean,bounded_poisoning,3,4,True,True,1.000000063329933,7.450580596923828e-09,False
62,trimmed_mean,bounded_poisoning,3,5,True,True,0.9999999925494194,7.450580596923828e-09,False
62,trimmed_mean,bounded_poisoning,3,6,False,True,0.19442151721646506,7.450580596923828e-09,True
62,trimmed_mean,bounded_poisoning,3,7,False,True,0.5210369388153588,7.450580596923828e-09,True
62,trimmed_mean,bounded_poisoning,3,8,False,True,0.6664683929875171,7.450580596923828e-09,True
62,trimmed_mean,bounded_poisoning,3,9,False,True,0.19442128668680908,7.450580596923828e-09,True
62,trimmed_mean,bounded_poisoning,4,0,False,True,0.3560149118933443,7.450580596923828e-09,True
62,trimmed_mean,bounded_poisoning,4,1,False,True,0.3655488087412802,3.725290298461914e-09,True
62,trimmed_mean,bounded_poisoning,4,2,False,True,0.19442154580811113,7.450580596923828e-09,True
62,trimmed_mean,bounded_poisoning,4,3,False,True,0.5175519671217979,7.450580596923828e-09,True
62,trimmed_mean,bounded_poisoning,4,4,True,True,1.0000000251457093,7.450580596923828e-09,False
62,trimmed_mean,bounded_poisoning,4,5,True,True,0.9999999655410642,7.450580596923828e-09,False
62,trimmed_mean,bounded_poisoning,4,6,False,True,0.19442156511869693,7.450580596923828e-09,True
62,trimmed_mean,bounded_poisoning,4,7,False,True,0.5209351001598697,7.450580596923828e-09,True
62,trimmed_mean,bounded_poisoning,4,8,False,True,0.6662335165240996,7.450580596923828e-09,True
62,trimmed_mean,bounded_poisoning,4,9,False,True,0.19442091215038265,7.450580596923828e-09,True
62,trimmed_mean,bounded_poisoning,5,0,False,True,0.36081344897684603,7.450580596923828e-09,True
62,trimmed_mean,bounded_poisoning,5,1,False,True,0.365517922801575,7.450580596923828e-09,True
62,trimmed_mean,bounded_poisoning,5,2,False,True,0.19441223204411906,3.725290298461914e-09,True
62,trimmed_mean,bounded_poisoning,5,3,False,True,0.5173777358784208,7.450580596923828e-09,True
62,trimmed_mean,bounded_poisoning,5,4,True,True,1.0000000242143867,7.450580596923828e-09,False
62,trimmed_mean,bounded_poisoning,5,5,True,True,0.999999977648258,7.450580596923828e-09,False
62,trimmed_mean,bounded_poisoning,5,6,False,True,0.19441947627103442,7.450580596923828e-09,True
62,trimmed_mean,bounded_poisoning,5,7,False,True,0.5161450077652383,3.725290298461914e-09,True
62,trimmed_mean,bounded_poisoning,5,8,False,True,0.6545738815257668,3.725290298461914e-09,True
62,trimmed_mean,bounded_poisoning,5,9,False,True,0.19438499132299938,7.450580596923828e-09,True
72,mean,clean,1,0,False,True,1.0000000195577738,7.450580596923828e-09,True
72,mean,clean,1,1,False,True,0.5193176955490753,3.725290298461914e-09,True
72,mean,clean,1,2,False,True,0.36398208188145,3.725290298461914e-09,True
72,mean,clean,1,3,False,True,0.19442147829589296,3.725290298461914e-09,True
72,mean,clean,1,4,False,True,0.693319950863424,7.450580596923828e-09,True
72,mean,clean,1,5,False,True,0.36102974047686176,7.450580596923828e-09,True
72,mean,clean,1,6,False,True,0.19442159281216934,3.725290298461914e-09,True
72,mean,clean,1,7,False,True,0.3487951434366131,3.725290298461914e-09,True
72,mean,clean,1,8,False,True,0.3581263021567981,7.450580596923828e-09,True
72,mean,clean,1,9,False,True,0.9880177001328659,3.725290298461914e-09,True
72,mean,clean,2,0,False,True,0.9999999403953534,7.450580596923828e-09,True
72,mean,clean,2,1,False,True,0.502677695095849,7.450580596923828e-09,True
72,mean,clean,2,2,False,True,0.3529878517738845,7.450580596923828e-09,True
72,mean,clean,2,3,False,True,0.19442143054333427,7.450580596923828e-09,True
72,mean,clean,2,4,False,True,0.6824731149471865,3.725290298461914e-09,True
72,mean,clean,2,5,False,True,0.35845300066805147,7.450580596923828e-09,True
72,mean,clean,2,6,False,True,0.1944216984964116,7.450580596923828e-09,True
72,mean,clean,2,7,False,True,0.3464271878422931,7.450580596923828e-09,True
72,mean,clean,2,8,False,True,0.35215987639432833,7.450580596923828e-09,True
72,mean,clean,2,9,False,True,0.9670921722417976,7.450580596923828e-09,True
72,mean,clean,3,0,False,True,0.9999999683350319,7.450580596923828e-09,True
72,mean,clean,3,1,False,True,0.49538155651199517,7.450580596923828e-09,True
72,mean,clean,3,2,False,True,0.3475996501127218,7.450580596923828e-09,True
72,mean,clean,3,3,False,True,0.1944212862377251,3.725290298461914e-09,True
72,mean,clean,3,4,False,True,0.6723416552809102,7.450580596923828e-09,True
72,mean,clean,3,5,False,True,0.3534300984543384,7.450580596923828e-09,True
72,mean,clean,3,6,False,True,0.19442154625719454,7.450580596923828e-09,True
72,mean,clean,3,7,False,True,0.34466071621154776,3.725290298461914e-09,True
72,mean,clean,3,8,False,True,0.3557751714946713,3.725290298461914e-09,True
72,mean,clean,3,9,False,True,0.9551109511150102,7.450580596923828e-09,True
72,mean,clean,4,0,False,True,1.0000000018626451,7.450580596923828e-09,True
72,mean,clean,4,1,False,True,0.4799569430751254,7.450580596923828e-09,True
72,mean,clean,4,2,False,True,0.3472393250268343,7.450580596923828e-09,True
72,mean,clean,4,3,False,True,0.1944208835586434,3.725290298461914e-09,True
72,mean,clean,4,4,False,True,0.6616730553467873,3.725290298461914e-09,True
72,mean,clean,4,5,False,True,0.34557247589145984,3.725290298461914e-09,True
72,mean,clean,4,6,False,True,0.19442170867562739,7.450580596923828e-09,True
72,mean,clean,4,7,False,True,0.3340538591194271,7.450580596923828e-09,True
72,mean,clean,4,8,False,True,0.3431705951475969,7.450580596923828e-09,True
72,mean,clean,4,9,False,True,0.9402022814691495,3.725290298461914e-09,True
72,mean,clean,5,0,False,True,0.9999999739229676,7.450580596923828e-09,True
72,mean,clean,5,1,False,True,0.4647924220573654,3.725290298461914e-09,True
72,mean,clean,5,2,False,True,0.33762067660312256,7.450580596923828e-09,True
72,mean,clean,5,3,False,True,0.1944156158705974,7.450580596923828e-09,True
72,mean,clean,5,4,False,True,0.6663291045186288,7.450580596923828e-09,True
72,mean,clean,5,5,False,True,0.33780339319510555,3.725290298461914e-09,True
72,mean,clean,5,6,False,True,0.19441826896852585,3.725290298461914e-09,True
72,mean,clean,5,7,False,True,0.33258422811742794,3.725290298461914e-09,True
72,mean,clean,5,8,False,True,0.34322856306132477,7.450580596923828e-09,True
72,mean,clean,5,9,False,True,0.9254197509388035,3.725290298461914e-09,True
72,mean,bounded_poisoning,1,0,True,True,1.0000000195577738,7.450580596923828e-09,False
72,mean,bounded_poisoning,1,1,False,True,0.5193176955490753,3.725290298461914e-09,True
72,mean,bounded_poisoning,1,2,False,True,0.36398208188145,3.725290298461914e-09,True
72,mean,bounded_poisoning,1,3,False,True,0.19442147829589296,3.725290298461914e-09,True
72,mean,bounded_poisoning,1,4,False,True,0.693319950863424,7.450580596923828e-09,True
72,mean,bounded_poisoning,1,5,False,True,0.36102974047686176,7.450580596923828e-09,True
72,mean,bounded_poisoning,1,6,False,True,0.19442159281216934,3.725290298461914e-09,True
72,mean,bounded_poisoning,1,7,False,True,0.3487951434366131,3.725290298461914e-09,True
72,mean,bounded_poisoning,1,8,False,True,0.3581263021567981,7.450580596923828e-09,True
72,mean,bounded_poisoning,1,9,True,True,0.999999988824129,7.450580596923828e-09,False
72,mean,bounded_poisoning,2,0,True,True,1.0000000167638061,7.450580596923828e-09,False
72,mean,bounded_poisoning,2,1,False,True,0.5165336452468752,3.725290298461914e-09,True
72,mean,bounded_poisoning,2,2,False,True,0.35749528833171695,3.725290298461914e-09,True
72,mean,bounded_poisoning,2,3,False,True,0.19442165029482383,7.450580596923828e-09,True
72,mean,bounded_poisoning,2,4,False,True,0.6919545569592936,3.725290298461914e-09,True
72,mean,bounded_poisoning,2,5,False,True,0.36172692966018244,3.725290298461914e-09,True
72,mean,bounded_poisoning,2,6,False,True,0.19442161167366723,7.450580596923828e-09,True
72,mean,bounded_poisoning,2,7,False,True,0.35498548567111354,7.450580596923828e-09,True
72,mean,bounded_poisoning,2,8,False,True,0.3598813281457719,7.450580596923828e-09,True
72,mean,bounded_poisoning,2,9,True,True,0.9999999841675161,7.450580596923828e-09,False
72,mean,bounded_poisoning,3,0,True,True,0.9999999431893213,7.450580596923828e-09,False
72,mean,bounded_poisoning,3,1,False,True,0.5194601399293267,7.450580596923828e-09,True
72,mean,bounded_poisoning,3,2,False,True,0.35406337402975324,7.450580596923828e-09,True
72,mean,bounded_poisoning,3,3,False,True,0.1944215160189091,3.725290298461914e-09,True
72,mean,bounded_poisoning,3,4,False,True,0.6860810111797715,7.450580596923828e-09,True
72,mean,bounded_poisoning,3,5,False,True,0.36087305112324236,7.450580596923828e-09,True
72,mean,bounded_poisoning,3,6,False,True,0.1944215642205302,7.450580596923828e-09,True
72,mean,bounded_poisoning,3,7,False,True,0.35147747826344056,3.725290298461914e-09,True
72,mean,bounded_poisoning,3,8,False,True,0.36379149325851123,3.725290298461914e-09,True
72,mean,bounded_poisoning,3,9,True,True,1.0000000018626451,3.725290298461914e-09,False
72,mean,bounded_poisoning,4,0,True,True,1.0000000121071935,7.450580596923828e-09,False
72,mean,bounded_poisoning,4,1,False,True,0.5135679366472308,7.450580596923828e-09,True
72,mean,bounded_poisoning,4,2,False,True,0.35732362294414566,3.725290298461914e-09,True
72,mean,bounded_poisoning,4,3,False,True,0.19442067129104454,7.450580596923828e-09,True
72,mean,bounded_poisoning,4,4,False,True,0.6736484730383058,7.450580596923828e-09,True
72,mean,bounded_poisoning,4,5,False,True,0.36192169665186585,7.450580596923828e-09,True
72,mean,bounded_poisoning,4,6,False,True,0.1944215833814197,7.450580596923828e-09,True
72,mean,bounded_poisoning,4,7,False,True,0.3460547829314704,7.450580596923828e-09,True
72,mean,bounded_poisoning,4,8,False,True,0.3583621892216682,7.450580596923828e-09,True
72,mean,bounded_poisoning,4,9,True,True,1.0000000884756406,7.450580596923828e-09,False
72,mean,bounded_poisoning,5,0,True,True,1.0000000204890964,7.450580596923828e-09,False
72,mean,bounded_poisoning,5,1,False,True,0.5135804832041617,3.725290298461914e-09,True
72,mean,bounded_poisoning,5,2,False,True,0.35013461882169594,7.450580596923828e-09,True
72,mean,bounded_poisoning,5,3,False,True,0.194416217809493,3.725290298461914e-09,True
72,mean,bounded_poisoning,5,4,False,True,0.6704486362169034,3.725290298461914e-09,True
72,mean,bounded_poisoning,5,5,False,True,0.3569148592983335,3.725290298461914e-09,True
72,mean,bounded_poisoning,5,6,False,True,0.19442139177243942,3.725290298461914e-09,True
72,mean,bounded_poisoning,5,7,False,True,0.3483405661435092,3.725290298461914e-09,True
72,mean,bounded_poisoning,5,8,False,True,0.35659610158575145,7.450580596923828e-09,True
72,mean,bounded_poisoning,5,9,True,True,0.999999982304871,7.450580596923828e-09,False
72,coordinate_median,clean,1,0,False,True,1.0000000195577738,7.450580596923828e-09,True
72,coordinate_median,clean,1,1,False,True,0.5193176955490753,3.725290298461914e-09,True
72,coordinate_median,clean,1,2,False,True,0.36398208188145,3.725290298461914e-09,True
72,coordinate_median,clean,1,3,False,True,0.19442147829589296,3.725290298461914e-09,True
72,coordinate_median,clean,1,4,False,True,0.693319950863424,7.450580596923828e-09,True
72,coordinate_median,clean,1,5,False,True,0.36102974047686176,7.450580596923828e-09,True
72,coordinate_median,clean,1,6,False,True,0.19442159281216934,3.725290298461914e-09,True
72,coordinate_median,clean,1,7,False,True,0.3487951434366131,3.725290298461914e-09,True
72,coordinate_median,clean,1,8,False,True,0.3581263021567981,7.450580596923828e-09,True
72,coordinate_median,clean,1,9,False,True,0.9880177001328659,3.725290298461914e-09,True
72,coordinate_median,clean,2,0,False,True,0.9999999664723868,7.450580596923828e-09,True
72,coordinate_median,clean,2,1,False,True,0.5035129063549885,3.725290298461914e-09,True
72,coordinate_median,clean,2,2,False,True,0.35122309732595586,7.450580596923828e-09,True
72,coordinate_median,clean,2,3,False,True,0.19441913152069226,7.450580596923828e-09,True
72,coordinate_median,clean,2,4,False,True,0.6821605808820116,7.450580596923828e-09,True
72,coordinate_median,clean,2,5,False,True,0.3584958721654836,7.450580596923828e-09,True
72,coordinate_median,clean,2,6,False,True,0.1944217083762387,3.725290298461914e-09,True
72,coordinate_median,clean,2,7,False,True,0.347641885988445,7.450580596923828e-09,True
72,coordinate_median,clean,2,8,False,True,0.35263398819634506,7.450580596923828e-09,True
72,coordinate_median,clean,2,9,False,True,0.9720384711748654,7.450580596923828e-09,True
72,coordinate_median,clean,3,0,False,True,0.9999999646097415,7.450580596923828e-09,True
72,coordinate_median,clean,3,1,False,True,0.4969346647345114,7.450580596923828e-09,True
72,coordinate_median,clean,3,2,False,True,0.34397484425394115,7.450580596923828e-09,True
72,coordinate_median,clean,3,3,False,True,0.1944214604822439,7.450580596923828e-09,True
72,coordinate_median,clean,3,4,False,True,0.6708399568081681,7.450580596923828e-09,True
72,coordinate_median,clean,3,5,False,True,0.355642966726795,3.725290298461914e-09,True
72,coordinate_median,clean,3,6,False,True,0.19442146946391592,7.450580596923828e-09,True
72,coordinate_median,clean,3,7,False,True,0.34566682218147726,3.725290298461914e-09,True
72,coordinate_median,clean,3,8,False,True,0.3574285079908619,3.725290298461914e-09,True
72,coordinate_median,clean,3,9,False,True,0.9505770358579406,7.450580596923828e-09,True
72,coordinate_median,clean,4,0,False,True,1.0000000391155475,7.450580596923828e-09,True
72,coordinate_median,clean,4,1,False,True,0.4850460046248505,7.450580596923828e-09,True
72,coordinate_median,clean,4,2,False,True,0.346417573781174,3.725290298461914e-09,True
72,coordinate_median,clean,4,3,False,True,0.1944195033660202,3.725290298461914e-09,True
72,coordinate_median,clean,4,4,False,True,0.6620084234094599,3.725290298461914e-09,True
72,coordinate_median,clean,4,5,False,True,0.34973930097082373,3.725290298461914e-09,True
72,coordinate_median,clean,4,6,False,True,0.19442154580811113,7.450580596923828e-09,True
72,coordinate_median,clean,4,7,False,True,0.3413429413513664,3.725290298461914e-09,True
72,coordinate_median,clean,4,8,False,True,0.34361462033720497,3.725290298461914e-09,True
72,coordinate_median,clean,4,9,False,True,0.9439076011397352,7.450580596923828e-09,True
72,coordinate_median,clean,5,0,False,True,1.000000033527612,7.450580596923828e-09,True
72,coordinate_median,clean,5,1,False,True,0.4754162995975975,3.725290298461914e-09,True
72,coordinate_median,clean,5,2,False,True,0.3387542001692154,3.725290298461914e-09,True
72,coordinate_median,clean,5,3,False,True,0.19442036621210096,3.725290298461914e-09,True
72,coordinate_median,clean,5,4,False,True,0.6675702657622001,7.450580596923828e-09,True
72,coordinate_median,clean,5,5,False,True,0.3408684959482026,3.725290298461914e-09,True
72,coordinate_median,clean,5,6,False,True,0.1944216312836353,3.725290298461914e-09,True
72,coordinate_median,clean,5,7,False,True,0.3322049082993728,7.450580596923828e-09,True
72,coordinate_median,clean,5,8,False,True,0.3451002759087575,7.450580596923828e-09,True
72,coordinate_median,clean,5,9,False,True,0.9303195531876928,7.450580596923828e-09,True
72,coordinate_median,bounded_poisoning,1,0,True,True,1.0000000195577738,7.450580596923828e-09,False
72,coordinate_median,bounded_poisoning,1,1,False,True,0.5193176955490753,3.725290298461914e-09,True
72,coordinate_median,bounded_poisoning,1,2,False,True,0.36398208188145,3.725290298461914e-09,True
72,coordinate_median,bounded_poisoning,1,3,False,True,0.19442147829589296,3.725290298461914e-09,True
72,coordinate_median,bounded_poisoning,1,4,False,True,0.693319950863424,7.450580596923828e-09,True
72,coordinate_median,bounded_poisoning,1,5,False,True,0.36102974047686176,7.450580596923828e-09,True
72,coordinate_median,bounded_poisoning,1,6,False,True,0.19442159281216934,3.725290298461914e-09,True
72,coordinate_median,bounded_poisoning,1,7,False,True,0.3487951434366131,3.725290298461914e-09,True
72,coordinate_median,bounded_poisoning,1,8,False,True,0.3581263021567981,7.450580596923828e-09,True
72,coordinate_median,bounded_poisoning,1,9,True,True,0.999999988824129,7.450580596923828e-09,False
72,coordinate_median,bounded_poisoning,2,0,True,True,0.9999999199062554,7.450580596923828e-09,False
72,coordinate_median,bounded_poisoning,2,1,False,True,0.5124537661897035,7.450580596923828e-09,True
72,coordinate_median,bounded_poisoning,2,2,False,True,0.3569712808128241,3.725290298461914e-09,True
72,coordinate_median,bounded_poisoning,2,3,False,True,0.19442138234168005,3.725290298461914e-09,True
72,coordinate_median,bounded_poisoning,2,4,False,True,0.6886786171144419,3.725290298461914e-09,True
72,coordinate_median,bounded_poisoning,2,5,False,True,0.36342184425120816,7.450580596923828e-09,True
72,coordinate_median,bounded_poisoning,2,6,False,True,0.19442157365128074,7.450580596923828e-09,True
72,coordinate_median,bounded_poisoning,2,7,False,True,0.35198941535861406,7.450580596923828e-09,True
72,coordinate_median,bounded_poisoning,2,8,False,True,0.3600392254409678,7.450580596923828e-09,True
72,coordinate_median,bounded_poisoning,2,9,True,True,0.9999999199062554,7.450580596923828e-09,False
72,coordinate_median,bounded_poisoning,3,0,True,True,0.9999999720603223,7.450580596923828e-09,False
72,coordinate_median,bounded_poisoning,3,1,False,True,0.5124056679130896,3.725290298461914e-09,True
72,coordinate_median,bounded_poisoning,3,2,False,True,0.3529015167785861,3.725290298461914e-09,True
72,coordinate_median,bounded_poisoning,3,3,False,True,0.1944210850479833,3.725290298461914e-09,True
72,coordinate_median,bounded_poisoning,3,4,False,True,0.6843886583360997,7.450580596923828e-09,True
72,coordinate_median,bounded_poisoning,3,5,False,True,0.36221687230759403,7.450580596923828e-09,True
72,coordinate_median,bounded_poisoning,3,6,False,True,0.19442162230197077,7.450580596923828e-09,True
72,coordinate_median,bounded_poisoning,3,7,False,True,0.35204348477224107,3.725290298461914e-09,True
72,coordinate_median,bounded_poisoning,3,8,False,True,0.3648761829427982,7.450580596923828e-09,True
72,coordinate_median,bounded_poisoning,3,9,True,True,1.0000000074505806,3.725290298461914e-09,False
72,coordinate_median,bounded_poisoning,4,0,True,True,0.9999999459832892,7.450580596923828e-09,False
72,coordinate_median,bounded_poisoning,4,1,False,True,0.5050247267783976,7.450580596923828e-09,True
72,coordinate_median,bounded_poisoning,4,2,False,True,0.3528381334590636,3.725290298461914e-09,True
72,coordinate_median,bounded_poisoning,4,3,False,True,0.19441553727858715,7.450580596923828e-09,True
72,coordinate_median,bounded_poisoning,4,4,False,True,0.6702337560829803,7.450580596923828e-09,True
72,coordinate_median,bounded_poisoning,4,5,False,True,0.36026934232341723,3.725290298461914e-09,True
72,coordinate_median,bounded_poisoning,4,6,False,True,0.19442171735789923,3.725290298461914e-09,True
72,coordinate_median,bounded_poisoning,4,7,False,True,0.34517197362992397,7.450580596923828e-09,True
72,coordinate_median,bounded_poisoning,4,8,False,True,0.35771332385599186,3.725290298461914e-09,True
72,coordinate_median,bounded_poisoning,4,9,True,True,0.999999977648258,7.450580596923828e-09,False
72,coordinate_median,bounded_poisoning,5,0,True,True,0.9999999711289997,3.725290298461914e-09,False
72,coordinate_median,bounded_poisoning,5,1,False,True,0.5063171704016204,3.725290298461914e-09,True
72,coordinate_median,bounded_poisoning,5,2,False,True,0.34826087044413656,3.725290298461914e-09,True
72,coordinate_median,bounded_poisoning,5,3,False,True,0.19442028043662973,7.450580596923828e-09,True
72,coordinate_median,bounded_poisoning,5,4,False,True,0.6658658414365803,7.450580596923828e-09,True
72,coordinate_median,bounded_poisoning,5,5,False,True,0.35306835299108863,7.450580596923828e-09,True
72,coordinate_median,bounded_poisoning,5,6,False,True,0.19442170927440477,3.725290298461914e-09,True
72,coordinate_median,bounded_poisoning,5,7,False,True,0.34171703427912714,7.450580596923828e-09,True
72,coordinate_median,bounded_poisoning,5,8,False,True,0.3534418659426449,7.450580596923828e-09,True
72,coordinate_median,bounded_poisoning,5,9,True,True,0.9999998770654126,7.450580596923828e-09,False
72,trimmed_mean,clean,1,0,False,True,1.0000000195577738,7.450580596923828e-09,True
72,trimmed_mean,clean,1,1,False,True,0.5193176955490753,3.725290298461914e-09,True
72,trimmed_mean,clean,1,2,False,True,0.36398208188145,3.725290298461914e-09,True
72,trimmed_mean,clean,1,3,False,True,0.19442147829589296,3.725290298461914e-09,True
72,trimmed_mean,clean,1,4,False,True,0.693319950863424,7.450580596923828e-09,True
72,trimmed_mean,clean,1,5,False,True,0.36102974047686176,7.450580596923828e-09,True
72,trimmed_mean,clean,1,6,False,True,0.19442159281216934,3.725290298461914e-09,True
72,trimmed_mean,clean,1,7,False,True,0.3487951434366131,3.725290298461914e-09,True
72,trimmed_mean,clean,1,8,False,True,0.3581263021567981,7.450580596923828e-09,True
72,trimmed_mean,clean,1,9,False,True,0.9880177001328659,3.725290298461914e-09,True
72,trimmed_mean,clean,2,0,False,True,1.0000000176951287,7.450580596923828e-09,True
72,trimmed_mean,clean,2,1,False,True,0.5026617327065909,7.450580596923828e-09,True
72,trimmed_mean,clean,2,2,False,True,0.35377258767215736,7.450580596923828e-09,True
72,trimmed_mean,clean,2,3,False,True,0.19442125794543022,3.725290298461914e-09,True
72,trimmed_mean,clean,2,4,False,True,0.6819071119001988,7.450580596923828e-09,True
72,trimmed_mean,clean,2,5,False,True,0.35916146317194997,7.450580596923828e-09,True
72,trimmed_mean,clean,2,6,False,True,0.19442172723772536,3.725290298461914e-09,True
72,trimmed_mean,clean,2,7,False,True,0.34807795627713367,7.450580596923828e-09,True
72,trimmed_mean,clean,2,8,False,True,0.35266208747584027,7.450580596923828e-09,True
72,trimmed_mean,clean,2,9,False,True,0.9704848711891685,7.450580596923828e-09,True
72,trimmed_mean,clean,3,0,False,True,0.9999999897554517,7.450580596923828e-09,True
72,trimmed_mean,clean,3,1,False,True,0.49734206162806394,7.450580596923828e-09,True
72,trimmed_mean,clean,3,2,False,True,0.3465135633007626,3.725290298461914e-09,True
72,trimmed_mean,clean,3,3,False,True,0.19441375585116613,7.450580596923828e-09,True
72,trimmed_mean,clean,3,4,False,True,0.6722673259017591,7.450580596923828e-09,True
72,trimmed_mean,clean,3,5,False,True,0.3536279059422294,7.450580596923828e-09,True
72,trimmed_mean,clean,3,6,False,True,0.1944216224516652,7.450580596923828e-09,True
72,trimmed_mean,clean,3,7,False,True,0.3442871292437779,3.725290298461914e-09,True
72,trimmed_mean,clean,3,8,False,True,0.3592721196427572,3.725290298461914e-09,True
72,trimmed_mean,clean,3,9,False,True,0.9524166883493714,7.450580596923828e-09,True
72,trimmed_mean,clean,4,0,False,True,0.9999999329447724,7.450580596923828e-09,True
72,trimmed_mean,clean,4,1,False,True,0.4827373386337769,7.450580596923828e-09,True
72,trimmed_mean,clean,4,2,False,True,0.34506448826144054,7.450580596923828e-09,True
72,trimmed_mean,clean,4,3,False,True,0.19441710387332994,3.725290298461914e-09,True
72,trimmed_mean,clean,4,4,False,True,0.661161119962265,7.450580596923828e-09,True
72,trimmed_mean,clean,4,5,False,True,0.3476449587547461,7.450580596923828e-09,True
72,trimmed_mean,clean,4,6,False,True,0.19442144940484787,7.450580596923828e-09,True
72,trimmed_mean,clean,4,7,False,True,0.33560589778051086,3.725290298461914e-09,True
72,trimmed_mean,clean,4,8,False,True,0.3446743968905257,3.725290298461914e-09,True
72,trimmed_mean,clean,4,9,False,True,0.9454415426372736,7.450580596923828e-09,True
72,trimmed_mean,clean,5,0,False,True,1.0000000149011612,7.450580596923828e-09,True
72,trimmed_mean,clean,5,1,False,True,0.47059326156042686,7.450580596923828e-09,True
72,trimmed_mean,clean,5,2,False,True,0.3380272732308823,7.450580596923828e-09,True
72,trimmed_mean,clean,5,3,False,True,0.194419427021023,3.725290298461914e-09,True
72,trimmed_mean,clean,5,4,False,True,0.6667092066500434,7.450580596923828e-09,True
72,trimmed_mean,clean,5,5,False,True,0.3383781173691354,3.725290298461914e-09,True
72,trimmed_mean,clean,5,6,False,True,0.19442126797497436,7.450580596923828e-09,True
72,trimmed_mean,clean,5,7,False,True,0.33395978595888853,7.450580596923828e-09,True
72,trimmed_mean,clean,5,8,False,True,0.34408066908727025,7.450580596923828e-09,True
72,trimmed_mean,clean,5,9,False,True,0.929732782399102,7.450580596923828e-09,True
72,trimmed_mean,bounded_poisoning,1,0,True,True,1.0000000195577738,7.450580596923828e-09,False
72,trimmed_mean,bounded_poisoning,1,1,False,True,0.5193176955490753,3.725290298461914e-09,True
72,trimmed_mean,bounded_poisoning,1,2,False,True,0.36398208188145,3.725290298461914e-09,True
72,trimmed_mean,bounded_poisoning,1,3,False,True,0.19442147829589296,3.725290298461914e-09,True
72,trimmed_mean,bounded_poisoning,1,4,False,True,0.693319950863424,7.450580596923828e-09,True
72,trimmed_mean,bounded_poisoning,1,5,False,True,0.36102974047686176,7.450580596923828e-09,True
72,trimmed_mean,bounded_poisoning,1,6,False,True,0.19442159281216934,3.725290298461914e-09,True
72,trimmed_mean,bounded_poisoning,1,7,False,True,0.3487951434366131,3.725290298461914e-09,True
72,trimmed_mean,bounded_poisoning,1,8,False,True,0.3581263021567981,7.450580596923828e-09,True
72,trimmed_mean,bounded_poisoning,1,9,True,True,0.999999988824129,7.450580596923828e-09,False
72,trimmed_mean,bounded_poisoning,2,0,True,True,0.999999993480742,7.450580596923828e-09,False
72,trimmed_mean,bounded_poisoning,2,1,False,True,0.5151983572255093,3.725290298461914e-09,True
72,trimmed_mean,bounded_poisoning,2,2,False,True,0.35736336385485484,7.450580596923828e-09,True
72,trimmed_mean,bounded_poisoning,2,3,False,True,0.19442149790587449,3.725290298461914e-09,True
72,trimmed_mean,bounded_poisoning,2,4,False,True,0.6905888552021211,7.450580596923828e-09,True
72,trimmed_mean,bounded_poisoning,2,5,False,True,0.363871826279496,7.450580596923828e-09,True
72,trimmed_mean,bounded_poisoning,2,6,False,True,0.1944216020932241,7.450580596923828e-09,True
72,trimmed_mean,bounded_poisoning,2,7,False,True,0.35338339519227097,7.450580596923828e-09,True
72,trimmed_mean,bounded_poisoning,2,8,False,True,0.3590522400633722,7.450580596923828e-09,True
72,trimmed_mean,bounded_poisoning,2,9,True,True,1.0000000493600953,7.450580596923828e-09,False
72,trimmed_mean,bounded_poisoning,3,0,True,True,0.9999999869614838,7.450580596923828e-09,False
72,trimmed_mean,bounded_poisoning,3,1,False,True,0.5144906286133898,3.725290298461914e-09,True
72,trimmed_mean,bounded_poisoning,3,2,False,True,0.3528302392325464,7.450580596923828e-09,True
72,trimmed_mean,bounded_poisoning,3,3,False,True,0.19442152604843993,3.725290298461914e-09,True
72,trimmed_mean,bounded_poisoning,3,4,False,True,0.6837752040089553,7.450580596923828e-09,True
72,trimmed_mean,bounded_poisoning,3,5,False,True,0.3613553655511398,3.725290298461914e-09,True
72,trimmed_mean,bounded_poisoning,3,6,False,True,0.19442162170319313,3.725290298461914e-09,True
72,trimmed_mean,bounded_poisoning,3,7,False,True,0.35097299265120707,3.725290298461914e-09,True
72,trimmed_mean,bounded_poisoning,3,8,False,True,0.3634028090376328,3.725290298461914e-09,True
72,trimmed_mean,bounded_poisoning,3,9,True,True,1.0000000447034827,3.725290298461914e-09,False
72,trimmed_mean,bounded_poisoning,4,0,True,True,0.9999999683350319,3.725290298461914e-09,False
72,trimmed_mean,bounded_poisoning,4,1,False,True,0.5093740771876208,7.450580596923828e-09,True
72,trimmed_mean,bounded_poisoning,4,2,False,True,0.3550160664336188,3.725290298461914e-09,True
72,trimmed_mean,bounded_poisoning,4,3,False,True,0.19442069030232695,7.450580596923828e-09,True
72,trimmed_mean,bounded_poisoning,4,4,False,True,0.6676439295814197,7.450580596923828e-09,True
72,trimmed_mean,bounded_poisoning,4,5,False,True,0.3612396966493416,7.450580596923828e-09,True
72,trimmed_mean,bounded_poisoning,4,6,False,True,0.19442173636907936,7.450580596923828e-09,True
72,trimmed_mean,bounded_poisoning,4,7,False,True,0.34526209629245835,7.450580596923828e-09,True
72,trimmed_mean,bounded_poisoning,4,8,False,True,0.3561441488293331,3.725290298461914e-09,True
72,trimmed_mean,bounded_poisoning,4,9,True,True,0.9999999767169354,7.450580596923828e-09,False
72,trimmed_mean,bounded_poisoning,5,0,True,True,0.9999999813735483,3.725290298461914e-09,False
72,trimmed_mean,bounded_poisoning,5,1,False,True,0.5051812271379169,7.450580596923828e-09,True
72,trimmed_mean,bounded_poisoning,5,2,False,True,0.34729727484434236,3.725290298461914e-09,True
72,trimmed_mean,bounded_poisoning,5,3,False,True,0.19442095990306868,7.450580596923828e-09,True
72,trimmed_mean,bounded_poisoning,5,4,False,True,0.6648419132778827,3.725290298461914e-09,True
72,trimmed_mean,bounded_poisoning,5,5,False,True,0.35586952480001166,3.725290298461914e-09,True
72,trimmed_mean,bounded_poisoning,5,6,False,True,0.19442067383586198,3.725290298461914e-09,True
72,trimmed_mean,bounded_poisoning,5,7,False,True,0.34167003662336853,7.450580596923828e-09,True
72,trimmed_mean,bounded_poisoning,5,8,False,True,0.3528559187424136,7.450580596923828e-09,True
72,trimmed_mean,bounded_poisoning,5,9,True,True,1.000000033527612,7.450580596923828e-09,False
82,mean,clean,1,0,False,True,0.19442138264106923,3.725290298461914e-09,True
82,mean,clean,1,1,False,True,0.5259903680736864,7.450580596923828e-09,True
82,mean,clean,1,2,False,True,0.9911829018973572,7.450580596923828e-09,True
82,mean,clean,1,3,False,True,1.0000000055879354,7.450580596923828e-09,True
82,mean,clean,1,4,False,True,0.6907519285907358,3.725290298461914e-09,True
82,mean,clean,1,5,False,True,0.35144866749528536,3.725290298461914e-09,True
82,mean,clean,1,6,False,True,0.5280308318194883,7.450580596923828e-09,True
82,mean,clean,1,7,False,True,0.1944213251583356,7.450580596923828e-09,True
82,mean,clean,1,8,False,True,0.19442167005448238,7.450580596923828e-09,True
82,mean,clean,1,9,False,True,0.19442154550872218,7.450580596923828e-09,True
82,mean,clean,2,0,False,True,0.19442149760648547,7.450580596923828e-09,True
82,mean,clean,2,1,False,True,0.5178699197203759,7.450580596923828e-09,True
82,mean,clean,2,2,False,True,0.9474237260920718,7.450580596923828e-09,True
82,mean,clean,2,3,False,True,1.000000013038516,7.450580596923828e-09,True
82,mean,clean,2,4,False,True,0.6714586878263319,7.450580596923828e-09,True
82,mean,clean,2,5,False,True,0.34389691268187944,3.725290298461914e-09,True
82,mean,clean,2,6,False,True,0.5161592269988753,7.450580596923828e-09,True
82,mean,clean,2,7,False,True,0.19442124836496966,3.725290298461914e-09,True
82,mean,clean,2,8,False,True,0.19442032803977552,7.450580596923828e-09,True
82,mean,clean,2,9,False,True,0.1944214784455875,3.725290298461914e-09,True
82,mean,clean,3,0,False,True,0.1944214399740913,3.725290298461914e-09,True
82,mean,clean,3,1,False,True,0.5049350635857793,7.450580596923828e-09,True
82,mean,clean,3,2,False,True,0.9129565550175569,7.450580596923828e-09,True
82,mean,clean,3,3,False,True,0.9999999832361935,7.450580596923828e-09,True
82,mean,clean,3,4,False,True,0.6498313402156762,7.450580596923828e-09,True
82,mean,clean,3,5,False,True,0.33491709828223887,3.725290298461914e-09,True
82,mean,clean,3,6,False,True,0.5080153110710441,7.450580596923828e-09,True
82,mean,clean,3,7,False,True,0.19442007041380652,7.450580596923828e-09,True
82,mean,clean,3,8,False,True,0.19442100855391228,3.725290298461914e-09,True
82,mean,clean,3,9,False,True,0.19442143174089074,7.450580596923828e-09,True
82,mean,clean,4,0,False,True,0.19442090346807483,3.725290298461914e-09,True
82,mean,clean,4,1,False,True,0.49184574408196335,7.450580596923828e-09,True
82,mean,clean,4,2,False,True,0.8922648902788504,7.450580596923828e-09,True
82,mean,clean,4,3,False,True,1.0000000391155475,7.450580596923828e-09,True
82,mean,clean,4,4,False,True,0.6431347174195324,3.725290298461914e-09,True
82,mean,clean,4,5,False,True,0.33801833465269326,3.725290298461914e-09,True
82,mean,clean,4,6,False,True,0.4971063133385568,7.450580596923828e-09,True
82,mean,clean,4,7,False,True,0.19442115300942234,7.450580596923828e-09,True
82,mean,clean,4,8,False,True,0.19442150778571177,7.450580596923828e-09,True
82,mean,clean,4,9,False,True,0.19442058806052648,3.725290298461914e-09,True
82,mean,clean,5,0,False,True,0.19442142021440936,3.725290298461914e-09,True
82,mean,clean,5,1,False,True,0.4942079444496062,3.725290298461914e-09,True
82,mean,clean,5,2,False,True,0.872322833034046,3.725290298461914e-09,True
82,mean,clean,5,3,False,True,0.9999999739229676,7.450580596923828e-09,True
82,mean,clean,5,4,False,True,0.6259342214990802,7.450580596923828e-09,True
82,mean,clean,5,5,False,True,0.34368884459710053,7.450580596923828e-09,True
82,mean,clean,5,6,False,True,0.4947287142488814,3.725290298461914e-09,True
82,mean,clean,5,7,False,True,0.1944208545178149,7.450580596923828e-09,True
82,mean,clean,5,8,False,True,0.19442137246183638,3.725290298461914e-09,True
82,mean,clean,5,9,False,True,0.19442157514822522,3.725290298461914e-09,True
82,mean,bounded_poisoning,1,0,False,True,0.19442138264106923,3.725290298461914e-09,True
82,mean,bounded_poisoning,1,1,False,True,0.5259903680736864,7.450580596923828e-09,True
82,mean,bounded_poisoning,1,2,True,True,1.0000000018626451,7.450580596923828e-09,False
82,mean,bounded_poisoning,1,3,True,True,1.0000000055879354,7.450580596923828e-09,False
82,mean,bounded_poisoning,1,4,False,True,0.6907519285907358,3.725290298461914e-09,True
82,mean,bounded_poisoning,1,5,False,True,0.35144866749528536,3.725290298461914e-09,True
82,mean,bounded_poisoning,1,6,False,True,0.5280308318194883,7.450580596923828e-09,True
82,mean,bounded_poisoning,1,7,False,True,0.1944213251583356,7.450580596923828e-09,True
82,mean,bounded_poisoning,1,8,False,True,0.19442167005448238,7.450580596923828e-09,True
82,mean,bounded_poisoning,1,9,False,True,0.19442154550872218,7.450580596923828e-09,True
82,mean,bounded_poisoning,2,0,False,True,0.1944216892153615,3.725290298461914e-09,True
82,mean,bounded_poisoning,2,1,False,True,0.5235173783630875,7.450580596923828e-09,True
82,mean,bounded_poisoning,2,2,True,True,1.0000000204890964,3.725290298461914e-09,False
82,mean,bounded_poisoning,2,3,True,True,0.9999999571591607,7.450580596923828e-09,False
82,mean,bounded_poisoning,2,4,False,True,0.6888541275270332,7.450580596923828e-09,True
82,mean,bounded_poisoning,2,5,False,True,0.3462335946884548,3.725290298461914e-09,True
82,mean,bounded_poisoning,2,6,False,True,0.5257732414483081,7.450580596923828e-09,True
82,mean,bounded_poisoning,2,7,False,True,0.19442125809512492,3.725290298461914e-09,True
82,mean,bounded_poisoning,2,8,False,True,0.19442150718693377,3.725290298461914e-09,True
82,mean,bounded_poisoning,2,9,False,True,0.19442174669798745,7.450580596923828e-09,True
82,mean,bounded_poisoning,3,0,False,True,0.19442163248119054,3.725290298461914e-09,True
82,mean,bounded_poisoning,3,1,False,True,0.5203182280464305,7.450580596923828e-09,True
82,mean,bounded_poisoning,3,2,True,True,0.999999977648258,7.450580596923828e-09,False
82,mean,bounded_poisoning,3,3,True,True,1.0,7.450580596923828e-09,False
82,mean,bounded_poisoning,3,4,False,True,0.6828311433418358,7.450580596923828e-09,True
82,mean,bounded_poisoning,3,5,False,True,0.33937054778977993,7.450580596923828e-09,True
82,mean,bounded_poisoning,3,6,False,True,0.527398051892265,7.450580596923828e-09,True
82,mean,bounded_poisoning,3,7,False,True,0.19442130599742063,7.450580596923828e-09,True
82,mean,bounded_poisoning,3,8,False,True,0.19442162215227635,3.725290298461914e-09,True
82,mean,bounded_poisoning,3,9,False,True,0.19442158457897527,7.450580596923828e-09,True
82,mean,bounded_poisoning,4,0,False,True,0.19442145973377123,3.725290298461914e-09,True
82,mean,bounded_poisoning,4,1,False,True,0.5126266274538289,3.725290298461914e-09,True
82,mean,bounded_poisoning,4,2,True,True,1.0000000055879354,7.450580596923828e-09,False
82,mean,bounded_poisoning,4,3,True,True,1.000000011175871,7.450580596923828e-09,False
82,mean,bounded_poisoning,4,4,False,True,0.6859223127041545,7.450580596923828e-09,True
82,mean,bounded_poisoning,4,5,False,True,0.3478590077332214,7.450580596923828e-09,True
82,mean,bounded_poisoning,4,6,False,True,0.5211807217002223,3.725290298461914e-09,True
82,mean,bounded_poisoning,4,7,False,True,0.19442127710634993,7.450580596923828e-09,True
82,mean,bounded_poisoning,4,8,False,True,0.1944209799621872,3.725290298461914e-09,True
82,mean,bounded_poisoning,4,9,False,True,0.1944216508936014,3.725290298461914e-09,True
82,mean,bounded_poisoning,5,0,False,True,0.19442164176224339,3.725290298461914e-09,True
82,mean,bounded_poisoning,5,1,False,True,0.5144556524117617,7.450580596923828e-09,True
82,mean,bounded_poisoning,5,2,True,True,1.0000000195577738,7.450580596923828e-09,False
82,mean,bounded_poisoning,5,3,True,True,1.0000000251457093,7.450580596923828e-09,False
82,mean,bounded_poisoning,5,4,False,True,0.684704008393079,7.450580596923828e-09,True
82,mean,bounded_poisoning,5,5,False,True,0.34829304304272196,7.450580596923828e-09,True
82,mean,bounded_poisoning,5,6,False,True,0.5196047915487525,3.725290298461914e-09,True
82,mean,bounded_poisoning,5,7,False,True,0.19442140165228208,7.450580596923828e-09,True
82,mean,bounded_poisoning,5,8,False,True,0.19442127695665526,7.450580596923828e-09,True
82,mean,bounded_poisoning,5,9,False,True,0.19441624744980826,3.725290298461914e-09,True
82,coordinate_median,clean,1,0,False,True,0.19442138264106923,3.725290298461914e-09,True
82,coordinate_median,clean,1,1,False,True,0.5259903680736864,7.450580596923828e-09,True
82,coordinate_median,clean,1,2,False,True,0.9911829018973572,7.450580596923828e-09,True
82,coordinate_median,clean,1,3,False,True,1.0000000055879354,7.450580596923828e-09,True
82,coordinate_median,clean,1,4,False,True,0.6907519285907358,3.725290298461914e-09,True
82,coordinate_median,clean,1,5,False,True,0.35144866749528536,3.725290298461914e-09,True
82,coordinate_median,clean,1,6,False,True,0.5280308318194883,7.450580596923828e-09,True
82,coordinate_median,clean,1,7,False,True,0.1944213251583356,7.450580596923828e-09,True
82,coordinate_median,clean,1,8,False,True,0.19442167005448238,7.450580596923828e-09,True
82,coordinate_median,clean,1,9,False,True,0.19442154550872218,7.450580596923828e-09,True
82,coordinate_median,clean,2,0,False,True,0.19442165104329578,7.450580596923828e-09,True
82,coordinate_median,clean,2,1,False,True,0.5187235259214791,7.450580596923828e-09,True
82,coordinate_median,clean,2,2,False,True,0.950269814772621,7.450580596923828e-09,True
82,coordinate_median,clean,2,3,False,True,1.0000000353902572,7.450580596923828e-09,True
82,coordinate_median,clean,2,4,False,True,0.6738334593354423,3.725290298461914e-09,True
82,coordinate_median,clean,2,5,False,True,0.3445321384459564,3.725290298461914e-09,True
82,coordinate_median,clean,2,6,False,True,0.5178129693527316,7.450580596923828e-09,True
82,coordinate_median,clean,2,7,False,True,0.19442064479500218,3.725290298461914e-09,True
82,coordinate_median,clean,2,8,False,True,0.194421305398642,3.725290298461914e-09,True
82,coordinate_median,clean,2,9,False,True,0.19442150718693377,7.450580596923828e-09,True
82,coordinate_median,clean,3,0,False,True,0.19442170882532173,3.725290298461914e-09,True
82,coordinate_median,clean,3,1,False,True,0.5014048701139835,7.450580596923828e-09,True
82,coordinate_median,clean,3,2,False,True,0.9162914180192742,7.450580596923828e-09,True
82,coordinate_median,clean,3,3,False,True,0.999999941326676,7.450580596923828e-09,True
82,coordinate_median,clean,3,4,False,True,0.6504402406629175,7.450580596923828e-09,True
82,coordinate_median,clean,3,5,False,True,0.33258732764165094,7.450580596923828e-09,True
82,coordinate_median,clean,3,6,False,True,0.5037370266394496,7.450580596923828e-09,True
82,coordinate_median,clean,3,7,False,True,0.19442136377954913,3.725290298461914e-09,True
82,coordinate_median,clean,3,8,False,True,0.1944206623093357,3.725290298461914e-09,True
82,coordinate_median,clean,3,9,False,True,0.19442147964314366,7.450580596923828e-09,True
82,coordinate_median,clean,4,0,False,True,0.1944208843071183,7.450580596923828e-09,True
82,coordinate_median,clean,4,1,False,True,0.49131373539438594,7.450580596923828e-09,True
82,coordinate_median,clean,4,2,False,True,0.901357275638658,7.450580596923828e-09,True
82,coordinate_median,clean,4,3,False,True,1.0000000186264513,7.450580596923828e-09,True
82,coordinate_median,clean,4,4,False,True,0.63985585860904,7.450580596923828e-09,True
82,coordinate_median,clean,4,5,False,True,0.3378230410443378,7.450580596923828e-09,True
82,coordinate_median,clean,4,6,False,True,0.4964690947413501,7.450580596923828e-09,True
82,coordinate_median,clean,4,7,False,True,0.19442124776619085,7.450580596923828e-09,True
82,coordinate_median,clean,4,8,False,True,0.19442137365939322,7.450580596923828e-09,True
82,coordinate_median,clean,4,9,False,True,0.19442165134268455,3.725290298461914e-09,True
82,coordinate_median,clean,5,0,False,True,0.19442144940484787,3.725290298461914e-09,True
82,coordinate_median,clean,5,1,False,True,0.4929177320563018,3.725290298461914e-09,True
82,coordinate_median,clean,5,2,False,True,0.878144149978727,7.450580596923828e-09,True
82,coordinate_median,clean,5,3,False,True,1.000000091269608,7.450580596923828e-09,True
82,coordinate_median,clean,5,4,False,True,0.628387630503934,3.725290298461914e-09,True
82,coordinate_median,clean,5,5,False,True,0.3418098212242614,3.725290298461914e-09,True
82,coordinate_median,clean,5,6,False,True,0.4970208726139578,7.450580596923828e-09,True
82,coordinate_median,clean,5,7,False,True,0.19441942791919958,7.450580596923828e-09,True
82,coordinate_median,clean,5,8,False,True,0.19442123893420332,7.450580596923828e-09,True
82,coordinate_median,clean,5,9,False,True,0.19442085646384996,7.450580596923828e-09,True
82,coordinate_median,bounded_poisoning,1,0,False,True,0.19442138264106923,3.725290298461914e-09,True
82,coordinate_median,bounded_poisoning,1,1,False,True,0.5259903680736864,7.450580596923828e-09,True
82,coordinate_median,bounded_poisoning,1,2,True,True,1.0000000018626451,7.450580596923828e-09,False
82,coordinate_median,bounded_poisoning,1,3,True,True,1.0000000055879354,7.450580596923828e-09,False
82,coordinate_median,bounded_poisoning,1,4,False,True,0.6907519285907358,3.725290298461914e-09,True
82,coordinate_median,bounded_poisoning,1,5,False,True,0.35144866749528536,3.725290298461914e-09,True
82,coordinate_median,bounded_poisoning,1,6,False,True,0.5280308318194883,7.450580596923828e-09,True
82,coordinate_median,bounded_poisoning,1,7,False,True,0.1944213251583356,7.450580596923828e-09,True
82,coordinate_median,bounded_poisoning,1,8,False,True,0.19442167005448238,7.450580596923828e-09,True
82,coordinate_median,bounded_poisoning,1,9,False,True,0.19442154550872218,7.450580596923828e-09,True
82,coordinate_median,bounded_poisoning,2,0,False,True,0.19442154595780559,3.725290298461914e-09,True
82,coordinate_median,bounded_poisoning,2,1,False,True,0.5240159588165305,7.450580596923828e-09,True
82,coordinate_median,bounded_poisoning,2,2,True,True,1.0,3.725290298461914e-09,False
82,coordinate_median,bounded_poisoning,2,3,True,True,1.000000011175871,7.450580596923828e-09,False
82,coordinate_median,bounded_poisoning,2,4,False,True,0.6879011624247797,7.450580596923828e-09,True
82,coordinate_median,bounded_poisoning,2,5,False,True,0.34690658907705796,7.450580596923828e-09,True
82,coordinate_median,bounded_poisoning,2,6,False,True,0.5217228877112559,7.450580596923828e-09,True
82,coordinate_median,bounded_poisoning,2,7,False,True,0.19442152634782892,3.725290298461914e-09,True
82,coordinate_median,bounded_poisoning,2,8,False,True,0.19442152574905097,7.450580596923828e-09,True
82,coordinate_median,bounded_poisoning,2,9,False,True,0.194421727537114,7.450580596923828e-09,True
82,coordinate_median,bounded_poisoning,3,0,False,True,0.19442140255044957,3.725290298461914e-09,True
82,coordinate_median,bounded_poisoning,3,1,False,True,0.519238463877613,3.725290298461914e-09,True
82,coordinate_median,bounded_poisoning,3,2,True,True,1.0000000149011612,7.450580596923828e-09,False
82,coordinate_median,bounded_poisoning,3,3,True,True,1.0000000167638061,7.450580596923828e-09,False
82,coordinate_median,bounded_poisoning,3,4,False,True,0.6790557644014515,7.450580596923828e-09,True
82,coordinate_median,bounded_poisoning,3,5,False,True,0.33903651411211744,7.450580596923828e-09,True
82,coordinate_median,bounded_poisoning,3,6,False,True,0.5226871241515484,7.450580596923828e-09,True
82,coordinate_median,bounded_poisoning,3,7,False,True,0.19442070227793695,7.450580596923828e-09,True
82,coordinate_median,bounded_poisoning,3,8,False,True,0.194421650743907,3.725290298461914e-09,True
82,coordinate_median,bounded_poisoning,3,9,False,True,0.1944217378660226,3.725290298461914e-09,True
82,coordinate_median,bounded_poisoning,4,0,False,True,0.1944216508936014,7.450580596923828e-09,True
82,coordinate_median,bounded_poisoning,4,1,False,True,0.5080236037409505,7.450580596923828e-09,True
82,coordinate_median,bounded_poisoning,4,2,True,True,1.0000000540167078,7.450580596923828e-09,False
82,coordinate_median,bounded_poisoning,4,3,True,True,0.9999999972060323,7.450580596923828e-09,False
82,coordinate_median,bounded_poisoning,4,4,False,True,0.6850419249787219,7.450580596923828e-09,True
82,coordinate_median,bounded_poisoning,4,5,False,True,0.346077171115886,7.450580596923828e-09,True
82,coordinate_median,bounded_poisoning,4,6,False,True,0.5144679148314217,7.450580596923828e-09,True
82,coordinate_median,bounded_poisoning,4,7,False,True,0.19442124836496966,7.450580596923828e-09,True
82,coordinate_median,bounded_poisoning,4,8,False,True,0.19442145928468763,7.450580596923828e-09,True
82,coordinate_median,bounded_poisoning,4,9,False,True,0.19442168996383327,3.725290298461914e-09,True
82,coordinate_median,bounded_poisoning,5,0,False,True,0.1944213645280222,7.450580596923828e-09,True
82,coordinate_median,bounded_poisoning,5,1,False,True,0.5094889359435135,3.725290298461914e-09,True
82,coordinate_median,bounded_poisoning,5,2,True,True,0.9999999739229676,7.450580596923828e-09,False
82,coordinate_median,bounded_poisoning,5,3,True,True,0.9999999981373549,7.450580596923828e-09,False
82,coordinate_median,bounded_poisoning,5,4,False,True,0.6808010125000454,7.450580596923828e-09,True
82,coordinate_median,bounded_poisoning,5,5,False,True,0.3478948318305048,7.450580596923828e-09,True
82,coordinate_median,bounded_poisoning,5,6,False,True,0.5135700393219453,7.450580596923828e-09,True
82,coordinate_median,bounded_poisoning,5,7,False,True,0.19442121019281738,7.450580596923828e-09,True
82,coordinate_median,bounded_poisoning,5,8,False,True,0.19442141183151337,7.450580596923828e-09,True
82,coordinate_median,bounded_poisoning,5,9,False,True,0.19442158532744747,7.450580596923828e-09,True
82,trimmed_mean,clean,1,0,False,True,0.19442138264106923,3.725290298461914e-09,True
82,trimmed_mean,clean,1,1,False,True,0.5259903680736864,7.450580596923828e-09,True
82,trimmed_mean,clean,1,2,False,True,0.9911829018973572,7.450580596923828e-09,True
82,trimmed_mean,clean,1,3,False,True,1.0000000055879354,7.450580596923828e-09,True
82,trimmed_mean,clean,1,4,False,True,0.6907519285907358,3.725290298461914e-09,True
82,trimmed_mean,clean,1,5,False,True,0.35144866749528536,3.725290298461914e-09,True
82,trimmed_mean,clean,1,6,False,True,0.5280308318194883,7.450580596923828e-09,True
82,trimmed_mean,clean,1,7,False,True,0.1944213251583356,7.450580596923828e-09,True
82,trimmed_mean,clean,1,8,False,True,0.19442167005448238,7.450580596923828e-09,True
82,trimmed_mean,clean,1,9,False,True,0.19442154550872218,7.450580596923828e-09,True
82,trimmed_mean,clean,2,0,False,True,0.1944213922215232,3.725290298461914e-09,True
82,trimmed_mean,clean,2,1,False,True,0.5169685548418393,7.450580596923828e-09,True
82,trimmed_mean,clean,2,2,False,True,0.9480214603587075,7.450580596923828e-09,True
82,trimmed_mean,clean,2,3,False,True,0.9999999310821271,7.450580596923828e-09,True
82,trimmed_mean,clean,2,4,False,True,0.6729883863193996,3.725290298461914e-09,True
82,trimmed_mean,clean,2,5,False,True,0.34382913773085677,3.725290298461914e-09,True
82,trimmed_mean,clean,2,6,False,True,0.5160441108662445,7.450580596923828e-09,True
82,trimmed_mean,clean,2,7,False,True,0.1944211046580045,3.725290298461914e-09,True
82,trimmed_mean,clean,2,8,False,True,0.19442136273168686,7.450580596923828e-09,True
82,trimmed_mean,clean,2,9,False,True,0.1944207503300647,3.725290298461914e-09,True
82,trimmed_mean,clean,3,0,False,True,0.19442167080295425,3.725290298461914e-09,True
82,trimmed_mean,clean,3,1,False,True,0.5047788259272022,7.450580596923828e-09,True
82,trimmed_mean,clean,3,2,False,True,0.9157467774953595,7.450580596923828e-09,True
82,trimmed_mean,clean,3,3,False,True,0.9999999636784189,7.450580596923828e-09,True
82,trimmed_mean,clean,3,4,False,True,0.6502085171599394,7.450580596923828e-09,True
82,trimmed_mean,clean,3,5,False,True,0.3344644629038772,7.450580596923828e-09,True
82,trimmed_mean,clean,3,6,False,True,0.5099777469107288,7.450580596923828e-09,True
82,trimmed_mean,clean,3,7,False,True,0.1944208172437555,7.450580596923828e-09,True
82,trimmed_mean,clean,3,8,False,True,0.19440805457490337,3.725290298461914e-09,True
82,trimmed_mean,clean,3,9,False,True,0.1944204157612652,7.450580596923828e-09,True
82,trimmed_mean,clean,4,0,False,True,0.194421478595282,7.450580596923828e-09,True
82,trimmed_mean,clean,4,1,False,True,0.49340270708015777,7.450580596923828e-09,True
82,trimmed_mean,clean,4,2,False,True,0.8935457468888387,7.450580596923828e-09,True
82,trimmed_mean,clean,4,3,False,True,1.0000000149011612,7.450580596923828e-09,True
82,trimmed_mean,clean,4,4,False,True,0.6447610799348897,7.450580596923828e-09,True
82,trimmed_mean,clean,4,5,False,True,0.33855211894393616,7.450580596923828e-09,True
82,trimmed_mean,clean,4,6,False,True,0.49709637110816424,7.450580596923828e-09,True
82,trimmed_mean,clean,4,7,False,True,0.19442084628458955,3.725290298461914e-09,True
82,trimmed_mean,clean,4,8,False,True,0.19442142081318764,7.450580596923828e-09,True
82,trimmed_mean,clean,4,9,False,True,0.19442038701975758,3.725290298461914e-09,True
82,trimmed_mean,clean,5,0,False,True,0.19442139296999614,7.450580596923828e-09,True
82,trimmed_mean,clean,5,1,False,True,0.4960431853191786,3.725290298461914e-09,True
82,trimmed_mean,clean,5,2,False,True,0.8710122006138837,7.450580596923828e-09,True
82,trimmed_mean,clean,5,3,False,True,0.9999999813735483,7.450580596923828e-09,True
82,trimmed_mean,clean,5,4,False,True,0.6288180644836838,3.725290298461914e-09,True
82,trimmed_mean,clean,5,5,False,True,0.3442876131137641,3.725290298461914e-09,True
82,trimmed_mean,clean,5,6,False,True,0.4932672024506825,7.450580596923828e-09,True
82,trimmed_mean,clean,5,7,False,True,0.1944210952272312,3.725290298461914e-09,True
82,trimmed_mean,clean,5,8,False,True,0.19442121049220684,7.450580596923828e-09,True
82,trimmed_mean,clean,5,9,False,True,0.1944215182643265,7.450580596923828e-09,True
82,trimmed_mean,bounded_poisoning,1,0,False,True,0.19442138264106923,3.725290298461914e-09,True
82,trimmed_mean,bounded_poisoning,1,1,False,True,0.5259903680736864,7.450580596923828e-09,True
82,trimmed_mean,bounded_poisoning,1,2,True,True,1.0000000018626451,7.450580596923828e-09,False
82,trimmed_mean,bounded_poisoning,1,3,True,True,1.0000000055879354,7.450580596923828e-09,False
82,trimmed_mean,bounded_poisoning,1,4,False,True,0.6907519285907358,3.725290298461914e-09,True
82,trimmed_mean,bounded_poisoning,1,5,False,True,0.35144866749528536,3.725290298461914e-09,True
82,trimmed_mean,bounded_poisoning,1,6,False,True,0.5280308318194883,7.450580596923828e-09,True
82,trimmed_mean,bounded_poisoning,1,7,False,True,0.1944213251583356,7.450580596923828e-09,True
82,trimmed_mean,bounded_poisoning,1,8,False,True,0.19442167005448238,7.450580596923828e-09,True
82,trimmed_mean,bounded_poisoning,1,9,False,True,0.19442154550872218,7.450580596923828e-09,True
82,trimmed_mean,bounded_poisoning,2,0,False,True,0.19442164131316017,7.450580596923828e-09,True
82,trimmed_mean,bounded_poisoning,2,1,False,True,0.5223174927669311,7.450580596923828e-09,True
82,trimmed_mean,bounded_poisoning,2,2,True,True,0.999999956227838,7.450580596923828e-09,False
82,trimmed_mean,bounded_poisoning,2,3,True,True,0.9999999515712249,7.450580596923828e-09,False
82,trimmed_mean,bounded_poisoning,2,4,False,True,0.6856145574029612,3.725290298461914e-09,True
82,trimmed_mean,bounded_poisoning,2,5,False,True,0.3458821710604467,7.450580596923828e-09,True
82,trimmed_mean,bounded_poisoning,2,6,False,True,0.5248368701465441,7.450580596923828e-09,True
82,trimmed_mean,bounded_poisoning,2,7,False,True,0.19442133458909777,3.725290298461914e-09,True
82,trimmed_mean,bounded_poisoning,2,8,False,True,0.194420951220763,3.725290298461914e-09,True
82,trimmed_mean,bounded_poisoning,2,9,False,True,0.19442167963492216,7.450580596923828e-09,True
82,trimmed_mean,bounded_poisoning,3,0,False,True,0.19442110555617337,3.725290298461914e-09,True
82,trimmed_mean,bounded_poisoning,3,1,False,True,0.5166418311355785,7.450580596923828e-09,True
82,trimmed_mean,bounded_poisoning,3,2,True,True,1.000000055879353,7.450580596923828e-09,False
82,trimmed_mean,bounded_poisoning,3,3,True,True,0.9999999860301613,7.450580596923828e-09,False
82,trimmed_mean,bounded_poisoning,3,4,False,True,0.6783880982220906,3.725290298461914e-09,True
82,trimmed_mean,bounded_poisoning,3,5,False,True,0.33810441159780585,3.725290298461914e-09,True
82,trimmed_mean,bounded_poisoning,3,6,False,True,0.526269532984275,3.725290298461914e-09,True
82,trimmed_mean,bounded_poisoning,3,7,False,True,0.19442094134089744,7.450580596923828e-09,True
82,trimmed_mean,bounded_poisoning,3,8,False,True,0.1944216317327185,7.450580596923828e-09,True
82,trimmed_mean,bounded_poisoning,3,9,False,True,0.19442183322128306,7.450580596923828e-09,True
82,trimmed_mean,bounded_poisoning,4,0,False,True,0.19442159371033596,7.450580596923828e-09,True
82,trimmed_mean,bounded_poisoning,4,1,False,True,0.5078091712989281,3.725290298461914e-09,True
82,trimmed_mean,bounded_poisoning,4,2,True,True,0.9999999990686774,7.450580596923828e-09,False
82,trimmed_mean,bounded_poisoning,4,3,True,True,0.9999999795109031,7.450580596923828e-09,False
82,trimmed_mean,bounded_poisoning,4,4,False,True,0.6826168641511209,7.450580596923828e-09,True
82,trimmed_mean,bounded_poisoning,4,5,False,True,0.34526052638085625,3.725290298461914e-09,True
82,trimmed_mean,bounded_poisoning,4,6,False,True,0.5165486619649802,3.725290298461914e-09,True
82,trimmed_mean,bounded_poisoning,4,7,False,True,0.1944213534506207,3.725290298461914e-09,True
82,trimmed_mean,bounded_poisoning,4,8,False,True,0.19442148832542575,3.725290298461914e-09,True
82,trimmed_mean,bounded_poisoning,4,9,False,True,0.1944216312836353,3.725290298461914e-09,True
82,trimmed_mean,bounded_poisoning,5,0,False,True,0.1944211721703524,3.725290298461914e-09,True
82,trimmed_mean,bounded_poisoning,5,1,False,True,0.5089685115369516,3.725290298461914e-09,True
82,trimmed_mean,bounded_poisoning,5,2,True,True,1.0000000251457093,7.450580596923828e-09,False
82,trimmed_mean,bounded_poisoning,5,3,True,True,1.0000000465661276,7.450580596923828e-09,False
82,trimmed_mean,bounded_poisoning,5,4,False,True,0.677841887067845,7.450580596923828e-09,True
82,trimmed_mean,bounded_poisoning,5,5,False,True,0.34614612931603733,7.450580596923828e-09,True
82,trimmed_mean,bounded_poisoning,5,6,False,True,0.5154531564605841,7.450580596923828e-09,True
82,trimmed_mean,bounded_poisoning,5,7,False,True,0.1944186990475141,7.450580596923828e-09,True
82,trimmed_mean,bounded_poisoning,5,8,False,True,0.19442130659619924,7.450580596923828e-09,True
82,trimmed_mean,bounded_poisoning,5,9,False,True,0.1944213453671111,7.450580596923828e-09,True
92,mean,clean,1,0,False,True,1.0000000167638061,3.725290298461914e-09,True
92,mean,clean,1,1,False,True,0.19442158353111416,7.450580596923828e-09,True
92,mean,clean,1,2,False,True,0.19442178516942296,3.725290298461914e-09,True
92,mean,clean,1,3,False,True,0.19442184265202056,7.450580596923828e-09,True
92,mean,clean,1,4,False,True,0.5270666484942892,3.725290298461914e-09,True
92,mean,clean,1,5,False,True,0.6823171725795834,7.450580596923828e-09,True
92,mean,clean,1,6,False,True,0.8268438868479099,7.450580596923828e-09,True
92,mean,clean,1,7,False,True,0.35319880322468294,7.450580596923828e-09,True
92,mean,clean,1,8,False,True,0.6939088215938127,7.450580596923828e-09,True
92,mean,clean,1,9,False,True,0.5366348710864431,7.450580596923828e-09,True
92,mean,clean,2,0,False,True,0.9838925354362048,7.450580596923828e-09,True
92,mean,clean,2,1,False,True,0.19442167080295425,7.450580596923828e-09,True
92,mean,clean,2,2,False,True,0.194421574399753,7.450580596923828e-09,True
92,mean,clean,2,3,False,True,0.19442168008400526,7.450580596923828e-09,True
92,mean,clean,2,4,False,True,0.5182496527875026,3.725290298461914e-09,True
92,mean,clean,2,5,False,True,0.6530098155883692,7.450580596923828e-09,True
92,mean,clean,2,6,False,True,0.8064776872569895,3.725290298461914e-09,True
92,mean,clean,2,7,False,True,0.3426462678628389,3.725290298461914e-09,True
92,mean,clean,2,8,False,True,0.6816432926869042,7.450580596923828e-09,True
92,mean,clean,2,9,False,True,0.5219554559284174,7.450580596923828e-09,True
92,mean,clean,3,0,False,True,0.9709126315463513,7.450580596923828e-09,True
92,mean,clean,3,1,False,True,0.19442191974454015,3.725290298461914e-09,True
92,mean,clean,3,2,False,True,0.1944217951989399,7.450580596923828e-09,True
92,mean,clean,3,3,False,True,0.1944205495888541,7.450580596923828e-09,True
92,mean,clean,3,4,False,True,0.49444697848110175,3.725290298461914e-09,True
92,mean,clean,3,5,False,True,0.6410334494540055,3.725290298461914e-09,True
92,mean,clean,3,6,False,True,0.7662650651504812,3.725290298461914e-09,True
92,mean,clean,3,7,False,True,0.3442849141181984,7.450580596923828e-09,True
92,mean,clean,3,8,False,True,0.6744011660651109,7.450580596923828e-09,True
92,mean,clean,3,9,False,True,0.4945675693262943,7.450580596923828e-09,True
92,mean,clean,4,0,False,True,0.941674520723889,7.450580596923828e-09,True
92,mean,clean,4,1,False,True,0.1944218049290678,7.450580596923828e-09,True
92,mean,clean,4,2,False,True,0.19442144970423697,7.450580596923828e-09,True
92,mean,clean,4,3,False,True,0.19442159430911368,7.450580596923828e-09,True
92,mean,clean,4,4,False,True,0.4917147850822866,7.450580596923828e-09,True
92,mean,clean,4,5,False,True,0.6128121376838955,7.450580596923828e-09,True
92,mean,clean,4,6,False,True,0.7528958739766398,7.450580596923828e-09,True
92,mean,clean,4,7,False,True,0.3387958804748295,7.450580596923828e-09,True
92,mean,clean,4,8,False,True,0.6679500924399203,3.725290298461914e-09,True
92,mean,clean,4,9,False,True,0.47744738687603283,3.725290298461914e-09,True
92,mean,clean,5,0,False,True,0.9315339713157487,7.450580596923828e-09,True
92,mean,clean,5,1,False,True,0.19442184355018602,3.725290298461914e-09,True
92,mean,clean,5,2,False,True,0.19442063641207277,3.725290298461914e-09,True
92,mean,clean,5,3,False,True,0.19442054090653008,3.725290298461914e-09,True
92,mean,clean,5,4,False,True,0.47975821117548617,7.450580596923828e-09,True
92,mean,clean,5,5,False,True,0.6185708199238101,7.450580596923828e-09,True
92,mean,clean,5,6,False,True,0.7472603176066059,3.725290298461914e-09,True
92,mean,clean,5,7,False,True,0.33522415037415715,7.450580596923828e-09,True
92,mean,clean,5,8,False,True,0.6448516894446328,3.725290298461914e-09,True
92,mean,clean,5,9,False,True,0.4709182589918743,7.450580596923828e-09,True
92,mean,bounded_poisoning,1,0,True,True,1.0000000167638061,3.725290298461914e-09,False
92,mean,bounded_poisoning,1,1,False,True,0.19442158353111416,7.450580596923828e-09,True
92,mean,bounded_poisoning,1,2,False,True,0.19442178516942296,3.725290298461914e-09,True
92,mean,bounded_poisoning,1,3,False,True,0.19442184265202056,7.450580596923828e-09,True
92,mean,bounded_poisoning,1,4,False,True,0.5270666484942892,3.725290298461914e-09,True
92,mean,bounded_poisoning,1,5,False,True,0.6823171725795834,7.450580596923828e-09,True
92,mean,bounded_poisoning,1,6,True,True,1.0000000521540628,7.450580596923828e-09,False
92,mean,bounded_poisoning,1,7,False,True,0.35319880322468294,7.450580596923828e-09,True
92,mean,bounded_poisoning,1,8,False,True,0.6939088215938127,7.450580596923828e-09,True
92,mean,bounded_poisoning,1,9,False,True,0.5366348710864431,7.450580596923828e-09,True
92,mean,bounded_poisoning,2,0,True,True,0.9999999515712249,7.450580596923828e-09,False
92,mean,bounded_poisoning,2,1,False,True,0.1944214205137985,7.450580596923828e-09,True
92,mean,bounded_poisoning,2,2,False,True,0.1944217372672453,7.450580596923828e-09,True
92,mean,bounded_poisoning,2,3,False,True,0.19442167978461652,3.725290298461914e-09,True
92,mean,bounded_poisoning,2,4,False,True,0.5286923899002505,3.725290298461914e-09,True
92,mean,bounded_poisoning,2,5,False,True,0.668337825263866,7.450580596923828e-09,True
92,mean,bounded_poisoning,2,6,True,True,1.0000000353902572,7.450580596923828e-09,False
92,mean,bounded_poisoning,2,7,False,True,0.34653514212745407,3.725290298461914e-09,True
92,mean,bounded_poisoning,2,8,False,True,0.6861928425998794,7.450580596923828e-09,True
92,mean,bounded_poisoning,2,9,False,True,0.5306441217150132,3.725290298461914e-09,True
92,mean,bounded_poisoning,3,0,True,True,0.9999999571591607,7.450580596923828e-09,False
92,mean,bounded_poisoning,3,1,False,True,0.19442191914576343,7.450580596923828e-09,True
92,mean,bounded_poisoning,3,2,False,True,0.1944217946001628,7.450580596923828e-09,True
92,mean,bounded_poisoning,3,3,False,True,0.19442171810637093,7.450580596923828e-09,True
92,mean,bounded_poisoning,3,4,False,True,0.5132227037954369,3.725290298461914e-09,True
92,mean,bounded_poisoning,3,5,False,True,0.666468502683366,7.450580596923828e-09,True
92,mean,bounded_poisoning,3,6,True,True,0.9999999720603223,7.450580596923828e-09,False
92,mean,bounded_poisoning,3,7,False,True,0.3531260032687029,7.450580596923828e-09,True
92,mean,bounded_poisoning,3,8,False,True,0.6855168634893484,7.450580596923828e-09,True
92,mean,bounded_poisoning,3,9,False,True,0.5189440925527812,7.450580596923828e-09,True
92,mean,bounded_poisoning,4,0,True,True,1.0000000977888654,7.450580596923828e-09,False
92,mean,bounded_poisoning,4,1,False,True,0.1944219475876562,7.450580596923828e-09,True
92,mean,bounded_poisoning,4,2,False,True,0.19442150718693377,3.725290298461914e-09,True
92,mean,bounded_poisoning,4,3,False,True,0.19442167933553342,3.725290298461914e-09,True
92,mean,bounded_poisoning,4,4,False,True,0.516918334938957,3.725290298461914e-09,True
92,mean,bounded_poisoning,4,5,False,True,0.6508671200737537,7.450580596923828e-09,True
92,mean,bounded_poisoning,4,6,True,True,1.0000000093132257,7.450580596923828e-09,False
92,mean,bounded_poisoning,4,7,False,True,0.34445043952030885,7.450580596923828e-09,True
92,mean,bounded_poisoning,4,8,False,True,0.6829375775795727,7.450580596923828e-09,True
92,mean,bounded_poisoning,4,9,False,True,0.5149560358366455,7.450580596923828e-09,True
92,mean,bounded_poisoning,5,0,True,True,1.0000000037252903,7.450580596923828e-09,False
92,mean,bounded_poisoning,5,1,False,True,0.19442193920478298,3.725290298461914e-09,True
92,mean,bounded_poisoning,5,2,False,True,0.19442182349115658,3.725290298461914e-09,True
92,mean,bounded_poisoning,5,3,False,True,0.194421498055569,7.450580596923828e-09,True
92,mean,bounded_poisoning,5,4,False,True,0.508900329573999,3.725290298461914e-09,True
92,mean,bounded_poisoning,5,5,False,True,0.6607964433365242,7.450580596923828e-09,True
92,mean,bounded_poisoning,5,6,True,True,1.000000033527612,7.450580596923828e-09,False
92,mean,bounded_poisoning,5,7,False,True,0.34736342501161444,7.450580596923828e-09,True
92,mean,bounded_poisoning,5,8,False,True,0.6709753225656754,3.725290298461914e-09,True
92,mean,bounded_poisoning,5,9,False,True,0.5115200951136762,3.725290298461914e-09,True
92,coordinate_median,clean,1,0,False,True,1.0000000167638061,3.725290298461914e-09,True
92,coordinate_median,clean,1,1,False,True,0.19442158353111416,7.450580596923828e-09,True
92,coordinate_median,clean,1,2,False,True,0.19442178516942296,3.725290298461914e-09,True
92,coordinate_median,clean,1,3,False,True,0.19442184265202056,7.450580596923828e-09,True
92,coordinate_median,clean,1,4,False,True,0.5270666484942892,3.725290298461914e-09,True
92,coordinate_median,clean,1,5,False,True,0.6823171725795834,7.450580596923828e-09,True
92,coordinate_median,clean,1,6,False,True,0.8268438868479099,7.450580596923828e-09,True
92,coordinate_median,clean,1,7,False,True,0.35319880322468294,7.450580596923828e-09,True
92,coordinate_median,clean,1,8,False,True,0.6939088215938127,7.450580596923828e-09,True
92,coordinate_median,clean,1,9,False,True,0.5366348710864431,7.450580596923828e-09,True
92,coordinate_median,clean,2,0,False,True,0.9847805563397347,7.450580596923828e-09,True
92,coordinate_median,clean,2,1,False,True,0.19442170882532173,7.450580596923828e-09,True
92,coordinate_median,clean,2,2,False,True,0.1944216318824129,7.450580596923828e-09,True
92,coordinate_median,clean,2,3,False,True,0.19441379447388335,3.725290298461914e-09,True
92,coordinate_median,clean,2,4,False,True,0.5218332040133908,7.450580596923828e-09,True
92,coordinate_median,clean,2,5,False,True,0.6527356516724571,7.450580596923828e-09,True
92,coordinate_median,clean,2,6,False,True,0.8035356219153502,3.725290298461914e-09,True
92,coordinate_median,clean,2,7,False,True,0.3447942663902794,3.725290298461914e-09,True
92,coordinate_median,clean,2,8,False,True,0.6804852079641404,7.450580596923828e-09,True
92,coordinate_median,clean,2,9,False,True,0.5215840427472028,3.725290298461914e-09,True
92,coordinate_median,clean,3,0,False,True,0.9795704360619871,7.450580596923828e-09,True
92,coordinate_median,clean,3,1,False,True,0.19442191989423435,3.725290298461914e-09,True
92,coordinate_median,clean,3,2,False,True,0.19442166092312527,7.450580596923828e-09,True
92,coordinate_median,clean,3,3,False,True,0.19442151721646506,7.450580596923828e-09,True
92,coordinate_median,clean,3,4,False,True,0.4995136293577942,3.725290298461914e-09,True
92,coordinate_median,clean,3,5,False,True,0.6401888355481686,7.450580596923828e-09,True
92,coordinate_median,clean,3,6,False,True,0.7687658616015199,3.725290298461914e-09,True
92,coordinate_median,clean,3,7,False,True,0.34487249409991677,7.450580596923828e-09,True
92,coordinate_median,clean,3,8,False,True,0.6730158637081838,7.450580596923828e-09,True
92,coordinate_median,clean,3,9,False,True,0.4980619423587962,3.725290298461914e-09,True
92,coordinate_median,clean,4,0,False,True,0.9446138468109561,7.450580596923828e-09,True
92,coordinate_median,clean,4,1,False,True,0.19442168053308836,7.450580596923828e-09,True
92,coordinate_median,clean,4,2,False,True,0.19442178606758867,3.725290298461914e-09,True
92,coordinate_median,clean,4,3,False,True,0.19442140255044957,7.450580596923828e-09,True
92,coordinate_median,clean,4,4,False,True,0.4901769735538628,3.725290298461914e-09,True
92,coordinate_median,clean,4,5,False,True,0.6126566260287302,3.725290298461914e-09,True
92,coordinate_median,clean,4,6,False,True,0.7530431130120658,7.450580596923828e-09,True
92,coordinate_median,clean,4,7,False,True,0.34039081841558094,7.450580596923828e-09,True
92,coordinate_median,clean,4,8,False,True,0.6746698878360669,7.450580596923828e-09,True
92,coordinate_median,clean,4,9,False,True,0.4805232967838432,7.450580596923828e-09,True
92,coordinate_median,clean,5,0,False,True,0.931622309074856,7.450580596923828e-09,True
92,coordinate_median,clean,5,1,False,True,0.19441999361994497,7.450580596923828e-09,True
92,coordinate_median,clean,5,2,False,True,0.19442058746174562,3.725290298461914e-09,True
92,coordinate_median,clean,5,3,False,True,0.19442066440506778,7.450580596923828e-09,True
92,coordinate_median,clean,5,4,False,True,0.48075551298864105,3.725290298461914e-09,True
92,coordinate_median,clean,5,5,False,True,0.619105961578383,7.450580596923828e-09,True
92,coordinate_median,clean,5,6,False,True,0.7457917860626784,3.725290298461914e-09,True
92,coordinate_median,clean,5,7,False,True,0.333109613209387,7.450580596923828e-09,True
92,coordinate_median,clean,5,8,False,True,0.6423990317466283,7.450580596923828e-09,True
92,coordinate_median,clean,5,9,False,True,0.47429892704318233,7.450580596923828e-09,True
92,coordinate_median,bounded_poisoning,1,0,True,True,1.0000000167638061,3.725290298461914e-09,False
92,coordinate_median,bounded_poisoning,1,1,False,True,0.19442158353111416,7.450580596923828e-09,True
92,coordinate_median,bounded_poisoning,1,2,False,True,0.19442178516942296,3.725290298461914e-09,True
92,coordinate_median,bounded_poisoning,1,3,False,True,0.19442184265202056,7.450580596923828e-09,True
92,coordinate_median,bounded_poisoning,1,4,False,True,0.5270666484942892,3.725290298461914e-09,True
92,coordinate_median,bounded_poisoning,1,5,False,True,0.6823171725795834,7.450580596923828e-09,True
92,coordinate_median,bounded_poisoning,1,6,True,True,1.0000000521540628,7.450580596923828e-09,False
92,coordinate_median,bounded_poisoning,1,7,False,True,0.35319880322468294,7.450580596923828e-09,True
92,coordinate_median,bounded_poisoning,1,8,False,True,0.6939088215938127,7.450580596923828e-09,True
92,coordinate_median,bounded_poisoning,1,9,False,True,0.5366348710864431,7.450580596923828e-09,True
92,coordinate_median,bounded_poisoning,2,0,True,True,0.9999999636784189,7.450580596923828e-09,False
92,coordinate_median,bounded_poisoning,2,1,False,True,0.19442184250232633,3.725290298461914e-09,True
92,coordinate_median,bounded_poisoning,2,2,False,True,0.19441997430920308,7.450580596923828e-09,True
92,coordinate_median,bounded_poisoning,2,3,False,True,0.19442184265202056,7.450580596923828e-09,True
92,coordinate_median,bounded_poisoning,2,4,False,True,0.5269560549953605,3.725290298461914e-09,True
92,coordinate_median,bounded_poisoning,2,5,False,True,0.6653045041935108,7.450580596923828e-09,True
92,coordinate_median,bounded_poisoning,2,6,True,True,0.999999993480742,7.450580596923828e-09,False
92,coordinate_median,bounded_poisoning,2,7,False,True,0.3453617009517254,3.725290298461914e-09,True
92,coordinate_median,bounded_poisoning,2,8,False,True,0.6801224870471455,7.450580596923828e-09,True
92,coordinate_median,bounded_poisoning,2,9,False,True,0.5286034523405858,3.725290298461914e-09,True
92,coordinate_median,bounded_poisoning,3,0,True,True,0.9999999608844511,7.450580596923828e-09,False
92,coordinate_median,bounded_poisoning,3,1,False,True,0.19442165134268455,7.450580596923828e-09,True
92,coordinate_median,bounded_poisoning,3,2,False,True,0.19442154550872218,3.725290298461914e-09,True
92,coordinate_median,bounded_poisoning,3,3,False,True,0.19442162185288753,7.450580596923828e-09,True
92,coordinate_median,bounded_poisoning,3,4,False,True,0.513178207866452,3.725290298461914e-09,True
92,coordinate_median,bounded_poisoning,3,5,False,True,0.659102781542549,7.450580596923828e-09,True
92,coordinate_median,bounded_poisoning,3,6,True,True,1.0000000176951287,7.450580596923828e-09,False
92,coordinate_median,bounded_poisoning,3,7,False,True,0.3513009472628431,7.450580596923828e-09,True
92,coordinate_median,bounded_poisoning,3,8,False,True,0.6821611194745673,7.450580596923828e-09,True
92,coordinate_median,bounded_poisoning,3,9,False,True,0.5140678367258016,7.450580596923828e-09,True
92,coordinate_median,bounded_poisoning,4,0,True,True,1.000000029802322,7.450580596923828e-09,False
92,coordinate_median,bounded_poisoning,4,1,False,True,0.1944218625613538,3.725290298461914e-09,True
92,coordinate_median,bounded_poisoning,4,2,False,True,0.19442170957379346,3.725290298461914e-09,True
92,coordinate_median,bounded_poisoning,4,3,False,True,0.19441982117046108,7.450580596923828e-09,True
92,coordinate_median,bounded_poisoning,4,4,False,True,0.5109304989034704,7.450580596923828e-09,True
92,coordinate_median,bounded_poisoning,4,5,False,True,0.6450486035837704,7.450580596923828e-09,True
92,coordinate_median,bounded_poisoning,4,6,True,True,1.0000000093132257,7.450580596923828e-09,False
92,coordinate_median,bounded_poisoning,4,7,False,True,0.3413776319695479,3.725290298461914e-09,True
92,coordinate_median,bounded_poisoning,4,8,False,True,0.675883969592643,3.725290298461914e-09,True
92,coordinate_median,bounded_poisoning,4,9,False,True,0.5038473091105069,3.725290298461914e-09,True
92,coordinate_median,bounded_poisoning,5,0,True,True,0.9999999422579987,7.450580596923828e-09,False
92,coordinate_median,bounded_poisoning,5,1,False,True,0.19442193935447716,7.450580596923828e-09,True
92,coordinate_median,bounded_poisoning,5,2,False,True,0.19442168996383327,3.725290298461914e-09,True
92,coordinate_median,bounded_poisoning,5,3,False,True,0.19442126842405844,7.450580596923828e-09,True
92,coordinate_median,bounded_poisoning,5,4,False,True,0.5021587453486743,7.450580596923828e-09,True
92,coordinate_median,bounded_poisoning,5,5,False,True,0.6536053754088154,7.450580596923828e-09,True
92,coordinate_median,bounded_poisoning,5,6,True,True,1.0000000093132257,7.450580596923828e-09,False
92,coordinate_median,bounded_poisoning,5,7,False,True,0.3394507788872278,7.450580596923828e-09,True
92,coordinate_median,bounded_poisoning,5,8,False,True,0.6646889634714843,3.725290298461914e-09,True
92,coordinate_median,bounded_poisoning,5,9,False,True,0.5014167045657624,7.450580596923828e-09,True
92,trimmed_mean,clean,1,0,False,True,1.0000000167638061,3.725290298461914e-09,True
92,trimmed_mean,clean,1,1,False,True,0.19442158353111416,7.450580596923828e-09,True
92,trimmed_mean,clean,1,2,False,True,0.19442178516942296,3.725290298461914e-09,True
92,trimmed_mean,clean,1,3,False,True,0.19442184265202056,7.450580596923828e-09,True
92,trimmed_mean,clean,1,4,False,True,0.5270666484942892,3.725290298461914e-09,True
92,trimmed_mean,clean,1,5,False,True,0.6823171725795834,7.450580596923828e-09,True
92,trimmed_mean,clean,1,6,False,True,0.8268438868479099,7.450580596923828e-09,True
92,trimmed_mean,clean,1,7,False,True,0.35319880322468294,7.450580596923828e-09,True
92,trimmed_mean,clean,1,8,False,True,0.6939088215938127,7.450580596923828e-09,True
92,trimmed_mean,clean,1,9,False,True,0.5366348710864431,7.450580596923828e-09,True
92,trimmed_mean,clean,2,0,False,True,0.9831578273818741,7.450580596923828e-09,True
92,trimmed_mean,clean,2,1,False,True,0.19442186166318842,7.450580596923828e-09,True
92,trimmed_mean,clean,2,2,False,True,0.19442158383050304,7.450580596923828e-09,True
92,trimmed_mean,clean,2,3,False,True,0.19442175642811776,3.725290298461914e-09,True
92,trimmed_mean,clean,2,4,False,True,0.5203718035462257,3.725290298461914e-09,True
92,trimmed_mean,clean,2,5,False,True,0.6531424857723805,7.450580596923828e-09,True
92,trimmed_mean,clean,2,6,False,True,0.8071832067428616,3.725290298461914e-09,True
92,trimmed_mean,clean,2,7,False,True,0.34377249290558554,3.725290298461914e-09,True
92,trimmed_mean,clean,2,8,False,True,0.6808574831329517,7.450580596923828e-09,True
92,trimmed_mean,clean,2,9,False,True,0.5220616709011446,7.450580596923828e-09,True
92,trimmed_mean,clean,3,0,False,True,0.9734822073554251,7.450580596923828e-09,True
92,trimmed_mean,clean,3,1,False,True,0.19442192917527346,7.450580596923828e-09,True
92,trimmed_mean,clean,3,2,False,True,0.19442126827436373,7.450580596923828e-09,True
92,trimmed_mean,clean,3,3,False,True,0.19441646825504502,7.450580596923828e-09,True
92,trimmed_mean,clean,3,4,False,True,0.4949903979470423,3.725290298461914e-09,True
92,trimmed_mean,clean,3,5,False,True,0.640583779154422,7.450580596923828e-09,True
92,trimmed_mean,clean,3,6,False,True,0.7662398456844615,3.725290298461914e-09,True
92,trimmed_mean,clean,3,7,False,True,0.34492962046574605,3.725290298461914e-09,True
92,trimmed_mean,clean,3,8,False,True,0.6733223253755491,7.450580596923828e-09,True
92,trimmed_mean,clean,3,9,False,True,0.49283386639368365,7.450580596923828e-09,True
92,trimmed_mean,clean,4,0,False,True,0.9404106514530177,7.450580596923828e-09,True
92,trimmed_mean,clean,4,1,False,True,0.19442177633745983,7.450580596923828e-09,True
92,trimmed_mean,clean,4,2,False,True,0.19442132530803025,7.450580596923828e-09,True
92,trimmed_mean,clean,4,3,False,True,0.19442117276913143,7.450580596923828e-09,True
92,trimmed_mean,clean,4,4,False,True,0.49075345848924007,3.725290298461914e-09,True
92,trimmed_mean,clean,4,5,False,True,0.6125283517224027,7.450580596923828e-09,True
92,trimmed_mean,clean,4,6,False,True,0.7477677810675006,7.450580596923828e-09,True
92,trimmed_mean,clean,4,7,False,True,0.3401466837065911,3.725290298461914e-09,True
92,trimmed_mean,clean,4,8,False,True,0.6661262902696787,7.450580596923828e-09,True
92,trimmed_mean,clean,4,9,False,True,0.47540600954738144,3.725290298461914e-09,True
92,trimmed_mean,clean,5,0,False,True,0.9280705866693516,7.450580596923828e-09,True
92,trimmed_mean,clean,5,1,False,True,0.1944218438495745,7.450580596923828e-09,True
92,trimmed_mean,clean,5,2,False,True,0.19442137350969863,3.725290298461914e-09,True
92,trimmed_mean,clean,5,3,False,True,0.19442100062008325,7.450580596923828e-09,True
92,trimmed_mean,clean,5,4,False,True,0.48136807464382275,7.450580596923828e-09,True
92,trimmed_mean,clean,5,5,False,True,0.6192965589423617,7.450580596923828e-09,True
92,trimmed_mean,clean,5,6,False,True,0.748522148093947,3.725290298461914e-09,True
92,trimmed_mean,clean,5,7,False,True,0.333369435921683,7.450580596923828e-09,True
92,trimmed_mean,clean,5,8,False,True,0.6402439381174396,7.450580596923828e-09,True
92,trimmed_mean,clean,5,9,False,True,0.471140785166432,7.450580596923828e-09,True
92,trimmed_mean,bounded_poisoning,1,0,True,True,1.0000000167638061,3.725290298461914e-09,False
92,trimmed_mean,bounded_poisoning,1,1,False,True,0.19442158353111416,7.450580596923828e-09,True
92,trimmed_mean,bounded_poisoning,1,2,False,True,0.19442178516942296,3.725290298461914e-09,True
92,trimmed_mean,bounded_poisoning,1,3,False,True,0.19442184265202056,7.450580596923828e-09,True
92,trimmed_mean,bounded_poisoning,1,4,False,True,0.5270666484942892,3.725290298461914e-09,True
92,trimmed_mean,bounded_poisoning,1,5,False,True,0.6823171725795834,7.450580596923828e-09,True
92,trimmed_mean,bounded_poisoning,1,6,True,True,1.0000000521540628,7.450580596923828e-09,False
92,trimmed_mean,bounded_poisoning,1,7,False,True,0.35319880322468294,7.450580596923828e-09,True
92,trimmed_mean,bounded_poisoning,1,8,False,True,0.6939088215938127,7.450580596923828e-09,True
92,trimmed_mean,bounded_poisoning,1,9,False,True,0.5366348710864431,7.450580596923828e-09,True
92,trimmed_mean,bounded_poisoning,2,0,True,True,0.9999999720603223,7.450580596923828e-09,False
92,trimmed_mean,bounded_poisoning,2,1,False,True,0.19442184250232633,7.450580596923828e-09,True
92,trimmed_mean,bounded_poisoning,2,2,False,True,0.19442180433029072,7.450580596923828e-09,True
92,trimmed_mean,bounded_poisoning,2,3,False,True,0.19442178516942296,7.450580596923828e-09,True
92,trimmed_mean,bounded_poisoning,2,4,False,True,0.5271474605394365,7.450580596923828e-09,True
92,trimmed_mean,bounded_poisoning,2,5,False,True,0.6679590877034898,7.450580596923828e-09,True
92,trimmed_mean,bounded_poisoning,2,6,True,True,0.9999999655410642,7.450580596923828e-09,False
92,trimmed_mean,bounded_poisoning,2,7,False,True,0.3475517034718522,7.450580596923828e-09,True
92,trimmed_mean,bounded_poisoning,2,8,False,True,0.681386717941945,7.450580596923828e-09,True
92,trimmed_mean,bounded_poisoning,2,9,False,True,0.5282588815494775,3.725290298461914e-09,True
92,trimmed_mean,bounded_poisoning,3,0,True,True,1.0000000027939677,7.450580596923828e-09,False
92,trimmed_mean,bounded_poisoning,3,1,False,True,0.1944219294746618,7.450580596923828e-09,True
92,trimmed_mean,bounded_poisoning,3,2,False,True,0.194421727537114,3.725290298461914e-09,True
92,trimmed_mean,bounded_poisoning,3,3,False,True,0.19442163218180172,7.450580596923828e-09,True
92,trimmed_mean,bounded_poisoning,3,4,False,True,0.5132560538178144,3.725290298461914e-09,True
92,trimmed_mean,bounded_poisoning,3,5,False,True,0.6636820018606401,7.450580596923828e-09,True
92,trimmed_mean,bounded_poisoning,3,6,True,True,0.999999933876095,7.450580596923828e-09,False
92,trimmed_mean,bounded_poisoning,3,7,False,True,0.35200502770253617,7.450580596923828e-09,True
92,trimmed_mean,bounded_poisoning,3,8,False,True,0.6833502076784536,7.450580596923828e-09,True
92,trimmed_mean,bounded_poisoning,3,9,False,True,0.5165324191890798,7.450580596923828e-09,True
92,trimmed_mean,bounded_poisoning,4,0,True,True,0.9999999543651928,7.450580596923828e-09,False
92,trimmed_mean,bounded_poisoning,4,1,False,True,0.19442194833612703,7.450580596923828e-09,True
92,trimmed_mean,bounded_poisoning,4,2,False,True,0.1944217567275064,3.725290298461914e-09,True
92,trimmed_mean,bounded_poisoning,4,3,False,True,0.19442053057755793,7.450580596923828e-09,True
92,trimmed_mean,bounded_poisoning,4,4,False,True,0.5142768453936281,7.450580596923828e-09,True
92,trimmed_mean,bounded_poisoning,4,5,False,True,0.645565255476003,7.450580596923828e-09,True
92,trimmed_mean,bounded_poisoning,4,6,True,True,1.000000068917868,7.450580596923828e-09,False
92,trimmed_mean,bounded_poisoning,4,7,False,True,0.34291179695699414,3.725290298461914e-09,True
92,trimmed_mean,bounded_poisoning,4,8,False,True,0.6764493124891445,7.450580596923828e-09,True
92,trimmed_mean,bounded_poisoning,4,9,False,True,0.5099270056360797,7.450580596923828e-09,True
92,trimmed_mean,bounded_poisoning,5,0,True,True,1.000000041909515,7.450580596923828e-09,False
92,trimmed_mean,bounded_poisoning,5,1,False,True,0.19442195806624726,3.725290298461914e-09,True
92,trimmed_mean,bounded_poisoning,5,2,False,True,0.19442145973377123,3.725290298461914e-09,True
92,trimmed_mean,bounded_poisoning,5,3,False,True,0.19442152709630134,7.450580596923828e-09,True
92,trimmed_mean,bounded_poisoning,5,4,False,True,0.5056279999112915,3.725290298461914e-09,True
92,trimmed_mean,bounded_poisoning,5,5,False,True,0.6557555819726312,7.450580596923828e-09,True
92,trimmed_mean,bounded_poisoning,5,6,True,True,1.0000000027939677,7.450580596923828e-09,False
92,trimmed_mean,bounded_poisoning,5,7,False,True,0.34275906483766155,7.450580596923828e-09,True
92,trimmed_mean,bounded_poisoning,5,8,False,True,0.6653584960887978,3.725290298461914e-09,True
92,trimmed_mean,bounded_poisoning,5,9,False,True,0.501306395491512,7.450580596923828e-09,True
102,mean,clean,1,0,False,True,0.3521786899181875,3.725290298461914e-09,True
102,mean,clean,1,1,False,True,0.3743224309077649,7.450580596923828e-09,True
102,mean,clean,1,2,False,True,0.6886034517165238,7.450580596923828e-09,True
102,mean,clean,1,3,False,True,0.6851133268954311,7.450580596923828e-09,True
102,mean,clean,1,4,False,True,0.19441625718021383,7.450580596923828e-09,True
102,mean,clean,1,5,False,True,0.36902145891879634,7.450580596923828e-09,True
102,mean,clean,1,6,False,True,0.3529635249025966,7.450580596923828e-09,True
102,mean,clean,1,7,False,True,0.9697998889271671,7.450580596923828e-09,True
102,mean,clean,1,8,False,True,0.8431423922315031,7.450580596923828e-09,True
102,mean,clean,1,9,False,True,0.3559348010485408,7.450580596923828e-09,True
102,mean,clean,2,0,False,True,0.35373328256564746,7.450580596923828e-09,True
102,mean,clean,2,1,False,True,0.37428691239256884,7.450580596923828e-09,True
102,mean,clean,2,2,False,True,0.6873232352802117,7.450580596923828e-09,True
102,mean,clean,2,3,False,True,0.6589200264289071,3.725290298461914e-09,True
102,mean,clean,2,4,False,True,0.1944214100351785,3.725290298461914e-09,True
102,mean,clean,2,5,False,True,0.3668873046780643,7.450580596923828e-09,True
102,mean,clean,2,6,False,True,0.34735201331269566,3.725290298461914e-09,True
102,mean,clean,2,7,False,True,0.9253855344423796,7.450580596923828e-09,True
102,mean,clean,2,8,False,True,0.8176231122204336,7.450580596923828e-09,True
102,mean,clean,2,9,False,True,0.35147441946098035,3.725290298461914e-09,True
102,mean,clean,3,0,False,True,0.352185034251932,7.450580596923828e-09,True
102,mean,clean,3,1,False,True,0.3719282345199634,7.450580596923828e-09,True
102,mean,clean,3,2,False,True,0.673122669049241,7.450580596923828e-09,True
102,mean,clean,3,3,False,True,0.6381509133328227,7.450580596923828e-09,True
102,mean,clean,3,4,False,True,0.19442142021440936,3.725290298461914e-09,True
102,mean,clean,3,5,False,True,0.36335772720708426,7.450580596923828e-09,True
102,mean,clean,3,6,False,True,0.3497451646387395,7.450580596923828e-09,True
102,mean,clean,3,7,False,True,0.8751549743179234,7.450580596923828e-09,True
102,mean,clean,3,8,False,True,0.7886310025488715,7.450580596923828e-09,True
102,mean,clean,3,9,False,True,0.3467247211730548,3.725290298461914e-09,True
102,mean,clean,4,0,False,True,0.33940584748744934,7.450580596923828e-09,True
102,mean,clean,4,1,False,True,0.3705636690086226,3.725290298461914e-09,True
102,mean,clean,4,2,False,True,0.6566775105945016,3.725290298461914e-09,True
102,mean,clean,4,3,False,True,0.5970817809396418,3.725290298461914e-09,True
102,mean,clean,4,4,False,True,0.19442095002320356,3.725290298461914e-09,True
102,mean,clean,4,5,False,True,0.3540556757989809,7.450580596923828e-09,True
102,mean,clean,4,6,False,True,0.34473500295469545,7.450580596923828e-09,True
102,mean,clean,4,7,False,True,0.834527053533194,7.450580596923828e-09,True
102,mean,clean,4,8,False,True,0.7683364250448188,7.450580596923828e-09,True
102,mean,clean,4,9,False,True,0.3309903374164249,7.450580596923828e-09,True
102,mean,clean,5,0,False,True,0.34229973620490817,3.725290298461914e-09,True
102,mean,clean,5,1,False,True,0.3683015471163869,3.725290298461914e-09,True
102,mean,clean,5,2,False,True,0.6536416488047446,7.450580596923828e-09,True
102,mean,clean,5,3,False,True,0.5840210049920258,7.450580596923828e-09,True
102,mean,clean,5,4,False,True,0.1944208835586434,3.725290298461914e-09,True
102,mean,clean,5,5,False,True,0.35245877002773407,7.450580596923828e-09,True
102,mean,clean,5,6,False,True,0.34270917970767584,7.450580596923828e-09,True
102,mean,clean,5,7,False,True,0.8340908960751858,7.450580596923828e-09,True
102,mean,clean,5,8,False,True,0.7558373243481695,3.725290298461914e-09,True
102,mean,clean,5,9,False,True,0.33524243500182943,7.450580596923828e-09,True
102,mean,bounded_poisoning,1,0,False,True,0.3521786899181875,3.725290298461914e-09,True
102,mean,bounded_poisoning,1,1,False,True,0.3743224309077649,7.450580596923828e-09,True
102,mean,bounded_poisoning,1,2,False,True,0.6886034517165238,7.450580596923828e-09,True
102,mean,bounded_poisoning,1,3,False,True,0.6851133268954311,7.450580596923828e-09,True
102,mean,bounded_poisoning,1,4,False,True,0.19441625718021383,7.450580596923828e-09,True
102,mean,bounded_poisoning,1,5,False,True,0.36902145891879634,7.450580596923828e-09,True
102,mean,bounded_poisoning,1,6,False,True,0.3529635249025966,7.450580596923828e-09,True
102,mean,bounded_poisoning,1,7,True,True,1.000000061467288,7.450580596923828e-09,False
102,mean,bounded_poisoning,1,8,True,True,1.0000000391155475,7.450580596923828e-09,False
102,mean,bounded_poisoning,1,9,False,True,0.3559348010485408,7.450580596923828e-09,True
102,mean,bounded_poisoning,2,0,False,True,0.36037137977258366,7.450580596923828e-09,True
102,mean,bounded_poisoning,2,1,False,True,0.3727679964030416,7.450580596923828e-09,True
102,mean,bounded_poisoning,2,2,False,True,0.6943411867128404,7.450580596923828e-09,True
102,mean,bounded_poisoning,2,3,False,True,0.6797950621152934,3.725290298461914e-09,True
102,mean,bounded_poisoning,2,4,False,True,0.19441975201098968,3.725290298461914e-09,True
102,mean,bounded_poisoning,2,5,False,True,0.3704022549627023,7.450580596923828e-09,True
102,mean,bounded_poisoning,2,6,False,True,0.35457297821877287,7.450580596923828e-09,True
102,mean,bounded_poisoning,2,7,True,True,1.0000000949948982,3.725290298461914e-09,False
102,mean,bounded_poisoning,2,8,True,True,1.0000000260770316,7.450580596923828e-09,False
102,mean,bounded_poisoning,2,9,False,True,0.3540564787401932,7.450580596923828e-09,True
102,mean,bounded_poisoning,3,0,False,True,0.3607326078511253,7.450580596923828e-09,True
102,mean,bounded_poisoning,3,1,False,True,0.37242535831015966,7.450580596923828e-09,True
102,mean,bounded_poisoning,3,2,False,True,0.6841133207180762,7.450580596923828e-09,True
102,mean,bounded_poisoning,3,3,False,True,0.6797248738251845,7.450580596923828e-09,True
102,mean,bounded_poisoning,3,4,False,True,0.19442061365840543,7.450580596923828e-09,True
102,mean,bounded_poisoning,3,5,False,True,0.3654018597555851,7.450580596923828e-09,True
102,mean,bounded_poisoning,3,6,False,True,0.3528207768821123,7.450580596923828e-09,True
102,mean,bounded_poisoning,3,7,True,True,1.0000000195577738,7.450580596923828e-09,False
102,mean,bounded_poisoning,3,8,True,True,1.000000021420419,3.725290298461914e-09,False
102,mean,bounded_poisoning,3,9,False,True,0.35417164051517097,3.725290298461914e-09,True
102,mean,bounded_poisoning,4,0,False,True,0.35272671930426686,7.450580596923828e-09,True
102,mean,bounded_poisoning,4,1,False,True,0.3738681636493053,3.725290298461914e-09,True
102,mean,bounded_poisoning,4,2,False,True,0.6791612846262676,7.450580596923828e-09,True
102,mean,bounded_poisoning,4,3,False,True,0.6655071798447973,3.725290298461914e-09,True
102,mean,bounded_poisoning,4,4,False,True,0.1944211896846384,3.725290298461914e-09,True
102,mean,bounded_poisoning,4,5,False,True,0.3637592397424512,7.450580596923828e-09,True
102,mean,bounded_poisoning,4,6,False,True,0.35251954895128124,7.450580596923828e-09,True
102,mean,bounded_poisoning,4,7,True,True,1.0000000204890964,7.450580596923828e-09,False
102,mean,bounded_poisoning,4,8,True,True,1.0000000484287728,7.450580596923828e-09,False
102,mean,bounded_poisoning,4,9,False,True,0.34731689476668376,3.725290298461914e-09,True
102,mean,bounded_poisoning,5,0,False,True,0.3579057814212314,7.450580596923828e-09,True
102,mean,bounded_poisoning,5,1,False,True,0.37607431843879385,7.450580596923828e-09,True
102,mean,bounded_poisoning,5,2,False,True,0.6814904491567562,3.725290298461914e-09,True
102,mean,bounded_poisoning,5,3,False,True,0.6578285703768771,3.725290298461914e-09,True
102,mean,bounded_poisoning,5,4,False,True,0.194421305847726,7.450580596923828e-09,True
102,mean,bounded_poisoning,5,5,False,True,0.36247743520151277,7.450580596923828e-09,True
102,mean,bounded_poisoning,5,6,False,True,0.350689894171589,3.725290298461914e-09,True
102,mean,bounded_poisoning,5,7,True,True,1.0000000391155475,7.450580596923828e-09,False
102,mean,bounded_poisoning,5,8,True,True,0.9999999869614838,7.450580596923828e-09,False
102,mean,bounded_poisoning,5,9,False,True,0.3530662094449504,7.450580596923828e-09,True
102,coordinate_median,clean,1,0,False,True,0.3521786899181875,3.725290298461914e-09,True
102,coordinate_median,clean,1,1,False,True,0.3743224309077649,7.450580596923828e-09,True
102,coordinate_median,clean,1,2,False,True,0.6886034517165238,7.450580596923828e-09,True
102,coordinate_median,clean,1,3,False,True,0.6851133268954311,7.450580596923828e-09,True
102,coordinate_median,clean,1,4,False,True,0.19441625718021383,7.450580596923828e-09,True
102,coordinate_median,clean,1,5,False,True,0.36902145891879634,7.450580596923828e-09,True
102,coordinate_median,clean,1,6,False,True,0.3529635249025966,7.450580596923828e-09,True
102,coordinate_median,clean,1,7,False,True,0.9697998889271671,7.450580596923828e-09,True
102,coordinate_median,clean,1,8,False,True,0.8431423922315031,7.450580596923828e-09,True
102,coordinate_median,clean,1,9,False,True,0.3559348010485408,7.450580596923828e-09,True
102,coordinate_median,clean,2,0,False,True,0.355042899740386,7.450580596923828e-09,True
102,coordinate_median,clean,2,1,False,True,0.3764522138473405,7.450580596923828e-09,True
102,coordinate_median,clean,2,2,False,True,0.6893097070489438,3.725290298461914e-09,True
102,coordinate_median,clean,2,3,False,True,0.6601813928059732,7.450580596923828e-09,True
102,coordinate_median,clean,2,4,False,True,0.19442140060442,3.725290298461914e-09,True
102,coordinate_median,clean,2,5,False,True,0.36611093204677664,7.450580596923828e-09,True
102,coordinate_median,clean,2,6,False,True,0.34981364437597734,7.450580596923828e-09,True
102,coordinate_median,clean,2,7,False,True,0.930896178697371,7.450580596923828e-09,True
102,coordinate_median,clean,2,8,False,True,0.8168307015517215,7.450580596923828e-09,True
102,coordinate_median,clean,2,9,False,True,0.35001983236477974,7.450580596923828e-09,True
102,coordinate_median,clean,3,0,False,True,0.34977445254764683,7.450580596923828e-09,True
102,coordinate_median,clean,3,1,False,True,0.3717590786220005,7.450580596923828e-09,True
102,coordinate_median,clean,3,2,False,True,0.6774393169067858,7.450580596923828e-09,True
102,coordinate_median,clean,3,3,False,True,0.6389104888816914,7.450580596923828e-09,True
102,coordinate_median,clean,3,4,False,True,0.1944213619832138,3.725290298461914e-09,True
102,coordinate_median,clean,3,5,False,True,0.36392813559623155,7.450580596923828e-09,True
102,coordinate_median,clean,3,6,False,True,0.35048997649566443,7.450580596923828e-09,True
102,coordinate_median,clean,3,7,False,True,0.8821633165300043,7.450580596923828e-09,True
102,coordinate_median,clean,3,8,False,True,0.7899081094519745,7.450580596923828e-09,True
102,coordinate_median,clean,3,9,False,True,0.34618053029116974,3.725290298461914e-09,True
102,coordinate_median,clean,4,0,False,True,0.3396143975181556,7.450580596923828e-09,True
102,coordinate_median,clean,4,1,False,True,0.3714879220047095,7.450580596923828e-09,True
102,coordinate_median,clean,4,2,False,True,0.6592310779460423,3.725290298461914e-09,True
102,coordinate_median,clean,4,3,False,True,0.6003673062483813,3.725290298461914e-09,True
102,coordinate_median,clean,4,4,False,True,0.19442141946593652,7.450580596923828e-09,True
102,coordinate_median,clean,4,5,False,True,0.35706356431094904,7.450580596923828e-09,True
102,coordinate_median,clean,4,6,False,True,0.3409709993529819,7.450580596923828e-09,True
102,coordinate_median,clean,4,7,False,True,0.8403031113129518,7.450580596923828e-09,True
102,coordinate_median,clean,4,8,False,True,0.7721874112071654,7.450580596923828e-09,True
102,coordinate_median,clean,4,9,False,True,0.33518918792280317,7.450580596923828e-09,True
102,coordinate_median,clean,5,0,False,True,0.34242084564486824,3.725290298461914e-09,True
102,coordinate_median,clean,5,1,False,True,0.3677887790420634,3.725290298461914e-09,True
102,coordinate_median,clean,5,2,False,True,0.6580067760542024,3.725290298461914e-09,True
102,coordinate_median,clean,5,3,False,True,0.5909759899623018,7.450580596923828e-09,True
102,coordinate_median,clean,5,4,False,True,0.19442033732089062,3.725290298461914e-09,True
102,coordinate_median,clean,5,5,False,True,0.354545980633339,7.450580596923828e-09,True
102,coordinate_median,clean,5,6,False,True,0.3427799569295177,3.725290298461914e-09,True
102,coordinate_median,clean,5,7,False,True,0.8394706130036742,7.450580596923828e-09,True
102,coordinate_median,clean,5,8,False,True,0.7596512441170862,3.725290298461914e-09,True
102,coordinate_median,clean,5,9,False,True,0.33326856550793504,7.450580596923828e-09,True
102,coordinate_median,bounded_poisoning,1,0,False,True,0.3521786899181875,3.725290298461914e-09,True
102,coordinate_median,bounded_poisoning,1,1,False,True,0.3743224309077649,7.450580596923828e-09,True
102,coordinate_median,bounded_poisoning,1,2,False,True,0.6886034517165238,7.450580596923828e-09,True
102,coordinate_median,bounded_poisoning,1,3,False,True,0.6851133268954311,7.450580596923828e-09,True
102,coordinate_median,bounded_poisoning,1,4,False,True,0.19441625718021383,7.450580596923828e-09,True
102,coordinate_median,bounded_poisoning,1,5,False,True,0.36902145891879634,7.450580596923828e-09,True
102,coordinate_median,bounded_poisoning,1,6,False,True,0.3529635249025966,7.450580596923828e-09,True
102,coordinate_median,bounded_poisoning,1,7,True,True,1.000000061467288,7.450580596923828e-09,False
102,coordinate_median,bounded_poisoning,1,8,True,True,1.0000000391155475,7.450580596923828e-09,False
102,coordinate_median,bounded_poisoning,1,9,False,True,0.3559348010485408,7.450580596923828e-09,True
102,coordinate_median,bounded_poisoning,2,0,False,True,0.3566239458071701,7.450580596923828e-09,True
102,coordinate_median,bounded_poisoning,2,1,False,True,0.37450189745432916,3.725290298461914e-09,True
102,coordinate_median,bounded_poisoning,2,2,False,True,0.6924345880850133,3.725290298461914e-09,True
102,coordinate_median,bounded_poisoning,2,3,False,True,0.6760830735780146,3.725290298461914e-09,True
102,coordinate_median,bounded_poisoning,2,4,False,True,0.1944212181266379,3.725290298461914e-09,True
102,coordinate_median,bounded_poisoning,2,5,False,True,0.3683982029967603,3.725290298461914e-09,True
102,coordinate_median,bounded_poisoning,2,6,False,True,0.3535210160508253,7.450580596923828e-09,True
102,coordinate_median,bounded_poisoning,2,7,True,True,1.0000000279396768,7.450580596923828e-09,False
102,coordinate_median,bounded_poisoning,2,8,True,True,1.0000000605359656,7.450580596923828e-09,False
102,coordinate_median,bounded_poisoning,2,9,False,True,0.355247687216086,7.450580596923828e-09,True
102,coordinate_median,bounded_poisoning,3,0,False,True,0.3584166828781226,7.450580596923828e-09,True
102,coordinate_median,bounded_poisoning,3,1,False,True,0.3726109009266508,3.725290298461914e-09,True
102,coordinate_median,bounded_poisoning,3,2,False,True,0.6859139847906537,7.450580596923828e-09,True
102,coordinate_median,bounded_poisoning,3,3,False,True,0.6743174006670912,7.450580596923828e-09,True
102,coordinate_median,bounded_poisoning,3,4,False,True,0.1944212292040471,3.725290298461914e-09,True
102,coordinate_median,bounded_poisoning,3,5,False,True,0.3642954103840038,7.450580596923828e-09,True
102,coordinate_median,bounded_poisoning,3,6,False,True,0.35022775309084886,7.450580596923828e-09,True
102,coordinate_median,bounded_poisoning,3,7,True,True,1.0000000204890964,7.450580596923828e-09,False
102,coordinate_median,bounded_poisoning,3,8,True,True,0.9999999292194818,3.725290298461914e-09,False
102,coordinate_median,bounded_poisoning,3,9,False,True,0.35245608009608975,7.450580596923828e-09,True
102,coordinate_median,bounded_poisoning,4,0,False,True,0.35345938996639226,3.725290298461914e-09,True
102,coordinate_median,bounded_poisoning,4,1,False,True,0.3723156244228262,3.725290298461914e-09,True
102,coordinate_median,bounded_poisoning,4,2,False,True,0.6805188675445539,3.725290298461914e-09,True
102,coordinate_median,bounded_poisoning,4,3,False,True,0.658940595428699,3.725290298461914e-09,True
102,coordinate_median,bounded_poisoning,4,4,False,True,0.19442125749634614,7.450580596923828e-09,True
102,coordinate_median,bounded_poisoning,4,5,False,True,0.36274975818408095,7.450580596923828e-09,True
102,coordinate_median,bounded_poisoning,4,6,False,True,0.3518324570511734,3.725290298461914e-09,True
102,coordinate_median,bounded_poisoning,4,7,True,True,0.9999999869614838,3.725290298461914e-09,False
102,coordinate_median,bounded_poisoning,4,8,True,True,0.9999999692663546,7.450580596923828e-09,False
102,coordinate_median,bounded_poisoning,4,9,False,True,0.34345706058965214,7.450580596923828e-09,True
102,coordinate_median,bounded_poisoning,5,0,False,True,0.35741014344082694,7.450580596923828e-09,True
102,coordinate_median,bounded_poisoning,5,1,False,True,0.3724187370336742,3.725290298461914e-09,True
102,coordinate_median,bounded_poisoning,5,2,False,True,0.6759906469187761,7.450580596923828e-09,True
102,coordinate_median,bounded_poisoning,5,3,False,True,0.6405925611680058,3.725290298461914e-09,True
102,coordinate_median,bounded_poisoning,5,4,False,True,0.19442130569803132,3.725290298461914e-09,True
102,coordinate_median,bounded_poisoning,5,5,False,True,0.3602517876339146,7.450580596923828e-09,True
102,coordinate_median,bounded_poisoning,5,6,False,True,0.35007115420716384,7.450580596923828e-09,True
102,coordinate_median,bounded_poisoning,5,7,True,True,1.0000000223517416,7.450580596923828e-09,False
102,coordinate_median,bounded_poisoning,5,8,True,True,0.9999999953433871,7.450580596923828e-09,False
102,coordinate_median,bounded_poisoning,5,9,False,True,0.35168739656678527,7.450580596923828e-09,True
102,trimmed_mean,clean,1,0,False,True,0.3521786899181875,3.725290298461914e-09,True
102,trimmed_mean,clean,1,1,False,True,0.3743224309077649,7.450580596923828e-09,True
102,trimmed_mean,clean,1,2,False,True,0.6886034517165238,7.450580596923828e-09,True
102,trimmed_mean,clean,1,3,False,True,0.6851133268954311,7.450580596923828e-09,True
102,trimmed_mean,clean,1,4,False,True,0.19441625718021383,7.450580596923828e-09,True
102,trimmed_mean,clean,1,5,False,True,0.36902145891879634,7.450580596923828e-09,True
102,trimmed_mean,clean,1,6,False,True,0.3529635249025966,7.450580596923828e-09,True
102,trimmed_mean,clean,1,7,False,True,0.9697998889271671,7.450580596923828e-09,True
102,trimmed_mean,clean,1,8,False,True,0.8431423922315031,7.450580596923828e-09,True
102,trimmed_mean,clean,1,9,False,True,0.3559348010485408,7.450580596923828e-09,True
102,trimmed_mean,clean,2,0,False,True,0.3538861503088065,7.450580596923828e-09,True
102,trimmed_mean,clean,2,1,False,True,0.37445111791559105,7.450580596923828e-09,True
102,trimmed_mean,clean,2,2,False,True,0.6881422022279166,7.450580596923828e-09,True
102,trimmed_mean,clean,2,3,False,True,0.6580785589607762,7.450580596923828e-09,True
102,trimmed_mean,clean,2,4,False,True,0.194421362282603,3.725290298461914e-09,True
102,trimmed_mean,clean,2,5,False,True,0.3667194475798967,7.450580596923828e-09,True
102,trimmed_mean,clean,2,6,False,True,0.3481593938065313,3.725290298461914e-09,True
102,trimmed_mean,clean,2,7,False,True,0.9255006783494262,7.450580596923828e-09,True
102,trimmed_mean,clean,2,8,False,True,0.8165240168618463,7.450580596923828e-09,True
102,trimmed_mean,clean,2,9,False,True,0.35045583676578607,3.725290298461914e-09,True
102,trimmed_mean,clean,3,0,False,True,0.35224528501632996,7.450580596923828e-09,True
102,trimmed_mean,clean,3,1,False,True,0.37202212191806355,7.450580596923828e-09,True
102,trimmed_mean,clean,3,2,False,True,0.6725250754514083,7.450580596923828e-09,True
102,trimmed_mean,clean,3,3,False,True,0.6366903168525725,7.450580596923828e-09,True
102,trimmed_mean,clean,3,4,False,True,0.19442052024858522,3.725290298461914e-09,True
102,trimmed_mean,clean,3,5,False,True,0.36391771549783436,7.450580596923828e-09,True
102,trimmed_mean,clean,3,6,False,True,0.3502220188303855,3.725290298461914e-09,True
102,trimmed_mean,clean,3,7,False,True,0.8795418719143141,7.450580596923828e-09,True
102,trimmed_mean,clean,3,8,False,True,0.7883304136387173,7.450580596923828e-09,True
102,trimmed_mean,clean,3,9,False,True,0.3474456569186021,7.450580596923828e-09,True
102,trimmed_mean,clean,4,0,False,True,0.33898326441267945,3.725290298461914e-09,True
102,trimmed_mean,clean,4,1,False,True,0.36981727884699833,7.450580596923828e-09,True
102,trimmed_mean,clean,4,2,False,True,0.6543377891957488,3.725290298461914e-09,True
102,trimmed_mean,clean,4,3,False,True,0.5914028566671301,3.725290298461914e-09,True
102,trimmed_mean,clean,4,4,False,True,0.19442096035215345,3.725290298461914e-09,True
102,trimmed_mean,clean,4,5,False,True,0.3553100601140196,7.450580596923828e-09,True
102,trimmed_mean,clean,4,6,False,True,0.3431577742168174,7.450580596923828e-09,True
102,trimmed_mean,clean,4,7,False,True,0.8378588441454705,7.450580596923828e-09,True
102,trimmed_mean,clean,4,8,False,True,0.7697794872093869,3.725290298461914e-09,True
102,trimmed_mean,clean,4,9,False,True,0.33288729002494455,7.450580596923828e-09,True
102,trimmed_mean,clean,5,0,False,True,0.3417528028684542,3.725290298461914e-09,True
102,trimmed_mean,clean,5,1,False,True,0.37260909194482034,3.725290298461914e-09,True
102,trimmed_mean,clean,5,2,False,True,0.6535731013299055,3.725290298461914e-09,True
102,trimmed_mean,clean,5,3,False,True,0.5837627950574061,3.725290298461914e-09,True
102,trimmed_mean,clean,5,4,False,True,0.19442071185842444,3.725290298461914e-09,True
102,trimmed_mean,clean,5,5,False,True,0.3532912931576404,7.450580596923828e-09,True
102,trimmed_mean,clean,5,6,False,True,0.34271383174825737,3.725290298461914e-09,True
102,trimmed_mean,clean,5,7,False,True,0.8326640040089753,7.450580596923828e-09,True
102,trimmed_mean,clean,5,8,False,True,0.7535641850357503,3.725290298461914e-09,True
102,trimmed_mean,clean,5,9,False,True,0.3333678756560465,7.450580596923828e-09,True
102,trimmed_mean,bounded_poisoning,1,0,False,True,0.3521786899181875,3.725290298461914e-09,True
102,trimmed_mean,bounded_poisoning,1,1,False,True,0.3743224309077649,7.450580596923828e-09,True
102,trimmed_mean,bounded_poisoning,1,2,False,True,0.6886034517165238,7.450580596923828e-09,True
102,trimmed_mean,bounded_poisoning,1,3,False,True,0.6851133268954311,7.450580596923828e-09,True
102,trimmed_mean,bounded_poisoning,1,4,False,True,0.19441625718021383,7.450580596923828e-09,True
102,trimmed_mean,bounded_poisoning,1,5,False,True,0.36902145891879634,7.450580596923828e-09,True
102,trimmed_mean,bounded_poisoning,1,6,False,True,0.3529635249025966,7.450580596923828e-09,True
102,trimmed_mean,bounded_poisoning,1,7,True,True,1.000000061467288,7.450580596923828e-09,False
102,trimmed_mean,bounded_poisoning,1,8,True,True,1.0000000391155475,7.450580596923828e-09,False
102,trimmed_mean,bounded_poisoning,1,9,False,True,0.3559348010485408,7.450580596923828e-09,True
102,trimmed_mean,bounded_poisoning,2,0,False,True,0.35998126972273503,7.450580596923828e-09,True
102,trimmed_mean,bounded_poisoning,2,1,False,True,0.37479564101466933,3.725290298461914e-09,True
102,trimmed_mean,bounded_poisoning,2,2,False,True,0.6939558485752122,3.725290298461914e-09,True
102,trimmed_mean,bounded_poisoning,2,3,False,True,0.6762124853483895,7.450580596923828e-09,True
102,trimmed_mean,bounded_poisoning,2,4,False,True,0.19442106483918078,3.725290298461914e-09,True
102,trimmed_mean,bounded_poisoning,2,5,False,True,0.36829369132302203,7.450580596923828e-09,True
102,trimmed_mean,bounded_poisoning,2,6,False,True,0.35195268429581444,3.725290298461914e-09,True
102,trimmed_mean,bounded_poisoning,2,7,True,True,1.0000000055879354,7.450580596923828e-09,False
102,trimmed_mean,bounded_poisoning,2,8,True,True,1.0000000717118356,7.450580596923828e-09,False
102,trimmed_mean,bounded_poisoning,2,9,False,True,0.3541426722086371,7.450580596923828e-09,True
102,trimmed_mean,bounded_poisoning,3,0,False,True,0.3597789300639015,7.450580596923828e-09,True
102,trimmed_mean,bounded_poisoning,3,1,False,True,0.3737594532573478,7.450580596923828e-09,True
102,trimmed_mean,bounded_poisoning,3,2,False,True,0.6851934482422315,7.450580596923828e-09,True
102,trimmed_mean,bounded_poisoning,3,3,False,True,0.6764960932022333,7.450580596923828e-09,True
102,trimmed_mean,bounded_poisoning,3,4,False,True,0.19442103594807425,7.450580596923828e-09,True
102,trimmed_mean,bounded_poisoning,3,5,False,True,0.36581665430312194,7.450580596923828e-09,True
102,trimmed_mean,bounded_poisoning,3,6,False,True,0.3486984171835883,7.450580596923828e-09,True
102,trimmed_mean,bounded_poisoning,3,7,True,True,1.0000000074505806,7.450580596923828e-09,False
102,trimmed_mean,bounded_poisoning,3,8,True,True,0.9999999273568365,7.450580596923828e-09,False
102,trimmed_mean,bounded_poisoning,3,9,False,True,0.3529539411193099,7.450580596923828e-09,True
102,trimmed_mean,bounded_poisoning,4,0,False,True,0.3502503006448058,7.450580596923828e-09,True
102,trimmed_mean,bounded_poisoning,4,1,False,True,0.37356002512904696,7.450580596923828e-09,True
102,trimmed_mean,bounded_poisoning,4,2,False,True,0.6776992365497948,3.725290298461914e-09,True
102,trimmed_mean,bounded_poisoning,4,3,False,True,0.6584037685772559,7.450580596923828e-09,True
102,trimmed_mean,bounded_poisoning,4,4,False,True,0.19442065317793125,3.725290298461914e-09,True
102,trimmed_mean,bounded_poisoning,4,5,False,True,0.36274638300433804,7.450580596923828e-09,True
102,trimmed_mean,bounded_poisoning,4,6,False,True,0.35065722205684546,7.450580596923828e-09,True
102,trimmed_mean,bounded_poisoning,4,7,True,True,1.0000000195577738,7.450580596923828e-09,False
102,trimmed_mean,bounded_poisoning,4,8,True,True,1.0000000447034827,7.450580596923828e-09,False
102,trimmed_mean,bounded_poisoning,4,9,False,True,0.34537014610880185,3.725290298461914e-09,True
102,trimmed_mean,bounded_poisoning,5,0,False,True,0.35642189543371855,7.450580596923828e-09,True
102,trimmed_mean,bounded_poisoning,5,1,False,True,0.37360298033405553,7.450580596923828e-09,True
102,trimmed_mean,bounded_poisoning,5,2,False,True,0.6763058566586875,7.450580596923828e-09,True
102,trimmed_mean,bounded_poisoning,5,3,False,True,0.6473048627605803,7.450580596923828e-09,True
102,trimmed_mean,bounded_poisoning,5,4,False,True,0.1944213528518422,3.725290298461914e-09,True
102,trimmed_mean,bounded_poisoning,5,5,False,True,0.36327806818758224,3.725290298461914e-09,True
102,trimmed_mean,bounded_poisoning,5,6,False,True,0.3475902138367847,3.725290298461914e-09,True
102,trimmed_mean,bounded_poisoning,5,7,True,True,1.0000001089647352,7.450580596923828e-09,False
102,trimmed_mean,bounded_poisoning,5,8,True,True,1.0000001098960578,7.450580596923828e-09,False
102,trimmed_mean,bounded_poisoning,5,9,False,True,0.3514297386999873,7.450580596923828e-09,True
112,mean,clean,1,0,False,True,0.19442182334146232,3.725290298461914e-09,True
112,mean,clean,1,1,False,True,0.35733772971909944,3.725290298461914e-09,True
112,mean,clean,1,2,False,True,0.9620452249245207,3.725290298461914e-09,True
112,mean,clean,1,3,False,True,0.3512347687241296,7.450580596923828e-09,True
112,mean,clean,1,4,False,True,0.3704653925660093,7.450580596923828e-09,True
112,mean,clean,1,5,False,True,0.19442164146285457,3.725290298461914e-09,True
112,mean,clean,1,6,False,True,0.19442098026157703,7.450580596923828e-09,True
112,mean,clean,1,7,False,True,0.999999977648258,7.450580596923828e-09,True
112,mean,clean,1,8,False,True,0.9940132179384017,7.450580596923828e-09,True
112,mean,clean,1,9,False,True,0.19442148727756414,3.725290298461914e-09,True
112,mean,clean,2,0,False,True,0.19442146931422138,7.450580596923828e-09,True
112,mean,clean,2,1,False,True,0.35415034915403665,7.450580596923828e-09,True
112,mean,clean,2,2,False,True,0.925305058946357,7.450580596923828e-09,True
112,mean,clean,2,3,False,True,0.34509128270672296,3.725290298461914e-09,True
112,mean,clean,2,4,False,True,0.361681364382379,7.450580596923828e-09,True
112,mean,clean,2,5,False,True,0.194421669904788,7.450580596923828e-09,True
112,mean,clean,2,6,False,True,0.19442162215227635,7.450580596923828e-09,True
112,mean,clean,2,7,False,True,0.9999999627470963,7.450580596923828e-09,True
112,mean,clean,2,8,False,True,0.9614579760584196,7.450580596923828e-09,True
112,mean,clean,2,9,False,True,0.194421439075924,7.450580596923828e-09,True
112,mean,clean,3,0,False,True,0.19442149865434702,7.450580596923828e-09,True
112,mean,clean,3,1,False,True,0.34549091986789876,7.450580596923828e-09,True
112,mean,clean,3,2,False,True,0.8877330862219064,3.725290298461914e-09,True
112,mean,clean,3,3,False,True,0.3411698762111408,3.725290298461914e-09,True
112,mean,clean,3,4,False,True,0.3578699689163629,7.450580596923828e-09,True
112,mean,clean,3,5,False,True,0.1944215746991419,3.725290298461914e-09,True
112,mean,clean,3,6,False,True,0.1944213920718286,7.450580596923828e-09,True
112,mean,clean,3,7,False,True,1.0000000698491907,7.450580596923828e-09,True
112,mean,clean,3,8,False,True,0.9228954829507382,7.450580596923828e-09,True
112,mean,clean,3,9,False,True,0.19442024271337385,7.450580596923828e-09,True
112,mean,clean,4,0,False,True,0.19442154670627795,7.450580596923828e-09,True
112,mean,clean,4,1,False,True,0.34798254649204013,7.450580596923828e-09,True
112,mean,clean,4,2,False,True,0.8392839684249016,7.450580596923828e-09,True
112,mean,clean,4,3,False,True,0.3330468916266614,7.450580596923828e-09,True
112,mean,clean,4,4,False,True,0.3571039542122866,7.450580596923828e-09,True
112,mean,clean,4,5,False,True,0.19442136392924375,7.450580596923828e-09,True
112,mean,clean,4,6,False,True,0.19442100855391228,7.450580596923828e-09,True
112,mean,clean,4,7,False,True,1.0000000363215797,3.725290298461914e-09,True
112,mean,clean,4,8,False,True,0.9034128306668191,7.450580596923828e-09,True
112,mean,clean,4,9,False,True,0.19442129671635175,3.725290298461914e-09,True
112,mean,clean,5,0,False,True,0.1944215562867238,7.450580596923828e-09,True
112,mean,clean,5,1,False,True,0.34322197278399236,3.725290298461914e-09,True
112,mean,clean,5,2,False,True,0.8088667208400844,7.450580596923828e-09,True
112,mean,clean,5,3,False,True,0.32443029435135673,3.725290298461914e-09,True
112,mean,clean,5,4,False,True,0.3530886060735422,7.450580596923828e-09,True
112,mean,clean,5,5,False,True,0.19442147874497653,7.450580596923828e-09,True
112,mean,clean,5,6,False,True,0.19442053985866337,3.725290298461914e-09,True
112,mean,clean,5,7,False,True,0.9999999310821271,7.450580596923828e-09,True
112,mean,clean,5,8,False,True,0.862195616117371,7.450580596923828e-09,True
112,mean,clean,5,9,False,True,0.19442154580811113,7.450580596923828e-09,True
112,mean,bounded_poisoning,1,0,False,True,0.19442182334146232,3.725290298461914e-09,True
112,mean,bounded_poisoning,1,1,False,True,0.35733772971909944,3.725290298461914e-09,True
112,mean,bounded_poisoning,1,2,True,True,1.000000065192578,7.450580596923828e-09,False
112,mean,bounded_poisoning,1,3,False,True,0.3512347687241296,7.450580596923828e-09,True
112,mean,bounded_poisoning,1,4,False,True,0.3704653925660093,7.450580596923828e-09,True
112,mean,bounded_poisoning,1,5,False,True,0.19442164146285457,3.725290298461914e-09,True
112,mean,bounded_poisoning,1,6,False,True,0.19442098026157703,7.450580596923828e-09,True
112,mean,bounded_poisoning,1,7,True,True,0.999999977648258,7.450580596923828e-09,False
112,mean,bounded_poisoning,1,8,False,True,0.9940132179384017,7.450580596923828e-09,True
112,mean,bounded_poisoning,1,9,False,True,0.19442148727756414,3.725290298461914e-09,True
112,mean,bounded_poisoning,2,0,False,True,0.19442181391072388,3.725290298461914e-09,True
112,mean,bounded_poisoning,2,1,False,True,0.36156453182956844,7.450580596923828e-09,True
112,mean,bounded_poisoning,2,2,True,True,1.0000001117587027,7.450580596923828e-09,False
112,mean,bounded_poisoning,2,3,False,True,0.3477931633724496,3.725290298461914e-09,True
112,mean,bounded_poisoning,2,4,False,True,0.36707434755991586,7.450580596923828e-09,True
112,mean,bounded_poisoning,2,5,False,True,0.19440774917675052,7.450580596923828e-09,True
112,mean,bounded_poisoning,2,6,False,True,0.19442122950343654,7.450580596923828e-09,True
112,mean,bounded_poisoning,2,7,True,True,0.9999999739229676,7.450580596923828e-09,False
112,mean,bounded_poisoning,2,8,False,True,0.9845464080348365,7.450580596923828e-09,True
112,mean,bounded_poisoning,2,9,False,True,0.19442143967470218,7.450580596923828e-09,True
112,mean,bounded_poisoning,3,0,False,True,0.19442167005448238,7.450580596923828e-09,True
112,mean,bounded_poisoning,3,1,False,True,0.35610733567624675,7.450580596923828e-09,True
112,mean,bounded_poisoning,3,2,True,True,1.0000000307336445,7.450580596923828e-09,False
112,mean,bounded_poisoning,3,3,False,True,0.3442530902761373,7.450580596923828e-09,True
112,mean,bounded_poisoning,3,4,False,True,0.36764173299380165,7.450580596923828e-09,True
112,mean,bounded_poisoning,3,5,False,True,0.19442122950343654,3.725290298461914e-09,True
112,mean,bounded_poisoning,3,6,False,True,0.19442145943438216,3.725290298461914e-09,True
112,mean,bounded_poisoning,3,7,True,True,1.0000000409781924,7.450580596923828e-09,False
112,mean,bounded_poisoning,3,8,False,True,0.9723687398109266,7.450580596923828e-09,True
112,mean,bounded_poisoning,3,9,False,True,0.19441016285700513,3.725290298461914e-09,True
112,mean,bounded_poisoning,4,0,False,True,0.19442117202065765,3.725290298461914e-09,True
112,mean,bounded_poisoning,4,1,False,True,0.35242261211537623,3.725290298461914e-09,True
112,mean,bounded_poisoning,4,2,True,True,0.9999999878928064,7.450580596923828e-09,False
112,mean,bounded_poisoning,4,3,False,True,0.3420047914408958,7.450580596923828e-09,True
112,mean,bounded_poisoning,4,4,False,True,0.3666417848992183,7.450580596923828e-09,True
112,mean,bounded_poisoning,4,5,False,True,0.19441400585078886,7.450580596923828e-09,True
112,mean,bounded_poisoning,4,6,False,True,0.19442123908389802,3.725290298461914e-09,True
112,mean,bounded_poisoning,4,7,True,True,0.9999999459832892,7.450580596923828e-09,False
112,mean,bounded_poisoning,4,8,False,True,0.9648203287100462,7.450580596923828e-09,True
112,mean,bounded_poisoning,4,9,False,True,0.1944214104842622,7.450580596923828e-09,True
112,mean,bounded_poisoning,5,0,False,True,0.1944216031410851,3.725290298461914e-09,True
112,mean,bounded_poisoning,5,1,False,True,0.34715295677348984,7.450580596923828e-09,True
112,mean,bounded_poisoning,5,2,True,True,1.0000000409781924,7.450580596923828e-09,False
112,mean,bounded_poisoning,5,3,False,True,0.3351074112585467,3.725290298461914e-09,True
112,mean,bounded_poisoning,5,4,False,True,0.36583793176877716,7.450580596923828e-09,True
112,mean,bounded_poisoning,5,5,False,True,0.19442148817573124,7.450580596923828e-09,True
112,mean,bounded_poisoning,5,6,False,True,0.1944212582448196,3.725290298461914e-09,True
112,mean,bounded_poisoning,5,7,True,True,0.9999999944120646,7.450580596923828e-09,False
112,mean,bounded_poisoning,5,8,False,True,0.9592029706971641,7.450580596923828e-09,True
112,mean,bounded_poisoning,5,9,False,True,0.1944203467517007,7.450580596923828e-09,True
112,coordinate_median,clean,1,0,False,True,0.19442182334146232,3.725290298461914e-09,True
112,coordinate_median,clean,1,1,False,True,0.35733772971909944,3.725290298461914e-09,True
112,coordinate_median,clean,1,2,False,True,0.9620452249245207,3.725290298461914e-09,True
112,coordinate_median,clean,1,3,False,True,0.3512347687241296,7.450580596923828e-09,True
112,coordinate_median,clean,1,4,False,True,0.3704653925660093,7.450580596923828e-09,True
112,coordinate_median,clean,1,5,False,True,0.19442164146285457,3.725290298461914e-09,True
112,coordinate_median,clean,1,6,False,True,0.19442098026157703,7.450580596923828e-09,True
112,coordinate_median,clean,1,7,False,True,0.999999977648258,7.450580596923828e-09,True
112,coordinate_median,clean,1,8,False,True,0.9940132179384017,7.450580596923828e-09,True
112,coordinate_median,clean,1,9,False,True,0.19442148727756414,3.725290298461914e-09,True
112,coordinate_median,clean,2,0,False,True,0.194421727537114,7.450580596923828e-09,True
112,coordinate_median,clean,2,1,False,True,0.35421998434036805,7.450580596923828e-09,True
112,coordinate_median,clean,2,2,False,True,0.928103943547381,7.450580596923828e-09,True
112,coordinate_median,clean,2,3,False,True,0.3461014287018205,7.450580596923828e-09,True
112,coordinate_median,clean,2,4,False,True,0.36302518953304114,7.450580596923828e-09,True
112,coordinate_median,clean,2,5,False,True,0.19442126797497436,7.450580596923828e-09,True
112,coordinate_median,clean,2,6,False,True,0.19442126737619564,7.450580596923828e-09,True
112,coordinate_median,clean,2,7,False,True,1.0000000251457093,7.450580596923828e-09,True
112,coordinate_median,clean,2,8,False,True,0.9647937087931706,3.725290298461914e-09,True
112,coordinate_median,clean,2,9,False,True,0.19442142066349308,7.450580596923828e-09,True
112,coordinate_median,clean,3,0,False,True,0.1944213833895422,3.725290298461914e-09,True
112,coordinate_median,clean,3,1,False,True,0.3441790353911503,7.450580596923828e-09,True
112,coordinate_median,clean,3,2,False,True,0.8867572374855793,3.725290298461914e-09,True
112,coordinate_median,clean,3,3,False,True,0.3389908128097634,7.450580596923828e-09,True
112,coordinate_median,clean,3,4,False,True,0.3566201986148806,7.450580596923828e-09,True
112,coordinate_median,clean,3,5,False,True,0.1944213351878763,3.725290298461914e-09,True
112,coordinate_median,clean,3,6,False,True,0.19441995499845927,7.450580596923828e-09,True
112,coordinate_median,clean,3,7,False,True,0.9999999860301613,7.450580596923828e-09,True
112,coordinate_median,clean,3,8,False,True,0.9194018064201375,7.450580596923828e-09,True
112,coordinate_median,clean,3,9,False,True,0.19442086529585487,3.725290298461914e-09,True
112,coordinate_median,clean,4,0,False,True,0.19442126737619564,3.725290298461914e-09,True
112,coordinate_median,clean,4,1,False,True,0.3490200156496134,7.450580596923828e-09,True
112,coordinate_median,clean,4,2,False,True,0.8520553446650243,7.450580596923828e-09,True
112,coordinate_median,clean,4,3,False,True,0.33189178581159606,7.450580596923828e-09,True
112,coordinate_median,clean,4,4,False,True,0.3599778191058787,7.450580596923828e-09,True
112,coordinate_median,clean,4,5,False,True,0.19442153652705368,7.450580596923828e-09,True
112,coordinate_median,clean,4,6,False,True,0.1944146477645153,7.450580596923828e-09,True
112,coordinate_median,clean,4,7,False,True,1.0000000884756406,7.450580596923828e-09,True
112,coordinate_median,clean,4,8,False,True,0.9115600504203109,7.450580596923828e-09,True
112,coordinate_median,clean,4,9,False,True,0.19442149790587449,3.725290298461914e-09,True
112,coordinate_median,clean,5,0,False,True,0.1944214886248148,7.450580596923828e-09,True
112,coordinate_median,clean,5,1,False,True,0.34356245938337365,3.725290298461914e-09,True
112,coordinate_median,clean,5,2,False,True,0.8217810462419465,7.450580596923828e-09,True
112,coordinate_median,clean,5,3,False,True,0.3252306484378427,3.725290298461914e-09,True
112,coordinate_median,clean,5,4,False,True,0.35168500461306595,7.450580596923828e-09,True
112,coordinate_median,clean,5,5,False,True,0.19441963943967625,7.450580596923828e-09,True
112,coordinate_median,clean,5,6,False,True,0.19442143099241793,7.450580596923828e-09,True
112,coordinate_median,clean,5,7,False,True,0.9999999664723868,7.450580596923828e-09,True
112,coordinate_median,clean,5,8,False,True,0.8774499696410283,7.450580596923828e-09,True
112,coordinate_median,clean,5,9,False,True,0.1944214405728695,7.450580596923828e-09,True
112,coordinate_median,bounded_poisoning,1,0,False,True,0.19442182334146232,3.725290298461914e-09,True
112,coordinate_median,bounded_poisoning,1,1,False,True,0.35733772971909944,3.725290298461914e-09,True
112,coordinate_median,bounded_poisoning,1,2,True,True,1.000000065192578,7.450580596923828e-09,False
112,coordinate_median,bounded_poisoning,1,3,False,True,0.3512347687241296,7.450580596923828e-09,True
112,coordinate_median,bounded_poisoning,1,4,False,True,0.3704653925660093,7.450580596923828e-09,True
112,coordinate_median,bounded_poisoning,1,5,False,True,0.19442164146285457,3.725290298461914e-09,True
112,coordinate_median,bounded_poisoning,1,6,False,True,0.19442098026157703,7.450580596923828e-09,True
112,coordinate_median,bounded_poisoning,1,7,True,True,0.999999977648258,7.450580596923828e-09,False
112,coordinate_median,bounded_poisoning,1,8,False,True,0.9940132179384017,7.450580596923828e-09,True
112,coordinate_median,bounded_poisoning,1,9,False,True,0.19442148727756414,3.725290298461914e-09,True
112,coordinate_median,bounded_poisoning,2,0,False,True,0.19442133488848704,3.725290298461914e-09,True
112,coordinate_median,bounded_poisoning,2,1,False,True,0.35842558143427894,3.725290298461914e-09,True
112,coordinate_median,bounded_poisoning,2,2,True,True,0.9999999348074177,7.450580596923828e-09,False
112,coordinate_median,bounded_poisoning,2,3,False,True,0.34540136685781203,3.725290298461914e-09,True
112,coordinate_median,bounded_poisoning,2,4,False,True,0.3638405634507002,7.450580596923828e-09,True
112,coordinate_median,bounded_poisoning,2,5,False,True,0.1944214306930288,7.450580596923828e-09,True
112,coordinate_median,bounded_poisoning,2,6,False,True,0.19442119118158582,7.450580596923828e-09,True
112,coordinate_median,bounded_poisoning,2,7,True,True,0.9999999580904833,7.450580596923828e-09,False
112,coordinate_median,bounded_poisoning,2,8,False,True,0.9811933203442627,3.725290298461914e-09,True
112,coordinate_median,bounded_poisoning,2,9,False,True,0.19442132411047314,7.450580596923828e-09,True
112,coordinate_median,bounded_poisoning,3,0,False,True,0.19442159386003038,7.450580596923828e-09,True
112,coordinate_median,bounded_poisoning,3,1,False,True,0.3527917735500815,7.450580596923828e-09,True
112,coordinate_median,bounded_poisoning,3,2,True,True,0.9999999711289997,7.450580596923828e-09,False
112,coordinate_median,bounded_poisoning,3,3,False,True,0.34142335441328714,3.725290298461914e-09,True
112,coordinate_median,bounded_poisoning,3,4,False,True,0.36436986286437706,7.450580596923828e-09,True
112,coordinate_median,bounded_poisoning,3,5,False,True,0.1944216508936014,3.725290298461914e-09,True
112,coordinate_median,bounded_poisoning,3,6,False,True,0.1944215746991419,3.725290298461914e-09,True
112,coordinate_median,bounded_poisoning,3,7,True,True,1.000000021420419,7.450580596923828e-09,False
112,coordinate_median,bounded_poisoning,3,8,False,True,0.9611535139670326,7.450580596923828e-09,True
112,coordinate_median,bounded_poisoning,3,9,False,True,0.19442142979486146,3.725290298461914e-09,True
112,coordinate_median,bounded_poisoning,4,0,False,True,0.19442177633745983,3.725290298461914e-09,True
112,coordinate_median,bounded_poisoning,4,1,False,True,0.34570197971337474,3.725290298461914e-09,True
112,coordinate_median,bounded_poisoning,4,2,True,True,0.9999999515712249,7.450580596923828e-09,False
112,coordinate_median,bounded_poisoning,4,3,False,True,0.34227549250860595,7.450580596923828e-09,True
112,coordinate_median,bounded_poisoning,4,4,False,True,0.3635208364653606,7.450580596923828e-09,True
112,coordinate_median,bounded_poisoning,4,5,False,True,0.19442178546881153,3.725290298461914e-09,True
112,coordinate_median,bounded_poisoning,4,6,False,True,0.19442145928468763,7.450580596923828e-09,True
112,coordinate_median,bounded_poisoning,4,7,True,True,0.9999999506399023,7.450580596923828e-09,False
112,coordinate_median,bounded_poisoning,4,8,False,True,0.9626663596810127,7.450580596923828e-09,True
112,coordinate_median,bounded_poisoning,4,9,False,True,0.194421256598178,3.725290298461914e-09,True
112,coordinate_median,bounded_poisoning,5,0,False,True,0.19442179504924562,7.450580596923828e-09,True
112,coordinate_median,bounded_poisoning,5,1,False,True,0.34151034265920943,3.725290298461914e-09,True
112,coordinate_median,bounded_poisoning,5,2,True,True,0.9999999832361935,7.450580596923828e-09,False
112,coordinate_median,bounded_poisoning,5,3,False,True,0.33351907259972485,3.725290298461914e-09,True
112,coordinate_median,bounded_poisoning,5,4,False,True,0.36120142293979035,7.450580596923828e-09,True
112,coordinate_median,bounded_poisoning,5,5,False,True,0.1944216226013596,7.450580596923828e-09,True
112,coordinate_median,bounded_poisoning,5,6,False,True,0.19442167903614468,3.725290298461914e-09,True
112,coordinate_median,bounded_poisoning,5,7,True,True,0.9999999813735483,7.450580596923828e-09,False
112,coordinate_median,bounded_poisoning,5,8,False,True,0.9502516227024984,7.450580596923828e-09,True
112,coordinate_median,bounded_poisoning,5,9,False,True,0.19441596436964298,7.450580596923828e-09,True
112,trimmed_mean,clean,1,0,False,True,0.19442182334146232,3.725290298461914e-09,True
112,trimmed_mean,clean,1,1,False,True,0.35733772971909944,3.725290298461914e-09,True
112,trimmed_mean,clean,1,2,False,True,0.9620452249245207,3.725290298461914e-09,True
112,trimmed_mean,clean,1,3,False,True,0.3512347687241296,7.450580596923828e-09,True
112,trimmed_mean,clean,1,4,False,True,0.3704653925660093,7.450580596923828e-09,True
112,trimmed_mean,clean,1,5,False,True,0.19442164146285457,3.725290298461914e-09,True
112,trimmed_mean,clean,1,6,False,True,0.19442098026157703,7.450580596923828e-09,True
112,trimmed_mean,clean,1,7,False,True,0.999999977648258,7.450580596923828e-09,True
112,trimmed_mean,clean,1,8,False,True,0.9940132179384017,7.450580596923828e-09,True
112,trimmed_mean,clean,1,9,False,True,0.19442148727756414,3.725290298461914e-09,True
112,trimmed_mean,clean,2,0,False,True,0.1944215935606415,7.450580596923828e-09,True
112,trimmed_mean,clean,2,1,False,True,0.355335093223829,7.450580596923828e-09,True
112,trimmed_mean,clean,2,2,False,True,0.9267838226221813,7.450580596923828e-09,True
112,trimmed_mean,clean,2,3,False,True,0.34518394507291916,3.725290298461914e-09,True
112,trimmed_mean,clean,2,4,False,True,0.3617556327225466,7.450580596923828e-09,True
112,trimmed_mean,clean,2,5,False,True,0.19442165134268455,7.450580596923828e-09,True
112,trimmed_mean,clean,2,6,False,True,0.1944214399740913,3.725290298461914e-09,True
112,trimmed_mean,clean,2,7,False,True,1.0000000242143867,7.450580596923828e-09,True
112,trimmed_mean,clean,2,8,False,True,0.9638753714788931,7.450580596923828e-09,True
112,trimmed_mean,clean,2,9,False,True,0.1944209890935763,7.450580596923828e-09,True
112,trimmed_mean,clean,3,0,False,True,0.19442167140173175,7.450580596923828e-09,True
112,trimmed_mean,clean,3,1,False,True,0.34312885047590436,7.450580596923828e-09,True
112,trimmed_mean,clean,3,2,False,True,0.8888455933772805,3.725290298461914e-09,True
112,trimmed_mean,clean,3,3,False,True,0.33895886147214344,7.450580596923828e-09,True
112,trimmed_mean,clean,3,4,False,True,0.3553420420022646,7.450580596923828e-09,True
112,trimmed_mean,clean,3,5,False,True,0.19442142171135504,3.725290298461914e-09,True
112,trimmed_mean,clean,3,6,False,True,0.19442154595780559,7.450580596923828e-09,True
112,trimmed_mean,clean,3,7,False,True,0.9999999832361935,7.450580596923828e-09,True
112,trimmed_mean,clean,3,8,False,True,0.9204296858762079,7.450580596923828e-09,True
112,trimmed_mean,clean,3,9,False,True,0.19442083730288878,7.450580596923828e-09,True
112,trimmed_mean,clean,4,0,False,True,0.1944216522408509,7.450580596923828e-09,True
112,trimmed_mean,clean,4,1,False,True,0.34722541382104266,7.450580596923828e-09,True
112,trimmed_mean,clean,4,2,False,True,0.841223540299148,7.450580596923828e-09,True
112,trimmed_mean,clean,4,3,False,True,0.3319357973223698,7.450580596923828e-09,True
112,trimmed_mean,clean,4,4,False,True,0.35838614606438896,7.450580596923828e-09,True
112,trimmed_mean,clean,4,5,False,True,0.19442152679691238,7.450580596923828e-09,True
112,trimmed_mean,clean,4,6,False,True,0.19441988838386318,7.450580596923828e-09,True
112,trimmed_mean,clean,4,7,False,True,1.0000000093132257,7.450580596923828e-09,True
112,trimmed_mean,clean,4,8,False,True,0.9079895886245608,7.450580596923828e-09,True
112,trimmed_mean,clean,4,9,False,True,0.19442130659619924,3.725290298461914e-09,True
112,trimmed_mean,clean,5,0,False,True,0.19442099103961,7.450580596923828e-09,True
112,trimmed_mean,clean,5,1,False,True,0.3436975703299357,3.725290298461914e-09,True
112,trimmed_mean,clean,5,2,False,True,0.8124391494027433,7.450580596923828e-09,True
112,trimmed_mean,clean,5,3,False,True,0.3232366375576359,7.450580596923828e-09,True
112,trimmed_mean,clean,5,4,False,True,0.3528457678521021,7.450580596923828e-09,True
112,trimmed_mean,clean,5,5,False,True,0.19442108684432122,7.450580596923828e-09,True
112,trimmed_mean,clean,5,6,False,True,0.19442109552662085,7.450580596923828e-09,True
112,trimmed_mean,clean,5,7,False,True,1.0000000353902572,7.450580596923828e-09,True
112,trimmed_mean,clean,5,8,False,True,0.8674248679809553,7.450580596923828e-09,True
112,trimmed_mean,clean,5,9,False,True,0.19442116258988762,7.450580596923828e-09,True
112,trimmed_mean,bounded_poisoning,1,0,False,True,0.19442182334146232,3.725290298461914e-09,True
112,trimmed_mean,bounded_poisoning,1,1,False,True,0.35733772971909944,3.725290298461914e-09,True
112,trimmed_mean,bounded_poisoning,1,2,True,True,1.000000065192578,7.450580596923828e-09,False
112,trimmed_mean,bounded_poisoning,1,3,False,True,0.3512347687241296,7.450580596923828e-09,True
112,trimmed_mean,bounded_poisoning,1,4,False,True,0.3704653925660093,7.450580596923828e-09,True
112,trimmed_mean,bounded_poisoning,1,5,False,True,0.19442164146285457,3.725290298461914e-09,True
112,trimmed_mean,bounded_poisoning,1,6,False,True,0.19442098026157703,7.450580596923828e-09,True
112,trimmed_mean,bounded_poisoning,1,7,True,True,0.999999977648258,7.450580596923828e-09,False
112,trimmed_mean,bounded_poisoning,1,8,False,True,0.9940132179384017,7.450580596923828e-09,True
112,trimmed_mean,bounded_poisoning,1,9,False,True,0.19442148727756414,3.725290298461914e-09,True
112,trimmed_mean,bounded_poisoning,2,0,False,True,0.19442173696785664,3.725290298461914e-09,True
112,trimmed_mean,bounded_poisoning,2,1,False,True,0.3588690081916939,7.450580596923828e-09,True
112,trimmed_mean,bounded_poisoning,2,2,True,True,1.0000000325962897,7.450580596923828e-09,False
112,trimmed_mean,bounded_poisoning,2,3,False,True,0.34776273011611947,3.725290298461914e-09,True
112,trimmed_mean,bounded_poisoning,2,4,False,True,0.36450795777441,7.450580596923828e-09,True
112,trimmed_mean,bounded_poisoning,2,5,False,True,0.1944216318824129,7.450580596923828e-09,True
112,trimmed_mean,bounded_poisoning,2,6,False,True,0.19442146901483232,7.450580596923828e-09,True
112,trimmed_mean,bounded_poisoning,2,7,True,True,1.0000000232830641,7.450580596923828e-09,False
112,trimmed_mean,bounded_poisoning,2,8,False,True,0.9810696713311291,7.450580596923828e-09,True
112,trimmed_mean,bounded_poisoning,2,9,False,True,0.19442119028341737,7.450580596923828e-09,True
112,trimmed_mean,bounded_poisoning,3,0,False,True,0.19442140195167124,7.450580596923828e-09,True
112,trimmed_mean,bounded_poisoning,3,1,False,True,0.35436077020179485,7.450580596923828e-09,True
112,trimmed_mean,bounded_poisoning,3,2,True,True,1.0000000577419978,7.450580596923828e-09,False
112,trimmed_mean,bounded_poisoning,3,3,False,True,0.34213191028858675,7.450580596923828e-09,True
112,trimmed_mean,bounded_poisoning,3,4,False,True,0.3642195391937921,7.450580596923828e-09,True
112,trimmed_mean,bounded_poisoning,3,5,False,True,0.194421641612549,3.725290298461914e-09,True
112,trimmed_mean,bounded_poisoning,3,6,False,True,0.1944216318824129,7.450580596923828e-09,True
112,trimmed_mean,bounded_poisoning,3,7,True,True,1.0000000046566129,7.450580596923828e-09,False
112,trimmed_mean,bounded_poisoning,3,8,False,True,0.96235438788168,7.450580596923828e-09,True
112,trimmed_mean,bounded_poisoning,3,9,False,True,0.19442128593833574,3.725290298461914e-09,True
112,trimmed_mean,bounded_poisoning,4,0,False,True,0.19442130659619924,3.725290298461914e-09,True
112,trimmed_mean,bounded_poisoning,4,1,False,True,0.3512713654045768,3.725290298461914e-09,True
112,trimmed_mean,bounded_poisoning,4,2,True,True,0.9999999711289997,7.450580596923828e-09,False
112,trimmed_mean,bounded_poisoning,4,3,False,True,0.3412638087080218,7.450580596923828e-09,True
112,trimmed_mean,bounded_poisoning,4,4,False,True,0.3647770475941707,7.450580596923828e-09,True
112,trimmed_mean,bounded_poisoning,4,5,False,True,0.19442167005448238,3.725290298461914e-09,True
112,trimmed_mean,bounded_poisoning,4,6,False,True,0.19442154550872218,3.725290298461914e-09,True
112,trimmed_mean,bounded_poisoning,4,7,True,True,0.9999999916180968,7.450580596923828e-09,False
112,trimmed_mean,bounded_poisoning,4,8,False,True,0.9592518821816027,7.450580596923828e-09,True
112,trimmed_mean,bounded_poisoning,4,9,False,True,0.19442135330092608,7.450580596923828e-09,True
112,trimmed_mean,bounded_poisoning,5,0,False,True,0.19442175657781208,3.725290298461914e-09,True
112,trimmed_mean,bounded_poisoning,5,1,False,True,0.34308650522294754,3.725290298461914e-09,True
112,trimmed_mean,bounded_poisoning,5,2,True,True,1.0000000391155475,7.450580596923828e-09,False
112,trimmed_mean,bounded_poisoning,5,3,False,True,0.33284524825882356,7.450580596923828e-09,True
112,trimmed_mean,bounded_poisoning,5,4,False,True,0.36112730399593757,7.450580596923828e-09,True
112,trimmed_mean,bounded_poisoning,5,5,False,True,0.19442153697613712,7.450580596923828e-09,True
112,trimmed_mean,bounded_poisoning,5,6,False,True,0.19442143009425059,3.725290298461914e-09,True
112,trimmed_mean,bounded_poisoning,5,7,True,True,0.9999999869614838,7.450580596923828e-09,False
112,trimmed_mean,bounded_poisoning,5,8,False,True,0.9496155133317706,7.450580596923828e-09,True
112,trimmed_mean,bounded_poisoning,5,9,False,True,0.19442107337178655,7.450580596923828e-09,True
122,mean,clean,1,0,False,True,0.19442118998402788,7.450580596923828e-09,True
122,mean,clean,1,1,False,True,1.0000000139698386,7.450580596923828e-09,True
122,mean,clean,1,2,False,True,0.35419183018174477,7.450580596923828e-09,True
122,mean,clean,1,3,False,True,0.3582190839863779,3.725290298461914e-09,True
122,mean,clean,1,4,False,True,0.538488796304089,7.450580596923828e-09,True
122,mean,clean,1,5,False,True,0.19442171810637093,3.725290298461914e-09,True
122,mean,clean,1,6,False,True,0.35772040640338026,7.450580596923828e-09,True
122,mean,clean,1,7,False,True,0.6722369390448569,7.450580596923828e-09,True
122,mean,clean,1,8,False,True,0.364535287404665,7.450580596923828e-09,True
122,mean,clean,1,9,False,True,0.6950370726596835,7.450580596923828e-09,True
122,mean,clean,2,0,False,True,0.19442051815285155,7.450580596923828e-09,True
122,mean,clean,2,1,False,True,1.0000000307336445,7.450580596923828e-09,True
122,mean,clean,2,2,False,True,0.34719332268439285,7.450580596923828e-09,True
122,mean,clean,2,3,False,True,0.3596519929780138,7.450580596923828e-09,True
122,mean,clean,2,4,False,True,0.5351379601979911,7.450580596923828e-09,True
122,mean,clean,2,5,False,True,0.19442161257183374,7.450580596923828e-09,True
122,mean,clean,2,6,False,True,0.3489239049114231,7.450580596923828e-09,True
122,mean,clean,2,7,False,True,0.6670935624970687,7.450580596923828e-09,True
122,mean,clean,2,8,False,True,0.3594008182497945,7.450580596923828e-09,True
122,mean,clean,2,9,False,True,0.6847147999978995,3.725290298461914e-09,True
122,mean,clean,3,0,False,True,0.19442125734665144,7.450580596923828e-09,True
122,mean,clean,3,1,False,True,1.0000000074505806,7.450580596923828e-09,True
122,mean,clean,3,2,False,True,0.3362435745778434,7.450580596923828e-09,True
122,mean,clean,3,3,False,True,0.3525038368717164,7.450580596923828e-09,True
122,mean,clean,3,4,False,True,0.5247699783568288,3.725290298461914e-09,True
122,mean,clean,3,5,False,True,0.19442102801424632,3.725290298461914e-09,True
122,mean,clean,3,6,False,True,0.3446967338970538,7.450580596923828e-09,True
122,mean,clean,3,7,False,True,0.6580594087018701,7.450580596923828e-09,True
122,mean,clean,3,8,False,True,0.34779750507284296,3.725290298461914e-09,True
122,mean,clean,3,9,False,True,0.6843041291567168,7.450580596923828e-09,True
122,mean,clean,4,0,False,True,0.19442107561720906,3.725290298461914e-09,True
122,mean,clean,4,1,False,True,1.0000000149011612,7.450580596923828e-09,True
122,mean,clean,4,2,False,True,0.32753068882537717,7.450580596923828e-09,True
122,mean,clean,4,3,False,True,0.34765231875007824,7.450580596923828e-09,True
122,mean,clean,4,4,False,True,0.5140172224446706,7.450580596923828e-09,True
122,mean,clean,4,5,False,True,0.19442052129645204,3.725290298461914e-09,True
122,mean,clean,4,6,False,True,0.3335291917973158,7.450580596923828e-09,True
122,mean,clean,4,7,False,True,0.6468746953251715,3.725290298461914e-09,True
122,mean,clean,4,8,False,True,0.3442082544176669,3.725290298461914e-09,True
122,mean,clean,4,9,False,True,0.6770742778753291,7.450580596923828e-09,True
122,mean,clean,5,0,False,True,0.19442119058280685,7.450580596923828e-09,True
122,mean,clean,5,1,False,True,1.0000000204890964,3.725290298461914e-09,True
122,mean,clean,5,2,False,True,0.33243657994609177,7.450580596923828e-09,True
122,mean,clean,5,3,False,True,0.3388640605606349,3.725290298461914e-09,True
122,mean,clean,5,4,False,True,0.5207489789760696,3.725290298461914e-09,True
122,mean,clean,5,5,False,True,0.19442133533757094,7.450580596923828e-09,True
122,mean,clean,5,6,False,True,0.32577510753336547,3.725290298461914e-09,True
122,mean,clean,5,7,False,True,0.6470606359005251,7.450580596923828e-09,True
122,mean,clean,5,8,False,True,0.3417591394302101,7.450580596923828e-09,True
122,mean,clean,5,9,False,True,0.6713502159599226,7.450580596923828e-09,True
122,mean,bounded_poisoning,1,0,False,True,0.19442118998402788,7.450580596923828e-09,True
122,mean,bounded_poisoning,1,1,True,True,1.0000000139698386,7.450580596923828e-09,False
122,mean,bounded_poisoning,1,2,False,True,0.35419183018174477,7.450580596923828e-09,True
122,mean,bounded_poisoning,1,3,False,True,0.3582190839863779,3.725290298461914e-09,True
122,mean,bounded_poisoning,1,4,False,True,0.538488796304089,7.450580596923828e-09,True
122,mean,bounded_poisoning,1,5,False,True,0.19442171810637093,3.725290298461914e-09,True
122,mean,bounded_poisoning,1,6,False,True,0.35772040640338026,7.450580596923828e-09,True
122,mean,bounded_poisoning,1,7,True,True,1.0000000884756406,7.450580596923828e-09,False
122,mean,bounded_poisoning,1,8,False,True,0.364535287404665,7.450580596923828e-09,True
122,mean,bounded_poisoning,1,9,False,True,0.6950370726596835,7.450580596923828e-09,True
122,mean,bounded_poisoning,2,0,False,True,0.19442144895576424,3.725290298461914e-09,True
122,mean,bounded_poisoning,2,1,True,True,0.999999977648258,7.450580596923828e-09,False
122,mean,bounded_poisoning,2,2,False,True,0.35443378491521854,7.450580596923828e-09,True
122,mean,bounded_poisoning,2,3,False,True,0.3649361120559133,7.450580596923828e-09,True
122,mean,bounded_poisoning,2,4,False,True,0.5362415034177043,3.725290298461914e-09,True
122,mean,bounded_poisoning,2,5,False,True,0.19442149775617998,3.725290298461914e-09,True
122,mean,bounded_poisoning,2,6,False,True,0.35682570102699945,3.725290298461914e-09,True
122,mean,bounded_poisoning,2,7,True,True,1.000000033527612,7.450580596923828e-09,False
122,mean,bounded_poisoning,2,8,False,True,0.36439293114384,3.725290298461914e-09,True
122,mean,bounded_poisoning,2,9,False,True,0.6865520722290108,7.450580596923828e-09,True
122,mean,bounded_poisoning,3,0,False,True,0.194420777574568,3.725290298461914e-09,True
122,mean,bounded_poisoning,3,1,True,True,1.000000029802322,7.450580596923828e-09,False
122,mean,bounded_poisoning,3,2,False,True,0.3509719915999875,3.725290298461914e-09,True
122,mean,bounded_poisoning,3,3,False,True,0.36142977528348075,7.450580596923828e-09,True
122,mean,bounded_poisoning,3,4,False,True,0.5358608373308341,7.450580596923828e-09,True
122,mean,bounded_poisoning,3,5,False,True,0.1944216508936014,3.725290298461914e-09,True
122,mean,bounded_poisoning,3,6,False,True,0.3552680467481818,7.450580596923828e-09,True
122,mean,bounded_poisoning,3,7,True,True,0.9999999813735483,7.450580596923828e-09,False
122,mean,bounded_poisoning,3,8,False,True,0.36226103884743466,7.450580596923828e-09,True
122,mean,bounded_poisoning,3,9,False,True,0.6846733838739002,3.725290298461914e-09,True
122,mean,bounded_poisoning,4,0,False,True,0.1944194987254428,7.450580596923828e-09,True
122,mean,bounded_poisoning,4,1,True,True,0.9999999953433871,3.725290298461914e-09,False
122,mean,bounded_poisoning,4,2,False,True,0.35026369952296577,7.450580596923828e-09,True
122,mean,bounded_poisoning,4,3,False,True,0.3601013593648305,3.725290298461914e-09,True
122,mean,bounded_poisoning,4,4,False,True,0.5321860774854765,3.725290298461914e-09,True
122,mean,bounded_poisoning,4,5,False,True,0.1944216606237365,3.725290298461914e-09,True
122,mean,bounded_poisoning,4,6,False,True,0.3521152409548835,7.450580596923828e-09,True
122,mean,bounded_poisoning,4,7,True,True,0.9999999403953534,7.450580596923828e-09,False
122,mean,bounded_poisoning,4,8,False,True,0.3610640672500014,3.725290298461914e-09,True
122,mean,bounded_poisoning,4,9,False,True,0.6850154330197057,3.725290298461914e-09,True
122,mean,bounded_poisoning,5,0,False,True,0.19442038252889662,7.450580596923828e-09,True
122,mean,bounded_poisoning,5,1,True,True,0.9999999422579987,7.450580596923828e-09,False
122,mean,bounded_poisoning,5,2,False,True,0.35215554847720615,7.450580596923828e-09,True
122,mean,bounded_poisoning,5,3,False,True,0.35550513939302575,3.725290298461914e-09,True
122,mean,bounded_poisoning,5,4,False,True,0.539014749381627,3.725290298461914e-09,True
122,mean,bounded_poisoning,5,5,False,True,0.19442178501972868,7.450580596923828e-09,True
122,mean,bounded_poisoning,5,6,False,True,0.3448155155990382,3.725290298461914e-09,True
122,mean,bounded_poisoning,5,7,True,True,1.0000000149011612,7.450580596923828e-09,False
122,mean,bounded_poisoning,5,8,False,True,0.3564907727580756,7.450580596923828e-09,True
122,mean,bounded_poisoning,5,9,False,True,0.6775535375215045,7.450580596923828e-09,True
122,coordinate_median,clean,1,0,False,True,0.19442118998402788,7.450580596923828e-09,True
122,coordinate_median,clean,1,1,False,True,1.0000000139698386,7.450580596923828e-09,True
122,coordinate_median,clean,1,2,False,True,0.35419183018174477,7.450580596923828e-09,True
122,coordinate_median,clean,1,3,False,True,0.3582190839863779,3.725290298461914e-09,True
122,coordinate_median,clean,1,4,False,True,0.538488796304089,7.450580596923828e-09,True
122,coordinate_median,clean,1,5,False,True,0.19442171810637093,3.725290298461914e-09,True
122,coordinate_median,clean,1,6,False,True,0.35772040640338026,7.450580596923828e-09,True
122,coordinate_median,clean,1,7,False,True,0.6722369390448569,7.450580596923828e-09,True
122,coordinate_median,clean,1,8,False,True,0.364535287404665,7.450580596923828e-09,True
122,coordinate_median,clean,1,9,False,True,0.6950370726596835,7.450580596923828e-09,True
122,coordinate_median,clean,2,0,False,True,0.19441896161528355,3.725290298461914e-09,True
122,coordinate_median,clean,2,1,False,True,1.000000013038516,7.450580596923828e-09,True
122,coordinate_median,clean,2,2,False,True,0.3488287829065046,3.725290298461914e-09,True
122,coordinate_median,clean,2,3,False,True,0.3565970385324349,7.450580596923828e-09,True
122,coordinate_median,clean,2,4,False,True,0.5333253874006775,3.725290298461914e-09,True
122,coordinate_median,clean,2,5,False,True,0.19442095181954272,7.450580596923828e-09,True
122,coordinate_median,clean,2,6,False,True,0.34637508711578036,3.725290298461914e-09,True
122,coordinate_median,clean,2,7,False,True,0.6704823878051844,3.725290298461914e-09,True
122,coordinate_median,clean,2,8,False,True,0.35501827985731144,7.450580596923828e-09,True
122,coordinate_median,clean,2,9,False,True,0.6841124337933047,7.450580596923828e-09,True
122,coordinate_median,clean,3,0,False,True,0.19442136273168686,3.725290298461914e-09,True
122,coordinate_median,clean,3,1,False,True,1.0000000763684482,7.450580596923828e-09,True
122,coordinate_median,clean,3,2,False,True,0.3388728380419224,7.450580596923828e-09,True
122,coordinate_median,clean,3,3,False,True,0.3506628602282326,7.450580596923828e-09,True
122,coordinate_median,clean,3,4,False,True,0.5240513072598567,3.725290298461914e-09,True
122,coordinate_median,clean,3,5,False,True,0.19442090436624462,3.725290298461914e-09,True
122,coordinate_median,clean,3,6,False,True,0.3398330840267641,7.450580596923828e-09,True
122,coordinate_median,clean,3,7,False,True,0.6565556651630725,3.725290298461914e-09,True
122,coordinate_median,clean,3,8,False,True,0.3466453018059979,7.450580596923828e-09,True
122,coordinate_median,clean,3,9,False,True,0.686189520089004,7.450580596923828e-09,True
122,coordinate_median,clean,4,0,False,True,0.19442144955454244,3.725290298461914e-09,True
122,coordinate_median,clean,4,1,False,True,1.0,7.450580596923828e-09,True
122,coordinate_median,clean,4,2,False,True,0.333914580428113,3.725290298461914e-09,True
122,coordinate_median,clean,4,3,False,True,0.34587804496184427,7.450580596923828e-09,True
122,coordinate_median,clean,4,4,False,True,0.5179218248684976,3.725290298461914e-09,True
122,coordinate_median,clean,4,5,False,True,0.19442078910108748,3.725290298461914e-09,True
122,coordinate_median,clean,4,6,False,True,0.3333300928582942,7.450580596923828e-09,True
122,coordinate_median,clean,4,7,False,True,0.6493947133788514,7.450580596923828e-09,True
122,coordinate_median,clean,4,8,False,True,0.34576395679545335,7.450580596923828e-09,True
122,coordinate_median,clean,4,9,False,True,0.6770793768724362,3.725290298461914e-09,True
122,coordinate_median,clean,5,0,False,True,0.19442074943189422,7.450580596923828e-09,True
122,coordinate_median,clean,5,1,False,True,0.9999999664723868,7.450580596923828e-09,True
122,coordinate_median,clean,5,2,False,True,0.33519552735394137,3.725290298461914e-09,True
122,coordinate_median,clean,5,3,False,True,0.34243016157669887,7.450580596923828e-09,True
122,coordinate_median,clean,5,4,False,True,0.5228439059389801,3.725290298461914e-09,True
122,coordinate_median,clean,5,5,False,True,0.1944213543487884,7.450580596923828e-09,True
122,coordinate_median,clean,5,6,False,True,0.32651798863821174,7.450580596923828e-09,True
122,coordinate_median,clean,5,7,False,True,0.6503631640413406,7.450580596923828e-09,True
122,coordinate_median,clean,5,8,False,True,0.3419328323807261,7.450580596923828e-09,True
122,coordinate_median,clean,5,9,False,True,0.6684517146164516,7.450580596923828e-09,True
122,coordinate_median,bounded_poisoning,1,0,False,True,0.19442118998402788,7.450580596923828e-09,True
122,coordinate_median,bounded_poisoning,1,1,True,True,1.0000000139698386,7.450580596923828e-09,False
122,coordinate_median,bounded_poisoning,1,2,False,True,0.35419183018174477,7.450580596923828e-09,True
122,coordinate_median,bounded_poisoning,1,3,False,True,0.3582190839863779,3.725290298461914e-09,True
122,coordinate_median,bounded_poisoning,1,4,False,True,0.538488796304089,7.450580596923828e-09,True
122,coordinate_median,bounded_poisoning,1,5,False,True,0.19442171810637093,3.725290298461914e-09,True
122,coordinate_median,bounded_poisoning,1,6,False,True,0.35772040640338026,7.450580596923828e-09,True
122,coordinate_median,bounded_poisoning,1,7,True,True,1.0000000884756406,7.450580596923828e-09,False
122,coordinate_median,bounded_poisoning,1,8,False,True,0.364535287404665,7.450580596923828e-09,True
122,coordinate_median,bounded_poisoning,1,9,False,True,0.6950370726596835,7.450580596923828e-09,True
122,coordinate_median,bounded_poisoning,2,0,False,True,0.1944214106339568,3.725290298461914e-09,True
122,coordinate_median,bounded_poisoning,2,1,True,True,0.9999999925494194,7.450580596923828e-09,False
122,coordinate_median,bounded_poisoning,2,2,False,True,0.352700459039466,7.450580596923828e-09,True
122,coordinate_median,bounded_poisoning,2,3,False,True,0.3651888842608084,7.450580596923828e-09,True
122,coordinate_median,bounded_poisoning,2,4,False,True,0.5345991595509048,3.725290298461914e-09,True
122,coordinate_median,bounded_poisoning,2,5,False,True,0.19442163203210733,7.450580596923828e-09,True
122,coordinate_median,bounded_poisoning,2,6,False,True,0.35656853172537667,3.725290298461914e-09,True
122,coordinate_median,bounded_poisoning,2,7,True,True,0.9999999925494194,7.450580596923828e-09,False
122,coordinate_median,bounded_poisoning,2,8,False,True,0.3641250543563627,7.450580596923828e-09,True
122,coordinate_median,bounded_poisoning,2,9,False,True,0.6853827649588407,3.725290298461914e-09,True
122,coordinate_median,bounded_poisoning,3,0,False,True,0.1944189891594304,7.450580596923828e-09,True
122,coordinate_median,bounded_poisoning,3,1,True,True,0.9999999850988387,7.450580596923828e-09,False
122,coordinate_median,bounded_poisoning,3,2,False,True,0.34998620093340355,3.725290298461914e-09,True
122,coordinate_median,bounded_poisoning,3,3,False,True,0.35991411160678194,7.450580596923828e-09,True
122,coordinate_median,bounded_poisoning,3,4,False,True,0.531356872649732,7.450580596923828e-09,True
122,coordinate_median,bounded_poisoning,3,5,False,True,0.19442162230197077,3.725290298461914e-09,True
122,coordinate_median,bounded_poisoning,3,6,False,True,0.35216731888575326,7.450580596923828e-09,True
122,coordinate_median,bounded_poisoning,3,7,True,True,1.0000000139698386,7.450580596923828e-09,False
122,coordinate_median,bounded_poisoning,3,8,False,True,0.3605172579468602,7.450580596923828e-09,True
122,coordinate_median,bounded_poisoning,3,9,False,True,0.6845570752092521,7.450580596923828e-09,True
122,coordinate_median,bounded_poisoning,4,0,False,True,0.1944213046501687,7.450580596923828e-09,True
122,coordinate_median,bounded_poisoning,4,1,True,True,0.9999999031424476,3.725290298461914e-09,False
122,coordinate_median,bounded_poisoning,4,2,False,True,0.34576406621973793,7.450580596923828e-09,True
122,coordinate_median,bounded_poisoning,4,3,False,True,0.35971461871872706,7.450580596923828e-09,True
122,coordinate_median,bounded_poisoning,4,4,False,True,0.5252328373394118,7.450580596923828e-09,True
122,coordinate_median,bounded_poisoning,4,5,False,True,0.1944214498539315,3.725290298461914e-09,True
122,coordinate_median,bounded_poisoning,4,6,False,True,0.3472676569961811,7.450580596923828e-09,True
122,coordinate_median,bounded_poisoning,4,7,True,True,1.0000000055879354,7.450580596923828e-09,False
122,coordinate_median,bounded_poisoning,4,8,False,True,0.3541626633448233,3.725290298461914e-09,True
122,coordinate_median,bounded_poisoning,4,9,False,True,0.6843776227626448,7.450580596923828e-09,True
122,coordinate_median,bounded_poisoning,5,0,False,True,0.19442138189259625,7.450580596923828e-09,True
122,coordinate_median,bounded_poisoning,5,1,True,True,0.999999993480742,7.450580596923828e-09,False
122,coordinate_median,bounded_poisoning,5,2,False,True,0.34898003082526313,3.725290298461914e-09,True
122,coordinate_median,bounded_poisoning,5,3,False,True,0.35195164733093864,7.450580596923828e-09,True
122,coordinate_median,bounded_poisoning,5,4,False,True,0.5320861451813998,7.450580596923828e-09,True
122,coordinate_median,bounded_poisoning,5,5,False,True,0.19442146901483232,3.725290298461914e-09,True
122,coordinate_median,bounded_poisoning,5,6,False,True,0.33998886797322364,7.450580596923828e-09,True
122,coordinate_median,bounded_poisoning,5,7,True,True,1.0000000055879354,7.450580596923828e-09,False
122,coordinate_median,bounded_poisoning,5,8,False,True,0.35019313037147776,7.450580596923828e-09,True
122,coordinate_median,bounded_poisoning,5,9,False,True,0.6669380688249745,7.450580596923828e-09,True
122,trimmed_mean,clean,1,0,False,True,0.19442118998402788,7.450580596923828e-09,True
122,trimmed_mean,clean,1,1,False,True,1.0000000139698386,7.450580596923828e-09,True
122,trimmed_mean,clean,1,2,False,True,0.35419183018174477,7.450580596923828e-09,True
122,trimmed_mean,clean,1,3,False,True,0.3582190839863779,3.725290298461914e-09,True
122,trimmed_mean,clean,1,4,False,True,0.538488796304089,7.450580596923828e-09,True
122,trimmed_mean,clean,1,5,False,True,0.19442171810637093,3.725290298461914e-09,True
122,trimmed_mean,clean,1,6,False,True,0.35772040640338026,7.450580596923828e-09,True
122,trimmed_mean,clean,1,7,False,True,0.6722369390448569,7.450580596923828e-09,True
122,trimmed_mean,clean,1,8,False,True,0.364535287404665,7.450580596923828e-09,True
122,trimmed_mean,clean,1,9,False,True,0.6950370726596835,7.450580596923828e-09,True
122,trimmed_mean,clean,2,0,False,True,0.19442001846942394,3.725290298461914e-09,True
122,trimmed_mean,clean,2,1,False,True,0.9999999916180968,7.450580596923828e-09,True
122,trimmed_mean,clean,2,2,False,True,0.3476048777160692,7.450580596923828e-09,True
122,trimmed_mean,clean,2,3,False,True,0.35906442083416856,7.450580596923828e-09,True
122,trimmed_mean,clean,2,4,False,True,0.5354969217694344,3.725290298461914e-09,True
122,trimmed_mean,clean,2,5,False,True,0.19441922732631983,7.450580596923828e-09,True
122,trimmed_mean,clean,2,6,False,True,0.3476280247155008,3.725290298461914e-09,True
122,trimmed_mean,clean,2,7,False,True,0.6703416965812925,7.450580596923828e-09,True
122,trimmed_mean,clean,2,8,False,True,0.3578876622301587,7.450580596923828e-09,True
122,trimmed_mean,clean,2,9,False,True,0.6848505959178425,7.450580596923828e-09,True
122,trimmed_mean,clean,3,0,False,True,0.19442128593833574,7.450580596923828e-09,True
122,trimmed_mean,clean,3,1,False,True,1.000000011175871,7.450580596923828e-09,True
122,trimmed_mean,clean,3,2,False,True,0.3379455901378115,3.725290298461914e-09,True
122,trimmed_mean,clean,3,3,False,True,0.3497566137528049,3.725290298461914e-09,True
122,trimmed_mean,clean,3,4,False,True,0.5258037390334716,3.725290298461914e-09,True
122,trimmed_mean,clean,3,5,False,True,0.1944212675258903,7.450580596923828e-09,True
122,trimmed_mean,clean,3,6,False,True,0.34301614184095847,7.450580596923828e-09,True
122,trimmed_mean,clean,3,7,False,True,0.6558598255385396,7.450580596923828e-09,True
122,trimmed_mean,clean,3,8,False,True,0.3478019243734606,7.450580596923828e-09,True
122,trimmed_mean,clean,3,9,False,True,0.6863823789181424,7.450580596923828e-09,True
122,trimmed_mean,clean,4,0,False,True,0.1944213251583356,7.450580596923828e-09,True
122,trimmed_mean,clean,4,1,False,True,1.0000000782310932,7.450580596923828e-09,True
122,trimmed_mean,clean,4,2,False,True,0.33053677058390624,3.725290298461914e-09,True
122,trimmed_mean,clean,4,3,False,True,0.34566879741852036,3.725290298461914e-09,True
122,trimmed_mean,clean,4,4,False,True,0.5144554460367432,7.450580596923828e-09,True
122,trimmed_mean,clean,4,5,False,True,0.1944210961254001,3.725290298461914e-09,True
122,trimmed_mean,clean,4,6,False,True,0.33201194209170914,7.450580596923828e-09,True
122,trimmed_mean,clean,4,7,False,True,0.6459903810497916,7.450580596923828e-09,True
122,trimmed_mean,clean,4,8,False,True,0.3446706697496828,7.450580596923828e-09,True
122,trimmed_mean,clean,4,9,False,True,0.6779108429248344,3.725290298461914e-09,True
122,trimmed_mean,clean,5,0,False,True,0.19442124806558025,7.450580596923828e-09,True
122,trimmed_mean,clean,5,1,False,True,1.0000000018626451,7.450580596923828e-09,True
122,trimmed_mean,clean,5,2,False,True,0.33701577586227627,3.725290298461914e-09,True
122,trimmed_mean,clean,5,3,False,True,0.3415501034098818,7.450580596923828e-09,True
122,trimmed_mean,clean,5,4,False,True,0.5219696743365222,3.725290298461914e-09,True
122,trimmed_mean,clean,5,5,False,True,0.1944209902911355,7.450580596923828e-09,True
122,trimmed_mean,clean,5,6,False,True,0.3259194326593625,7.450580596923828e-09,True
122,trimmed_mean,clean,5,7,False,True,0.6482458822519186,7.450580596923828e-09,True
122,trimmed_mean,clean,5,8,False,True,0.3421421806762002,7.450580596923828e-09,True
122,trimmed_mean,clean,5,9,False,True,0.6728526068348524,7.450580596923828e-09,True
122,trimmed_mean,bounded_poisoning,1,0,False,True,0.19442118998402788,7.450580596923828e-09,True
122,trimmed_mean,bounded_poisoning,1,1,True,True,1.0000000139698386,7.450580596923828e-09,False
122,trimmed_mean,bounded_poisoning,1,2,False,True,0.35419183018174477,7.450580596923828e-09,True
122,trimmed_mean,bounded_poisoning,1,3,False,True,0.3582190839863779,3.725290298461914e-09,True
122,trimmed_mean,bounded_poisoning,1,4,False,True,0.538488796304089,7.450580596923828e-09,True
122,trimmed_mean,bounded_poisoning,1,5,False,True,0.19442171810637093,3.725290298461914e-09,True
122,trimmed_mean,bounded_poisoning,1,6,False,True,0.35772040640338026,7.450580596923828e-09,True
122,trimmed_mean,bounded_poisoning,1,7,True,True,1.0000000884756406,7.450580596923828e-09,False
122,trimmed_mean,bounded_poisoning,1,8,False,True,0.364535287404665,7.450580596923828e-09,True
122,trimmed_mean,bounded_poisoning,1,9,False,True,0.6950370726596835,7.450580596923828e-09,True
122,trimmed_mean,bounded_poisoning,2,0,False,True,0.1944209027196,3.725290298461914e-09,True
122,trimmed_mean,bounded_poisoning,2,1,True,True,0.9999999636784189,7.450580596923828e-09,False
122,trimmed_mean,bounded_poisoning,2,2,False,True,0.353104865464892,7.450580596923828e-09,True
122,trimmed_mean,bounded_poisoning,2,3,False,True,0.36417963829263195,7.450580596923828e-09,True
122,trimmed_mean,bounded_poisoning,2,4,False,True,0.5357907464268254,7.450580596923828e-09,True
122,trimmed_mean,bounded_poisoning,2,5,False,True,0.19442167963492216,7.450580596923828e-09,True
122,trimmed_mean,bounded_poisoning,2,6,False,True,0.3557498679646711,3.725290298461914e-09,True
122,trimmed_mean,bounded_poisoning,2,7,True,True,1.0000000083819032,7.450580596923828e-09,False
122,trimmed_mean,bounded_poisoning,2,8,False,True,0.3651331427216167,3.725290298461914e-09,True
122,trimmed_mean,bounded_poisoning,2,9,False,True,0.6860239991879314,7.450580596923828e-09,True
122,trimmed_mean,bounded_poisoning,3,0,False,True,0.1944196907853765,3.725290298461914e-09,True
122,trimmed_mean,bounded_poisoning,3,1,True,True,1.0000000121071935,7.450580596923828e-09,False
122,trimmed_mean,bounded_poisoning,3,2,False,True,0.34870924065158787,3.725290298461914e-09,True
122,trimmed_mean,bounded_poisoning,3,3,False,True,0.35899097329676727,3.725290298461914e-09,True
122,trimmed_mean,bounded_poisoning,3,4,False,True,0.5318508733955926,7.450580596923828e-09,True
122,trimmed_mean,bounded_poisoning,3,5,False,True,0.19442158412989194,3.725290298461914e-09,True
122,trimmed_mean,bounded_poisoning,3,6,False,True,0.35278340441952144,7.450580596923828e-09,True
122,trimmed_mean,bounded_poisoning,3,7,True,True,1.000000031664967,7.450580596923828e-09,False
122,trimmed_mean,bounded_poisoning,3,8,False,True,0.36280311022224043,7.450580596923828e-09,True
122,trimmed_mean,bounded_poisoning,3,9,False,True,0.6842751825929215,3.725290298461914e-09,True
122,trimmed_mean,bounded_poisoning,4,0,False,True,0.1944207867059666,3.725290298461914e-09,True
122,trimmed_mean,bounded_poisoning,4,1,True,True,0.9999999143183195,7.450580596923828e-09,False
122,trimmed_mean,bounded_poisoning,4,2,False,True,0.3454223724617596,7.450580596923828e-09,True
122,trimmed_mean,bounded_poisoning,4,3,False,True,0.35524377803929225,3.725290298461914e-09,True
122,trimmed_mean,bounded_poisoning,4,4,False,True,0.5286233327372619,7.450580596923828e-09,True
122,trimmed_mean,bounded_poisoning,4,5,False,True,0.1944213829404584,3.725290298461914e-09,True
122,trimmed_mean,bounded_poisoning,4,6,False,True,0.34859260058705105,7.450580596923828e-09,True
122,trimmed_mean,bounded_poisoning,4,7,True,True,0.9999999972060323,7.450580596923828e-09,False
122,trimmed_mean,bounded_poisoning,4,8,False,True,0.35627548241401197,3.725290298461914e-09,True
122,trimmed_mean,bounded_poisoning,4,9,False,True,0.6844433987906888,3.725290298461914e-09,True
122,trimmed_mean,bounded_poisoning,5,0,False,True,0.19441119760301742,7.450580596923828e-09,True
122,trimmed_mean,bounded_poisoning,5,1,True,True,0.9999999944120646,7.450580596923828e-09,False
122,trimmed_mean,bounded_poisoning,5,2,False,True,0.3506982418921946,7.450580596923828e-09,True
122,trimmed_mean,bounded_poisoning,5,3,False,True,0.35133195476987306,7.450580596923828e-09,True
122,trimmed_mean,bounded_poisoning,5,4,False,True,0.5328610260741578,3.725290298461914e-09,True
122,trimmed_mean,bounded_poisoning,5,5,False,True,0.19442167020417675,3.725290298461914e-09,True
122,trimmed_mean,bounded_poisoning,5,6,False,True,0.3406075295673007,3.725290298461914e-09,True
122,trimmed_mean,bounded_poisoning,5,7,True,True,1.0000000698491907,7.450580596923828e-09,False
122,trimmed_mean,bounded_poisoning,5,8,False,True,0.3523525450643873,7.450580596923828e-09,True
122,trimmed_mean,bounded_poisoning,5,9,False,True,0.6669014293701008,7.450580596923828e-09,True
132,mean,clean,1,0,False,True,0.5362012090812717,3.725290298461914e-09,True
132,mean,clean,1,1,False,True,0.5264480901092771,3.725290298461914e-09,True
132,mean,clean,1,2,False,True,0.1944215158692146,3.725290298461914e-09,True
132,mean,clean,1,3,False,True,0.1944211718709629,7.450580596923828e-09,True
132,mean,clean,1,4,False,True,0.5209520186360191,3.725290298461914e-09,True
132,mean,clean,1,5,False,True,0.36485892552471894,7.450580596923828e-09,True
132,mean,clean,1,6,False,True,0.36130714065601455,7.450580596923828e-09,True
132,mean,clean,1,7,False,True,0.9999998733401219,7.450580596923828e-09,True
132,mean,clean,1,8,False,True,0.5156052542286866,7.450580596923828e-09,True
132,mean,clean,1,9,False,True,0.6866831837808204,7.450580596923828e-09,True
132,mean,clean,2,0,False,True,0.5307885679070965,7.450580596923828e-09,True
132,mean,clean,2,1,False,True,0.5067869770973504,7.450580596923828e-09,True
132,mean,clean,2,2,False,True,0.19442124746680145,7.450580596923828e-09,True
132,mean,clean,2,3,False,True,0.19442173681816233,3.725290298461914e-09,True
132,mean,clean,2,4,False,True,0.5070349728795873,7.450580596923828e-09,True
132,mean,clean,2,5,False,True,0.3531538267153324,7.450580596923828e-09,True
132,mean,clean,2,6,False,True,0.3622231921979495,3.725290298461914e-09,True
132,mean,clean,2,7,False,True,1.0000000186264513,7.450580596923828e-09,True
132,mean,clean,2,8,False,True,0.5124695930423138,7.450580596923828e-09,True
132,mean,clean,2,9,False,True,0.6643573520122876,3.725290298461914e-09,True
132,mean,clean,3,0,False,True,0.5244394931984918,3.725290298461914e-09,True
132,mean,clean,3,1,False,True,0.4905993567662764,3.725290298461914e-09,True
132,mean,clean,3,2,False,True,0.19441963464940615,7.450580596923828e-09,True
132,mean,clean,3,3,False,True,0.19442157395066964,7.450580596923828e-09,True
132,mean,clean,3,4,False,True,0.49441988078552657,3.725290298461914e-09,True
132,mean,clean,3,5,False,True,0.35160399629152966,3.725290298461914e-09,True
132,mean,clean,3,6,False,True,0.35402495847783794,3.725290298461914e-09,True
132,mean,clean,3,7,False,True,1.0000000465661276,7.450580596923828e-09,True
132,mean,clean,3,8,False,True,0.5019350391870182,3.725290298461914e-09,True
132,mean,clean,3,9,False,True,0.6541342390822328,7.450580596923828e-09,True
132,mean,clean,4,0,False,True,0.5200017102192187,7.450580596923828e-09,True
132,mean,clean,4,1,False,True,0.47738060730897014,7.450580596923828e-09,True
132,mean,clean,4,2,False,True,0.1944213333915407,7.450580596923828e-09,True
132,mean,clean,4,3,False,True,0.19442166960539925,3.725290298461914e-09,True
132,mean,clean,4,4,False,True,0.4758828590404254,7.450580596923828e-09,True
132,mean,clean,4,5,False,True,0.3396817186232309,7.450580596923828e-09,True
132,mean,clean,4,6,False,True,0.3451907393634005,3.725290298461914e-09,True
132,mean,clean,4,7,False,True,0.9999999552965154,7.450580596923828e-09,True
132,mean,clean,4,8,False,True,0.48924959579390404,7.450580596923828e-09,True
132,mean,clean,4,9,False,True,0.630652231274983,7.450580596923828e-09,True
132,mean,clean,5,0,False,True,0.5158009450187743,7.450580596923828e-09,True
132,mean,clean,5,1,False,True,0.46776165081297866,7.450580596923828e-09,True
132,mean,clean,5,2,False,True,0.19442110435861487,3.725290298461914e-09,True
132,mean,clean,5,3,False,True,0.19442153577858132,3.725290298461914e-09,True
132,mean,clean,5,4,False,True,0.4840695692962833,7.450580596923828e-09,True
132,mean,clean,5,5,False,True,0.3425543929522744,3.725290298461914e-09,True
132,mean,clean,5,6,False,True,0.3464993907981942,7.450580596923828e-09,True
132,mean,clean,5,7,False,True,1.0000000093132257,7.450580596923828e-09,True
132,mean,clean,5,8,False,True,0.4724682215207571,3.725290298461914e-09,True
132,mean,clean,5,9,False,True,0.6133606936698482,3.725290298461914e-09,True
132,mean,bounded_poisoning,1,0,False,True,0.5362012090812717,3.725290298461914e-09,True
132,mean,bounded_poisoning,1,1,False,True,0.5264480901092771,3.725290298461914e-09,True
132,mean,bounded_poisoning,1,2,False,True,0.1944215158692146,3.725290298461914e-09,True
132,mean,bounded_poisoning,1,3,False,True,0.1944211718709629,7.450580596923828e-09,True
132,mean,bounded_poisoning,1,4,False,True,0.5209520186360191,3.725290298461914e-09,True
132,mean,bounded_poisoning,1,5,False,True,0.36485892552471894,7.450580596923828e-09,True
132,mean,bounded_poisoning,1,6,False,True,0.36130714065601455,7.450580596923828e-09,True
132,mean,bounded_poisoning,1,7,True,True,1.0000000270083542,7.450580596923828e-09,False
132,mean,bounded_poisoning,1,8,False,True,0.5156052542286866,7.450580596923828e-09,True
132,mean,bounded_poisoning,1,9,True,True,1.000000038184225,7.450580596923828e-09,False
132,mean,bounded_poisoning,2,0,False,True,0.5330144658482425,7.450580596923828e-09,True
132,mean,bounded_poisoning,2,1,False,True,0.5223942397673469,7.450580596923828e-09,True
132,mean,bounded_poisoning,2,2,False,True,0.19442111363969294,7.450580596923828e-09,True
132,mean,bounded_poisoning,2,3,False,True,0.19442187169270145,3.725290298461914e-09,True
132,mean,bounded_poisoning,2,4,False,True,0.5153909083208477,7.450580596923828e-09,True
132,mean,bounded_poisoning,2,5,False,True,0.3581558986802222,7.450580596923828e-09,True
132,mean,bounded_poisoning,2,6,False,True,0.36395578896415925,3.725290298461914e-09,True
132,mean,bounded_poisoning,2,7,True,True,0.9999999254941913,7.450580596923828e-09,False
132,mean,bounded_poisoning,2,8,False,True,0.5217506710126943,7.450580596923828e-09,True
132,mean,bounded_poisoning,2,9,True,True,1.0000000074505806,7.450580596923828e-09,False
132,mean,bounded_poisoning,3,0,False,True,0.5301398346955566,3.725290298461914e-09,True
132,mean,bounded_poisoning,3,1,False,True,0.5120213320169973,7.450580596923828e-09,True
132,mean,bounded_poisoning,3,2,False,True,0.19442149655862392,7.450580596923828e-09,True
132,mean,bounded_poisoning,3,3,False,True,0.19442183292189455,7.450580596923828e-09,True
132,mean,bounded_poisoning,3,4,False,True,0.5161674176986876,7.450580596923828e-09,True
132,mean,bounded_poisoning,3,5,False,True,0.3605990312844983,7.450580596923828e-09,True
132,mean,bounded_poisoning,3,6,False,True,0.36166346556971657,3.725290298461914e-09,True
132,mean,bounded_poisoning,3,7,True,True,0.9999999757856127,7.450580596923828e-09,False
132,mean,bounded_poisoning,3,8,False,True,0.514490462529004,7.450580596923828e-09,True
132,mean,bounded_poisoning,3,9,True,True,1.0000000242143867,7.450580596923828e-09,False
132,mean,bounded_poisoning,4,0,False,True,0.5272875120057564,3.725290298461914e-09,True
132,mean,bounded_poisoning,4,1,False,True,0.5077992295401909,3.725290298461914e-09,True
132,mean,bounded_poisoning,4,2,False,True,0.1944209027196,3.725290298461914e-09,True
132,mean,bounded_poisoning,4,3,False,True,0.19442171735789923,3.725290298461914e-09,True
132,mean,bounded_poisoning,4,4,False,True,0.510564444924763,3.725290298461914e-09,True
132,mean,bounded_poisoning,4,5,False,True,0.35656919220984734,7.450580596923828e-09,True
132,mean,bounded_poisoning,4,6,False,True,0.35560577562798396,3.725290298461914e-09,True
132,mean,bounded_poisoning,4,7,True,True,0.9999999720603223,7.450580596923828e-09,False
132,mean,bounded_poisoning,4,8,False,True,0.51847751810119,7.450580596923828e-09,True
132,mean,bounded_poisoning,4,9,True,True,1.0000000391155475,7.450580596923828e-09,False
132,mean,bounded_poisoning,5,0,False,True,0.5293221040991006,7.450580596923828e-09,True
132,mean,bounded_poisoning,5,1,False,True,0.4997085820073914,7.450580596923828e-09,True
132,mean,bounded_poisoning,5,2,False,True,0.19442141991502024,7.450580596923828e-09,True
132,mean,bounded_poisoning,5,3,False,True,0.1944218038812079,7.450580596923828e-09,True
132,mean,bounded_poisoning,5,4,False,True,0.5110661894883023,7.450580596923828e-09,True
132,mean,bounded_poisoning,5,5,False,True,0.362147778917388,3.725290298461914e-09,True
132,mean,bounded_poisoning,5,6,False,True,0.3620359710820592,3.725290298461914e-09,True
132,mean,bounded_poisoning,5,7,True,True,0.9999999487772571,7.450580596923828e-09,False
132,mean,bounded_poisoning,5,8,False,True,0.5082676273897138,7.450580596923828e-09,True
132,mean,bounded_poisoning,5,9,True,True,1.0000000046566129,7.450580596923828e-09,False
132,coordinate_median,clean,1,0,False,True,0.5362012090812717,3.725290298461914e-09,True
132,coordinate_median,clean,1,1,False,True,0.5264480901092771,3.725290298461914e-09,True
132,coordinate_median,clean,1,2,False,True,0.1944215158692146,3.725290298461914e-09,True
132,coordinate_median,clean,1,3,False,True,0.1944211718709629,7.450580596923828e-09,True
132,coordinate_median,clean,1,4,False,True,0.5209520186360191,3.725290298461914e-09,True
132,coordinate_median,clean,1,5,False,True,0.36485892552471894,7.450580596923828e-09,True
132,coordinate_median,clean,1,6,False,True,0.36130714065601455,7.450580596923828e-09,True
132,coordinate_median,clean,1,7,False,True,0.9999998733401219,7.450580596923828e-09,True
132,coordinate_median,clean,1,8,False,True,0.5156052542286866,7.450580596923828e-09,True
132,coordinate_median,clean,1,9,False,True,0.6866831837808204,7.450580596923828e-09,True
132,coordinate_median,clean,2,0,False,True,0.5308674335920699,7.450580596923828e-09,True
132,coordinate_median,clean,2,1,False,True,0.5074157971802963,7.450580596923828e-09,True
132,coordinate_median,clean,2,2,False,True,0.19442154461055536,7.450580596923828e-09,True
132,coordinate_median,clean,2,3,False,True,0.1944217176572879,7.450580596923828e-09,True
132,coordinate_median,clean,2,4,False,True,0.5034403856098275,7.450580596923828e-09,True
132,coordinate_median,clean,2,5,False,True,0.3527493668535493,7.450580596923828e-09,True
132,coordinate_median,clean,2,6,False,True,0.3600976942655863,3.725290298461914e-09,True
132,coordinate_median,clean,2,7,False,True,0.9999999701976772,7.450580596923828e-09,True
132,coordinate_median,clean,2,8,False,True,0.5088558130353971,7.450580596923828e-09,True
132,coordinate_median,clean,2,9,False,True,0.6661028280529929,7.450580596923828e-09,True
132,coordinate_median,clean,3,0,False,True,0.5248601563821679,7.450580596923828e-09,True
132,coordinate_median,clean,3,1,False,True,0.4926061651952183,3.725290298461914e-09,True
132,coordinate_median,clean,3,2,False,True,0.19442144865637515,7.450580596923828e-09,True
132,coordinate_median,clean,3,3,False,True,0.1944212865371144,7.450580596923828e-09,True
132,coordinate_median,clean,3,4,False,True,0.4968682498593334,7.450580596923828e-09,True
132,coordinate_median,clean,3,5,False,True,0.3504047058193577,7.450580596923828e-09,True
132,coordinate_median,clean,3,6,False,True,0.35590049539311686,7.450580596923828e-09,True
132,coordinate_median,clean,3,7,False,True,0.9999999953433871,7.450580596923828e-09,True
132,coordinate_median,clean,3,8,False,True,0.4981280779556502,3.725290298461914e-09,True
132,coordinate_median,clean,3,9,False,True,0.6578661872663363,3.725290298461914e-09,True
132,coordinate_median,clean,4,0,False,True,0.5159892589134184,7.450580596923828e-09,True
132,coordinate_median,clean,4,1,False,True,0.4773041029142226,7.450580596923828e-09,True
132,coordinate_median,clean,4,2,False,True,0.19441957581889183,7.450580596923828e-09,True
132,coordinate_median,clean,4,3,False,True,0.1944216887662784,7.450580596923828e-09,True
132,coordinate_median,clean,4,4,False,True,0.47863870711585704,3.725290298461914e-09,True
132,coordinate_median,clean,4,5,False,True,0.3424473431320126,7.450580596923828e-09,True
132,coordinate_median,clean,4,6,False,True,0.3460615426317994,7.450580596923828e-09,True
132,coordinate_median,clean,4,7,False,True,1.000000068917868,7.450580596923828e-09,True
132,coordinate_median,clean,4,8,False,True,0.48913367489710385,7.450580596923828e-09,True
132,coordinate_median,clean,4,9,False,True,0.6321333077812444,7.450580596923828e-09,True
132,coordinate_median,clean,5,0,False,True,0.5146543771194727,7.450580596923828e-09,True
132,coordinate_median,clean,5,1,False,True,0.467554877554965,3.725290298461914e-09,True
132,coordinate_median,clean,5,2,False,True,0.19442077802365318,7.450580596923828e-09,True
132,coordinate_median,clean,5,3,False,True,0.19441315210823668,3.725290298461914e-09,True
132,coordinate_median,clean,5,4,False,True,0.4807011528771349,3.725290298461914e-09,True
132,coordinate_median,clean,5,5,False,True,0.3413313365557305,7.450580596923828e-09,True
132,coordinate_median,clean,5,6,False,True,0.3430061942549887,3.725290298461914e-09,True
132,coordinate_median,clean,5,7,False,True,1.000000029802322,7.450580596923828e-09,True
132,coordinate_median,clean,5,8,False,True,0.47349246295401864,7.450580596923828e-09,True
132,coordinate_median,clean,5,9,False,True,0.6141520585023506,7.450580596923828e-09,True
132,coordinate_median,bounded_poisoning,1,0,False,True,0.5362012090812717,3.725290298461914e-09,True
132,coordinate_median,bounded_poisoning,1,1,False,True,0.5264480901092771,3.725290298461914e-09,True
132,coordinate_median,bounded_poisoning,1,2,False,True,0.1944215158692146,3.725290298461914e-09,True
132,coordinate_median,bounded_poisoning,1,3,False,True,0.1944211718709629,7.450580596923828e-09,True
132,coordinate_median,bounded_poisoning,1,4,False,True,0.5209520186360191,3.725290298461914e-09,True
132,coordinate_median,bounded_poisoning,1,5,False,True,0.36485892552471894,7.450580596923828e-09,True
132,coordinate_median,bounded_poisoning,1,6,False,True,0.36130714065601455,7.450580596923828e-09,True
132,coordinate_median,bounded_poisoning,1,7,True,True,1.0000000270083542,7.450580596923828e-09,False
132,coordinate_median,bounded_poisoning,1,8,False,True,0.5156052542286866,7.450580596923828e-09,True
132,coordinate_median,bounded_poisoning,1,9,True,True,1.000000038184225,7.450580596923828e-09,False
132,coordinate_median,bounded_poisoning,2,0,False,True,0.5352171054926356,7.450580596923828e-09,True
132,coordinate_median,bounded_poisoning,2,1,False,True,0.5165688647683202,3.725290298461914e-09,True
132,coordinate_median,bounded_poisoning,2,2,False,True,0.19442149685801294,3.725290298461914e-09,True
132,coordinate_median,bounded_poisoning,2,3,False,True,0.1944216314333297,3.725290298461914e-09,True
132,coordinate_median,bounded_poisoning,2,4,False,True,0.5141898451852831,7.450580596923828e-09,True
132,coordinate_median,bounded_poisoning,2,5,False,True,0.35713383332468923,7.450580596923828e-09,True
132,coordinate_median,bounded_poisoning,2,6,False,True,0.36341879244393416,7.450580596923828e-09,True
132,coordinate_median,bounded_poisoning,2,7,True,True,0.9999999385327082,7.450580596923828e-09,False
132,coordinate_median,bounded_poisoning,2,8,False,True,0.5190618490049103,7.450580596923828e-09,True
132,coordinate_median,bounded_poisoning,2,9,True,True,0.9999999497085797,7.450580596923828e-09,False
132,coordinate_median,bounded_poisoning,3,0,False,True,0.5307752187287675,7.450580596923828e-09,True
132,coordinate_median,bounded_poisoning,3,1,False,True,0.5028912853653243,3.725290298461914e-09,True
132,coordinate_median,bounded_poisoning,3,2,False,True,0.19442152544966199,7.450580596923828e-09,True
132,coordinate_median,bounded_poisoning,3,3,False,True,0.19442171750759357,7.450580596923828e-09,True
132,coordinate_median,bounded_poisoning,3,4,False,True,0.511562129615074,7.450580596923828e-09,True
132,coordinate_median,bounded_poisoning,3,5,False,True,0.3597219799870168,7.450580596923828e-09,True
132,coordinate_median,bounded_poisoning,3,6,False,True,0.359616954871927,3.725290298461914e-09,True
132,coordinate_median,bounded_poisoning,3,7,True,True,0.9999999860301613,7.450580596923828e-09,False
132,coordinate_median,bounded_poisoning,3,8,False,True,0.5097991454587777,7.450580596923828e-09,True
132,coordinate_median,bounded_poisoning,3,9,True,True,1.0000000400468698,7.450580596923828e-09,False
132,coordinate_median,bounded_poisoning,4,0,False,True,0.5246017296078462,7.450580596923828e-09,True
132,coordinate_median,bounded_poisoning,4,1,False,True,0.5006471330645559,7.450580596923828e-09,True
132,coordinate_median,bounded_poisoning,4,2,False,True,0.19442142949547234,3.725290298461914e-09,True
132,coordinate_median,bounded_poisoning,4,3,False,True,0.19442173696785664,7.450580596923828e-09,True
132,coordinate_median,bounded_poisoning,4,4,False,True,0.5068339028988318,7.450580596923828e-09,True
132,coordinate_median,bounded_poisoning,4,5,False,True,0.3554429314087303,7.450580596923828e-09,True
132,coordinate_median,bounded_poisoning,4,6,False,True,0.3527249241906223,3.725290298461914e-09,True
132,coordinate_median,bounded_poisoning,4,7,True,True,0.9999999571591607,7.450580596923828e-09,False
132,coordinate_median,bounded_poisoning,4,8,False,True,0.5089045391721608,7.450580596923828e-09,True
132,coordinate_median,bounded_poisoning,4,9,True,True,1.0000000391155475,7.450580596923828e-09,False
132,coordinate_median,bounded_poisoning,5,0,False,True,0.5284097238002107,3.725290298461914e-09,True
132,coordinate_median,bounded_poisoning,5,1,False,True,0.49307480419786953,7.450580596923828e-09,True
132,coordinate_median,bounded_poisoning,5,2,False,True,0.1944206151553573,3.725290298461914e-09,True
132,coordinate_median,bounded_poisoning,5,3,False,True,0.1944215363773592,3.725290298461914e-09,True
132,coordinate_median,bounded_poisoning,5,4,False,True,0.5059732820705947,3.725290298461914e-09,True
132,coordinate_median,bounded_poisoning,5,5,False,True,0.35657699419210215,7.450580596923828e-09,True
132,coordinate_median,bounded_poisoning,5,6,False,True,0.3557652318431793,7.450580596923828e-09,True
132,coordinate_median,bounded_poisoning,5,7,True,True,1.0000000149011612,7.450580596923828e-09,False
132,coordinate_median,bounded_poisoning,5,8,False,True,0.4989865946373189,3.725290298461914e-09,True
132,coordinate_median,bounded_poisoning,5,9,True,True,0.9999999636784189,7.450580596923828e-09,False
132,trimmed_mean,clean,1,0,False,True,0.5362012090812717,3.725290298461914e-09,True
132,trimmed_mean,clean,1,1,False,True,0.5264480901092771,3.725290298461914e-09,True
132,trimmed_mean,clean,1,2,False,True,0.1944215158692146,3.725290298461914e-09,True
132,trimmed_mean,clean,1,3,False,True,0.1944211718709629,7.450580596923828e-09,True
132,trimmed_mean,clean,1,4,False,True,0.5209520186360191,3.725290298461914e-09,True
132,trimmed_mean,clean,1,5,False,True,0.36485892552471894,7.450580596923828e-09,True
132,trimmed_mean,clean,1,6,False,True,0.36130714065601455,7.450580596923828e-09,True
132,trimmed_mean,clean,1,7,False,True,0.9999998733401219,7.450580596923828e-09,True
132,trimmed_mean,clean,1,8,False,True,0.5156052542286866,7.450580596923828e-09,True
132,trimmed_mean,clean,1,9,False,True,0.6866831837808204,7.450580596923828e-09,True
132,trimmed_mean,clean,2,0,False,True,0.5313431035004335,7.450580596923828e-09,True
132,trimmed_mean,clean,2,1,False,True,0.5063301789698695,3.725290298461914e-09,True
132,trimmed_mean,clean,2,2,False,True,0.19442138159320704,3.725290298461914e-09,True
132,trimmed_mean,clean,2,3,False,True,0.1944214110830405,7.450580596923828e-09,True
132,trimmed_mean,clean,2,4,False,True,0.505124333164211,7.450580596923828e-09,True
132,trimmed_mean,clean,2,5,False,True,0.3518050903217325,7.450580596923828e-09,True
132,trimmed_mean,clean,2,6,False,True,0.3607186051180009,7.450580596923828e-09,True
132,trimmed_mean,clean,2,7,False,True,1.000000055879353,7.450580596923828e-09,True
132,trimmed_mean,clean,2,8,False,True,0.5110531351822106,7.450580596923828e-09,True
132,trimmed_mean,clean,2,9,False,True,0.666729047847497,7.450580596923828e-09,True
132,trimmed_mean,clean,3,0,False,True,0.5248482760594516,7.450580596923828e-09,True
132,trimmed_mean,clean,3,1,False,True,0.4933601343710848,7.450580596923828e-09,True
132,trimmed_mean,clean,3,2,False,True,0.19442111259182931,7.450580596923828e-09,True
132,trimmed_mean,clean,3,3,False,True,0.19442174639859883,7.450580596923828e-09,True
132,trimmed_mean,clean,3,4,False,True,0.49821222402869486,3.725290298461914e-09,True
132,trimmed_mean,clean,3,5,False,True,0.3512520797165632,7.450580596923828e-09,True
132,trimmed_mean,clean,3,6,False,True,0.3548174891267035,7.450580596923828e-09,True
132,trimmed_mean,clean,3,7,False,True,0.9999998845159941,7.450580596923828e-09,True
132,trimmed_mean,clean,3,8,False,True,0.49877269206479746,3.725290298461914e-09,True
132,trimmed_mean,clean,3,9,False,True,0.6559022389310228,7.450580596923828e-09,True
132,trimmed_mean,clean,4,0,False,True,0.5190419989260121,3.725290298461914e-09,True
132,trimmed_mean,clean,4,1,False,True,0.47959153123208004,7.450580596923828e-09,True
132,trimmed_mean,clean,4,2,False,True,0.19442092083269005,7.450580596923828e-09,True
132,trimmed_mean,clean,4,3,False,True,0.19442121932419568,3.725290298461914e-09,True
132,trimmed_mean,clean,4,4,False,True,0.4758345352715686,7.450580596923828e-09,True
132,trimmed_mean,clean,4,5,False,True,0.339164038736697,7.450580596923828e-09,True
132,trimmed_mean,clean,4,6,False,True,0.34474998717378474,3.725290298461914e-09,True
132,trimmed_mean,clean,4,7,False,True,0.9999999701976772,7.450580596923828e-09,True
132,trimmed_mean,clean,4,8,False,True,0.4860628363905644,7.450580596923828e-09,True
132,trimmed_mean,clean,4,9,False,True,0.6285470631337156,7.450580596923828e-09,True
132,trimmed_mean,clean,5,0,False,True,0.5170136369450067,7.450580596923828e-09,True
132,trimmed_mean,clean,5,1,False,True,0.4678894996008505,7.450580596923828e-09,True
132,trimmed_mean,clean,5,2,False,True,0.19442126692711156,7.450580596923828e-09,True
132,trimmed_mean,clean,5,3,False,True,0.19442135404939917,3.725290298461914e-09,True
132,trimmed_mean,clean,5,4,False,True,0.480225874312984,7.450580596923828e-09,True
132,trimmed_mean,clean,5,5,False,True,0.3413460005643481,7.450580596923828e-09,True
132,trimmed_mean,clean,5,6,False,True,0.3451311932076622,3.725290298461914e-09,True
132,trimmed_mean,clean,5,7,False,True,0.9999999292194818,7.450580596923828e-09,True
132,trimmed_mean,clean,5,8,False,True,0.4684648068418713,7.450580596923828e-09,True
132,trimmed_mean,clean,5,9,False,True,0.6128291784280216,7.450580596923828e-09,True
132,trimmed_mean,bounded_poisoning,1,0,False,True,0.5362012090812717,3.725290298461914e-09,True
132,trimmed_mean,bounded_poisoning,1,1,False,True,0.5264480901092771,3.725290298461914e-09,True
132,trimmed_mean,bounded_poisoning,1,2,False,True,0.1944215158692146,3.725290298461914e-09,True
132,trimmed_mean,bounded_poisoning,1,3,False,True,0.1944211718709629,7.450580596923828e-09,True
132,trimmed_mean,bounded_poisoning,1,4,False,True,0.5209520186360191,3.725290298461914e-09,True
132,trimmed_mean,bounded_poisoning,1,5,False,True,0.36485892552471894,7.450580596923828e-09,True
132,trimmed_mean,bounded_poisoning,1,6,False,True,0.36130714065601455,7.450580596923828e-09,True
132,trimmed_mean,bounded_poisoning,1,7,True,True,1.0000000270083542,7.450580596923828e-09,False
132,trimmed_mean,bounded_poisoning,1,8,False,True,0.5156052542286866,7.450580596923828e-09,True
132,trimmed_mean,bounded_poisoning,1,9,True,True,1.000000038184225,7.450580596923828e-09,False
132,trimmed_mean,bounded_poisoning,2,0,False,True,0.534098008290539,3.725290298461914e-09,True
132,trimmed_mean,bounded_poisoning,2,1,False,True,0.5189351277541807,3.725290298461914e-09,True
132,trimmed_mean,bounded_poisoning,2,2,False,True,0.19441933166458236,3.725290298461914e-09,True
132,trimmed_mean,bounded_poisoning,2,3,False,True,0.19442188052466022,3.725290298461914e-09,True
132,trimmed_mean,bounded_poisoning,2,4,False,True,0.5136910550993168,7.450580596923828e-09,True
132,trimmed_mean,bounded_poisoning,2,5,False,True,0.3554953372622462,7.450580596923828e-09,True
132,trimmed_mean,bounded_poisoning,2,6,False,True,0.36357663115634237,7.450580596923828e-09,True
132,trimmed_mean,bounded_poisoning,2,7,True,True,1.000000011175871,7.450580596923828e-09,False
132,trimmed_mean,bounded_poisoning,2,8,False,True,0.5200947483270394,3.725290298461914e-09,True
132,trimmed_mean,bounded_poisoning,2,9,True,True,1.0000000251457093,3.725290298461914e-09,False
132,trimmed_mean,bounded_poisoning,3,0,False,True,0.5275931867786448,7.450580596923828e-09,True
132,trimmed_mean,bounded_poisoning,3,1,False,True,0.5107756780581286,3.725290298461914e-09,True
132,trimmed_mean,bounded_poisoning,3,2,False,True,0.19442155419100132,7.450580596923828e-09,True
132,trimmed_mean,bounded_poisoning,3,3,False,True,0.19442146886513778,7.450580596923828e-09,True
132,trimmed_mean,bounded_poisoning,3,4,False,True,0.5126811861181075,3.725290298461914e-09,True
132,trimmed_mean,bounded_poisoning,3,5,False,True,0.3595124243030266,3.725290298461914e-09,True
132,trimmed_mean,bounded_poisoning,3,6,False,True,0.36091558483553815,3.725290298461914e-09,True
132,trimmed_mean,bounded_poisoning,3,7,True,True,0.9999999580904833,7.450580596923828e-09,False
132,trimmed_mean,bounded_poisoning,3,8,False,True,0.511367962901249,3.725290298461914e-09,True
132,trimmed_mean,bounded_poisoning,3,9,True,True,0.9999999739229676,7.450580596923828e-09,False
132,trimmed_mean,bounded_poisoning,4,0,False,True,0.5233863389220951,7.450580596923828e-09,True
132,trimmed_mean,bounded_poisoning,4,1,False,True,0.5025808870136476,3.725290298461914e-09,True
132,trimmed_mean,bounded_poisoning,4,2,False,True,0.19442138114412325,7.450580596923828e-09,True
132,trimmed_mean,bounded_poisoning,4,3,False,True,0.19442147814619845,3.725290298461914e-09,True
132,trimmed_mean,bounded_poisoning,4,4,False,True,0.505334524315046,3.725290298461914e-09,True
132,trimmed_mean,bounded_poisoning,4,5,False,True,0.3556742964669974,7.450580596923828e-09,True
132,trimmed_mean,bounded_poisoning,4,6,False,True,0.354821059811947,7.450580596923828e-09,True
132,trimmed_mean,bounded_poisoning,4,7,True,True,0.9999999739229676,7.450580596923828e-09,False
132,trimmed_mean,bounded_poisoning,4,8,False,True,0.5109785829368081,7.450580596923828e-09,True
132,trimmed_mean,bounded_poisoning,4,9,True,True,1.0000000037252903,7.450580596923828e-09,False
132,trimmed_mean,bounded_poisoning,5,0,False,True,0.5283014325842297,7.450580596923828e-09,True
132,trimmed_mean,bounded_poisoning,5,1,False,True,0.4927617783439097,7.450580596923828e-09,True
132,trimmed_mean,bounded_poisoning,5,2,False,True,0.19442082562667715,7.450580596923828e-09,True
132,trimmed_mean,bounded_poisoning,5,3,False,True,0.19442109477814673,7.450580596923828e-09,True
132,trimmed_mean,bounded_poisoning,5,4,False,True,0.5055377570212668,7.450580596923828e-09,True
132,trimmed_mean,bounded_poisoning,5,5,False,True,0.35449166271601734,3.725290298461914e-09,True
132,trimmed_mean,bounded_poisoning,5,6,False,True,0.3578524094088447,3.725290298461914e-09,True
132,trimmed_mean,bounded_poisoning,5,7,True,True,0.9999999953433871,7.450580596923828e-09,False
132,trimmed_mean,bounded_poisoning,5,8,False,True,0.5012617354545764,7.450580596923828e-09,True
132,trimmed_mean,bounded_poisoning,5,9,True,True,1.0000000353902572,7.450580596923828e-09,False
