{"inputs":[["a5feffef93f5e1439170b97948e833285d588181b64550b829a031e1724e6430","96ffffef93f5e1439170b97948e833285d588181b64550b829a031e1724e6430","dcffffef93f5e1439170b97948e833285d588181b64550b829a031e1724e6430","c9ffffef93f5e1439170b97948e833285d588181b64550b829a031e1724e6430","f8ffffef93f5e1439170b97948e833285d588181b64550b829a031e1724e6430","1700000000000000000000000000000000000000000000000000000000000000","98ffffef93f5e1439170b97948e833285d588181b64550b829a031e1724e6430","1a00000000000000000000000000000000000000000000000000000000000000","b400000000000000000000000000000000000000000000000000000000000000"]],"pretty_elements":{"rescaled_inputs":[["-1.359375","-0.41796875","-0.14453125","-0.21875","-0.03515625","0.08984375","-0.41015625","0.1015625","0.703125"]],"inputs":[["0x30644e72e131a029b85045b68181585d2833e84879b9709143e1f593effffea5","0x30644e72e131a029b85045b68181585d2833e84879b9709143e1f593efffff96","0x30644e72e131a029b85045b68181585d2833e84879b9709143e1f593efffffdc","0x30644e72e131a029b85045b68181585d2833e84879b9709143e1f593efffffc9","0x30644e72e131a029b85045b68181585d2833e84879b9709143e1f593effffff8","0x0000000000000000000000000000000000000000000000000000000000000017","0x30644e72e131a029b85045b68181585d2833e84879b9709143e1f593efffff98","0x000000000000000000000000000000000000000000000000000000000000001a","0x00000000000000000000000000000000000000000000000000000000000000b4"]],"processed_inputs":[],"processed_params":[],"processed_outputs":[],"rescaled_outputs":[["-2.68896484375"]],"outputs":[["0x30644e72e131a029b85045b68181585d2833e84879b9709143e1f593effd4fa1"]]},"outputs":[["a14ffdef93f5e1439170b97948e833285d588181b64550b829a031e1724e6430"]],"processed_inputs":null,"processed_params":null,"processed_outputs":null,"max_lookup_inputs":0,"min_lookup_inputs":0,"max_range_size":0}