seed,attack,policy,round_id,client_id,is_attacker,is_malicious_submission,submitted_attack,proof_ok,clip_ok,relation_ok,context_ok,replay_ok,noise_generation_ok,training_provenance_ok,clip_norm_actual,relation_linf_gap,accepted
42,none,current_vdp_gate,1,0,False,False,honest,True,True,True,True,True,True,True,0.19621384363245542,1.4901161193847656e-08,True
42,none,current_vdp_gate,1,1,False,False,honest,True,True,True,True,True,True,True,0.6966128372307163,1.4901161193847656e-08,True
42,none,current_vdp_gate,1,2,False,False,honest,True,True,True,True,True,True,True,0.19621354905461316,1.4901161193847656e-08,True
42,none,current_vdp_gate,1,3,False,False,honest,True,True,True,True,True,True,True,0.1962137767369218,1.4901161193847656e-08,True
42,none,current_vdp_gate,1,4,False,False,honest,True,True,True,True,True,True,True,0.9999999850988387,1.4901161193847656e-08,True
42,none,current_vdp_gate,1,5,False,False,honest,True,True,True,True,True,True,True,0.9999999646097415,1.4901161193847656e-08,True
42,none,current_vdp_gate,1,6,False,False,honest,True,True,True,True,True,True,True,0.7504508115241569,1.4901161193847656e-08,True
42,none,current_vdp_gate,1,7,False,False,honest,True,True,True,True,True,True,True,0.19621377688524894,2.9802322387695312e-08,True
42,none,current_vdp_gate,1,8,False,False,honest,True,True,True,True,True,True,True,1.0000000875443182,1.4901161193847656e-08,True
42,none,current_vdp_gate,1,9,False,False,honest,True,True,True,True,True,True,True,0.9999999469146118,7.450580596923828e-09,True
42,none,current_vdp_gate,2,0,False,False,honest,True,True,True,True,True,True,True,0.19621380462242416,1.4901161193847656e-08,True
42,none,current_vdp_gate,2,1,False,False,honest,True,True,True,True,True,True,True,0.6785557089107214,1.4901161193847656e-08,True
42,none,current_vdp_gate,2,2,False,False,honest,True,True,True,True,True,True,True,0.19621377614361318,1.4901161193847656e-08,True
42,none,current_vdp_gate,2,3,False,False,honest,True,True,True,True,True,True,True,0.19621341570830453,1.4901161193847656e-08,True
42,none,current_vdp_gate,2,4,False,False,honest,True,True,True,True,True,True,True,1.0000000875443182,1.4901161193847656e-08,True
42,none,current_vdp_gate,2,5,False,False,honest,True,True,True,True,True,True,True,0.9999999878928064,1.4901161193847656e-08,True
42,none,current_vdp_gate,2,6,False,False,honest,True,True,True,True,True,True,True,0.7419867457375796,1.4901161193847656e-08,True
42,none,current_vdp_gate,2,7,False,False,honest,True,True,True,True,True,True,True,0.19621378637818637,1.4901161193847656e-08,True
42,none,current_vdp_gate,2,8,False,False,honest,True,True,True,True,True,True,True,0.9999999627470963,1.4901161193847656e-08,True
42,none,current_vdp_gate,2,9,False,False,honest,True,True,True,True,True,True,True,0.9999999040737703,1.4901161193847656e-08,True
42,none,current_vdp_gate,3,0,False,False,honest,True,True,True,True,True,True,True,0.1962137770335761,1.4901161193847656e-08,True
42,none,current_vdp_gate,3,1,False,False,honest,True,True,True,True,True,True,True,0.6868644243310019,1.4901161193847656e-08,True
42,none,current_vdp_gate,3,2,False,False,honest,True,True,True,True,True,True,True,0.19621382449825855,1.4901161193847656e-08,True
42,none,current_vdp_gate,3,3,False,False,honest,True,True,True,True,True,True,True,0.19621358717473147,1.4901161193847656e-08,True
42,none,current_vdp_gate,3,4,False,False,honest,True,True,True,True,True,True,True,0.9999999720603223,7.450580596923828e-09,True
42,none,current_vdp_gate,3,5,False,False,honest,True,True,True,True,True,True,True,1.0000000400468698,1.4901161193847656e-08,True
42,none,current_vdp_gate,3,6,False,False,honest,True,True,True,True,True,True,True,0.7369370908346602,1.4901161193847656e-08,True
42,none,current_vdp_gate,3,7,False,False,honest,True,True,True,True,True,True,True,0.19621371058300138,1.4901161193847656e-08,True
42,none,current_vdp_gate,3,8,False,False,honest,True,True,True,True,True,True,True,0.9999999795109031,1.4901161193847656e-08,True
42,none,current_vdp_gate,3,9,False,False,honest,True,True,True,True,True,True,True,0.9999999953433871,1.4901161193847656e-08,True
42,relation_tamper,ungated,1,0,False,False,honest,True,True,True,True,True,True,True,0.19621384363245542,1.4901161193847656e-08,True
42,relation_tamper,ungated,1,1,False,False,honest,True,True,True,True,True,True,True,0.6966128372307163,1.4901161193847656e-08,True
42,relation_tamper,ungated,1,2,False,False,honest,True,True,True,True,True,True,True,0.19621354905461316,1.4901161193847656e-08,True
42,relation_tamper,ungated,1,3,False,False,honest,True,True,True,True,True,True,True,0.1962137767369218,1.4901161193847656e-08,True
42,relation_tamper,ungated,1,4,True,True,relation_tamper,True,True,False,True,True,True,True,0.9999999850988387,0.5,True
42,relation_tamper,ungated,1,5,False,False,honest,True,True,True,True,True,True,True,0.9999999646097415,1.4901161193847656e-08,True
42,relation_tamper,ungated,1,6,False,False,honest,True,True,True,True,True,True,True,0.7504508115241569,1.4901161193847656e-08,True
42,relation_tamper,ungated,1,7,False,False,honest,True,True,True,True,True,True,True,0.19621377688524894,2.9802322387695312e-08,True
42,relation_tamper,ungated,1,8,True,True,relation_tamper,True,True,False,True,True,True,True,1.0000000875443182,0.5,True
42,relation_tamper,ungated,1,9,False,False,honest,True,True,True,True,True,True,True,0.9999999469146118,7.450580596923828e-09,True
42,relation_tamper,ungated,2,0,False,False,honest,True,True,True,True,True,True,True,0.19621318847055977,1.4901161193847656e-08,True
42,relation_tamper,ungated,2,1,False,False,honest,True,True,True,True,True,True,True,0.6830391718750659,1.4901161193847656e-08,True
42,relation_tamper,ungated,2,2,False,False,honest,True,True,True,True,True,True,True,0.19621377688524894,1.4901161193847656e-08,True
42,relation_tamper,ungated,2,3,False,False,honest,True,True,True,True,True,True,True,0.19621341496666742,1.4901161193847656e-08,True
42,relation_tamper,ungated,2,4,True,True,relation_tamper,True,True,False,True,True,True,True,1.0000000670552232,0.5,True
42,relation_tamper,ungated,2,5,False,False,honest,True,True,True,True,True,True,True,0.9999999478459345,1.4901161193847656e-08,True
42,relation_tamper,ungated,2,6,False,False,honest,True,True,True,True,True,True,True,0.7417670006132477,1.4901161193847656e-08,True
42,relation_tamper,ungated,2,7,False,False,honest,True,True,True,True,True,True,True,0.1962137199276148,1.4901161193847656e-08,True
42,relation_tamper,ungated,2,8,True,True,relation_tamper,True,True,False,True,True,True,True,0.9999999701976772,0.5,True
42,relation_tamper,ungated,2,9,False,False,honest,True,True,True,True,True,True,True,0.9999999832361935,1.4901161193847656e-08,True
42,relation_tamper,ungated,3,0,False,False,honest,True,True,True,True,True,True,True,0.1962135770884752,1.4901161193847656e-08,True
42,relation_tamper,ungated,3,1,False,False,honest,True,True,True,True,True,True,True,0.6912575389397492,1.4901161193847656e-08,True
42,relation_tamper,ungated,3,2,False,False,honest,True,True,True,True,True,True,True,0.19621384303914702,2.9802322387695312e-08,True
42,relation_tamper,ungated,3,3,False,False,honest,True,True,True,True,True,True,True,0.19621351093448747,1.4901161193847656e-08,True
42,relation_tamper,ungated,3,4,True,True,relation_tamper,True,True,False,True,True,True,True,1.0000000502914177,0.5,True
42,relation_tamper,ungated,3,5,False,False,honest,True,True,True,True,True,True,True,0.9999999711289997,1.4901161193847656e-08,True
42,relation_tamper,ungated,3,6,False,False,honest,True,True,True,True,True,True,True,0.7397776921136405,1.4901161193847656e-08,True
42,relation_tamper,ungated,3,7,False,False,honest,True,True,True,True,True,True,True,0.19621375775104558,1.4901161193847656e-08,True
42,relation_tamper,ungated,3,8,True,True,relation_tamper,True,True,False,True,True,True,True,1.0000000223517416,0.5,True
42,relation_tamper,ungated,3,9,False,False,honest,True,True,True,True,True,True,True,1.000000006519258,1.4901161193847656e-08,True
42,relation_tamper,current_vdp_gate,1,0,False,False,honest,True,True,True,True,True,True,True,0.19621384363245542,1.4901161193847656e-08,True
42,relation_tamper,current_vdp_gate,1,1,False,False,honest,True,True,True,True,True,True,True,0.6966128372307163,1.4901161193847656e-08,True
42,relation_tamper,current_vdp_gate,1,2,False,False,honest,True,True,True,True,True,True,True,0.19621354905461316,1.4901161193847656e-08,True
42,relation_tamper,current_vdp_gate,1,3,False,False,honest,True,True,True,True,True,True,True,0.1962137767369218,1.4901161193847656e-08,True
42,relation_tamper,current_vdp_gate,1,4,True,True,relation_tamper,True,True,False,True,True,True,True,0.9999999850988387,0.5,False
42,relation_tamper,current_vdp_gate,1,5,False,False,honest,True,True,True,True,True,True,True,0.9999999646097415,1.4901161193847656e-08,True
42,relation_tamper,current_vdp_gate,1,6,False,False,honest,True,True,True,True,True,True,True,0.7504508115241569,1.4901161193847656e-08,True
42,relation_tamper,current_vdp_gate,1,7,False,False,honest,True,True,True,True,True,True,True,0.19621377688524894,2.9802322387695312e-08,True
42,relation_tamper,current_vdp_gate,1,8,True,True,relation_tamper,True,True,False,True,True,True,True,1.0000000875443182,0.5,False
42,relation_tamper,current_vdp_gate,1,9,False,False,honest,True,True,True,True,True,True,True,0.9999999469146118,7.450580596923828e-09,True
42,relation_tamper,current_vdp_gate,2,0,False,False,honest,True,True,True,True,True,True,True,0.19621378667484066,1.4901161193847656e-08,True
42,relation_tamper,current_vdp_gate,2,1,False,False,honest,True,True,True,True,True,True,True,0.687397648496833,1.4901161193847656e-08,True
42,relation_tamper,current_vdp_gate,2,2,False,False,honest,True,True,True,True,True,True,True,0.19621367246290705,1.4901161193847656e-08,True
42,relation_tamper,current_vdp_gate,2,3,False,False,honest,True,True,True,True,True,True,True,0.19621367246290705,1.4901161193847656e-08,True
42,relation_tamper,current_vdp_gate,2,4,True,True,relation_tamper,True,True,False,True,True,True,True,1.000000011175871,0.5,False
42,relation_tamper,current_vdp_gate,2,5,False,False,honest,True,True,True,True,True,True,True,0.9999999515712249,1.4901161193847656e-08,True
42,relation_tamper,current_vdp_gate,2,6,False,False,honest,True,True,True,True,True,True,True,0.7359823368672662,1.4901161193847656e-08,True
42,relation_tamper,current_vdp_gate,2,7,False,False,honest,True,True,True,True,True,True,True,0.19621380551238696,1.4901161193847656e-08,True
42,relation_tamper,current_vdp_gate,2,8,True,True,relation_tamper,True,True,False,True,True,True,True,1.000000065192578,0.5,False
42,relation_tamper,current_vdp_gate,2,9,False,False,honest,True,True,True,True,True,True,True,1.0000000027939677,1.4901161193847656e-08,True
42,relation_tamper,current_vdp_gate,3,0,False,False,honest,True,True,True,True,True,True,True,0.19621369070715544,1.4901161193847656e-08,True
42,relation_tamper,current_vdp_gate,3,1,False,False,honest,True,True,True,True,True,True,True,0.6880629196453314,1.4901161193847656e-08,True
42,relation_tamper,current_vdp_gate,3,2,False,False,honest,True,True,True,True,True,True,True,0.1962137381718588,1.4901161193847656e-08,True
42,relation_tamper,current_vdp_gate,3,3,False,False,honest,True,True,True,True,True,True,True,0.19620550836234005,1.4901161193847656e-08,True
42,relation_tamper,current_vdp_gate,3,4,True,True,relation_tamper,True,True,False,True,True,True,True,1.0000001033768005,0.5,False
42,relation_tamper,current_vdp_gate,3,5,False,False,honest,True,True,True,True,True,True,True,0.9999999972060323,1.4901161193847656e-08,True
42,relation_tamper,current_vdp_gate,3,6,False,False,honest,True,True,True,True,True,True,True,0.7401675845891516,1.4901161193847656e-08,True
42,relation_tamper,current_vdp_gate,3,7,False,False,honest,True,True,True,True,True,True,True,0.19621376665067528,1.4901161193847656e-08,True
42,relation_tamper,current_vdp_gate,3,8,True,True,relation_tamper,True,True,False,True,True,True,True,1.0000000391155475,0.5,False
42,relation_tamper,current_vdp_gate,3,9,False,False,honest,True,True,True,True,True,True,True,1.000000033527612,1.4901161193847656e-08,True
42,relation_tamper,strengthened_vdp_gate,1,0,False,False,honest,True,True,True,True,True,True,True,0.19621384363245542,1.4901161193847656e-08,True
42,relation_tamper,strengthened_vdp_gate,1,1,False,False,honest,True,True,True,True,True,True,True,0.6966128372307163,1.4901161193847656e-08,True
42,relation_tamper,strengthened_vdp_gate,1,2,False,False,honest,True,True,True,True,True,True,True,0.19621354905461316,1.4901161193847656e-08,True
42,relation_tamper,strengthened_vdp_gate,1,3,False,False,honest,True,True,True,True,True,True,True,0.1962137767369218,1.4901161193847656e-08,True
42,relation_tamper,strengthened_vdp_gate,1,4,True,True,relation_tamper,True,True,False,True,True,True,True,0.9999999850988387,0.5,False
42,relation_tamper,strengthened_vdp_gate,1,5,False,False,honest,True,True,True,True,True,True,True,0.9999999646097415,1.4901161193847656e-08,True
42,relation_tamper,strengthened_vdp_gate,1,6,False,False,honest,True,True,True,True,True,True,True,0.7504508115241569,1.4901161193847656e-08,True
42,relation_tamper,strengthened_vdp_gate,1,7,False,False,honest,True,True,True,True,True,True,True,0.19621377688524894,2.9802322387695312e-08,True
42,relation_tamper,strengthened_vdp_gate,1,8,True,True,relation_tamper,True,True,False,True,True,True,True,1.0000000875443182,0.5,False
42,relation_tamper,strengthened_vdp_gate,1,9,False,False,honest,True,True,True,True,True,True,True,0.9999999469146118,7.450580596923828e-09,True
42,relation_tamper,strengthened_vdp_gate,2,0,False,False,honest,True,True,True,True,True,True,True,0.19621378667484066,1.4901161193847656e-08,True
42,relation_tamper,strengthened_vdp_gate,2,1,False,False,honest,True,True,True,True,True,True,True,0.687397648496833,1.4901161193847656e-08,True
42,relation_tamper,strengthened_vdp_gate,2,2,False,False,honest,True,True,True,True,True,True,True,0.19621367246290705,1.4901161193847656e-08,True
42,relation_tamper,strengthened_vdp_gate,2,3,False,False,honest,True,True,True,True,True,True,True,0.19621367246290705,1.4901161193847656e-08,True
42,relation_tamper,strengthened_vdp_gate,2,4,True,True,relation_tamper,True,True,False,True,True,True,True,1.000000011175871,0.5,False
42,relation_tamper,strengthened_vdp_gate,2,5,False,False,honest,True,True,True,True,True,True,True,0.9999999515712249,1.4901161193847656e-08,True
42,relation_tamper,strengthened_vdp_gate,2,6,False,False,honest,True,True,True,True,True,True,True,0.7359823368672662,1.4901161193847656e-08,True
42,relation_tamper,strengthened_vdp_gate,2,7,False,False,honest,True,True,True,True,True,True,True,0.19621380551238696,1.4901161193847656e-08,True
42,relation_tamper,strengthened_vdp_gate,2,8,True,True,relation_tamper,True,True,False,True,True,True,True,1.000000065192578,0.5,False
42,relation_tamper,strengthened_vdp_gate,2,9,False,False,honest,True,True,True,True,True,True,True,1.0000000027939677,1.4901161193847656e-08,True
42,relation_tamper,strengthened_vdp_gate,3,0,False,False,honest,True,True,True,True,True,True,True,0.19621369070715544,1.4901161193847656e-08,True
42,relation_tamper,strengthened_vdp_gate,3,1,False,False,honest,True,True,True,True,True,True,True,0.6880629196453314,1.4901161193847656e-08,True
42,relation_tamper,strengthened_vdp_gate,3,2,False,False,honest,True,True,True,True,True,True,True,0.1962137381718588,1.4901161193847656e-08,True
42,relation_tamper,strengthened_vdp_gate,3,3,False,False,honest,True,True,True,True,True,True,True,0.19620550836234005,1.4901161193847656e-08,True
42,relation_tamper,strengthened_vdp_gate,3,4,True,True,relation_tamper,True,True,False,True,True,True,True,1.0000001033768005,0.5,False
42,relation_tamper,strengthened_vdp_gate,3,5,False,False,honest,True,True,True,True,True,True,True,0.9999999972060323,1.4901161193847656e-08,True
42,relation_tamper,strengthened_vdp_gate,3,6,False,False,honest,True,True,True,True,True,True,True,0.7401675845891516,1.4901161193847656e-08,True
42,relation_tamper,strengthened_vdp_gate,3,7,False,False,honest,True,True,True,True,True,True,True,0.19621376665067528,1.4901161193847656e-08,True
42,relation_tamper,strengthened_vdp_gate,3,8,True,True,relation_tamper,True,True,False,True,True,True,True,1.0000000391155475,0.5,False
42,relation_tamper,strengthened_vdp_gate,3,9,False,False,honest,True,True,True,True,True,True,True,1.000000033527612,1.4901161193847656e-08,True
42,clip_bypass,ungated,1,0,False,False,honest,True,True,True,True,True,True,True,0.19621384363245542,1.4901161193847656e-08,True
42,clip_bypass,ungated,1,1,False,False,honest,True,True,True,True,True,True,True,0.6966128372307163,1.4901161193847656e-08,True
42,clip_bypass,ungated,1,2,False,False,honest,True,True,True,True,True,True,True,0.19621354905461316,1.4901161193847656e-08,True
42,clip_bypass,ungated,1,3,False,False,honest,True,True,True,True,True,True,True,0.1962137767369218,1.4901161193847656e-08,True
42,clip_bypass,ungated,1,4,True,True,clip_bypass,True,False,True,True,True,True,True,1.9999999701976774,1.4901161193847656e-08,True
42,clip_bypass,ungated,1,5,False,False,honest,True,True,True,True,True,True,True,0.9999999646097415,1.4901161193847656e-08,True
42,clip_bypass,ungated,1,6,False,False,honest,True,True,True,True,True,True,True,0.7504508115241569,1.4901161193847656e-08,True
42,clip_bypass,ungated,1,7,False,False,honest,True,True,True,True,True,True,True,0.19621377688524894,2.9802322387695312e-08,True
42,clip_bypass,ungated,1,8,True,True,clip_bypass,True,False,True,True,True,True,True,2.0000001750886365,1.4901161193847656e-08,True
42,clip_bypass,ungated,1,9,False,False,honest,True,True,True,True,True,True,True,0.9999999469146118,7.450580596923828e-09,True
42,clip_bypass,ungated,2,0,False,False,honest,True,True,True,True,True,True,True,0.19621372956888217,1.4901161193847656e-08,True
42,clip_bypass,ungated,2,1,False,False,honest,True,True,True,True,True,True,True,0.6860424543650955,1.4901161193847656e-08,True
42,clip_bypass,ungated,2,2,False,False,honest,True,True,True,True,True,True,True,0.19621366222832795,1.4901161193847656e-08,True
42,clip_bypass,ungated,2,3,False,False,honest,True,True,True,True,True,True,True,0.19619644468549158,1.4901161193847656e-08,True
42,clip_bypass,ungated,2,4,True,True,clip_bypass,True,False,True,True,True,True,True,2.0000000484287734,1.4901161193847656e-08,True
42,clip_bypass,ungated,2,5,False,False,honest,True,True,True,True,True,True,True,0.999999977648258,1.4901161193847656e-08,True
42,clip_bypass,ungated,2,6,False,False,honest,True,True,True,True,True,True,True,0.7390714275625375,1.4901161193847656e-08,True
42,clip_bypass,ungated,2,7,False,False,honest,True,True,True,True,True,True,True,0.1962133029794301,1.4901161193847656e-08,True
42,clip_bypass,ungated,2,8,True,True,clip_bypass,True,False,True,True,True,True,True,2.0000000521540633,1.4901161193847656e-08,True
42,clip_bypass,ungated,2,9,False,False,honest,True,True,True,True,True,True,True,0.9999999944120646,1.4901161193847656e-08,True
42,clip_bypass,ungated,3,0,False,False,honest,True,True,True,True,True,True,True,0.19621367246290705,1.4901161193847656e-08,True
42,clip_bypass,ungated,3,1,False,False,honest,True,True,True,True,True,True,True,0.6995535820024321,1.4901161193847656e-08,True
42,clip_bypass,ungated,3,2,False,False,honest,True,True,True,True,True,True,True,0.19621358761971336,1.4901161193847656e-08,True
42,clip_bypass,ungated,3,3,False,False,honest,True,True,True,True,True,True,True,0.19621356744720037,1.4901161193847656e-08,True
42,clip_bypass,ungated,3,4,True,True,clip_bypass,True,False,True,True,True,True,True,2.0000000521540633,1.4901161193847656e-08,True
42,clip_bypass,ungated,3,5,False,False,honest,True,True,True,True,True,True,True,0.9999999450519665,1.4901161193847656e-08,True
42,clip_bypass,ungated,3,6,False,False,honest,True,True,True,True,True,True,True,0.7423206140957251,1.4901161193847656e-08,True
42,clip_bypass,ungated,3,7,False,False,honest,True,True,True,True,True,True,True,0.19621377747855756,1.4901161193847656e-08,True
42,clip_bypass,ungated,3,8,True,True,clip_bypass,True,False,True,True,True,True,True,2.000000078231095,1.4901161193847656e-08,True
42,clip_bypass,ungated,3,9,False,False,honest,True,True,True,True,True,True,True,1.0000000018626451,1.4901161193847656e-08,True
42,clip_bypass,current_vdp_gate,1,0,False,False,honest,True,True,True,True,True,True,True,0.19621384363245542,1.4901161193847656e-08,True
42,clip_bypass,current_vdp_gate,1,1,False,False,honest,True,True,True,True,True,True,True,0.6966128372307163,1.4901161193847656e-08,True
42,clip_bypass,current_vdp_gate,1,2,False,False,honest,True,True,True,True,True,True,True,0.19621354905461316,1.4901161193847656e-08,True
42,clip_bypass,current_vdp_gate,1,3,False,False,honest,True,True,True,True,True,True,True,0.1962137767369218,1.4901161193847656e-08,True
42,clip_bypass,current_vdp_gate,1,4,True,True,clip_bypass,True,False,True,True,True,True,True,1.9999999701976774,1.4901161193847656e-08,False
42,clip_bypass,current_vdp_gate,1,5,False,False,honest,True,True,True,True,True,True,True,0.9999999646097415,1.4901161193847656e-08,True
42,clip_bypass,current_vdp_gate,1,6,False,False,honest,True,True,True,True,True,True,True,0.7504508115241569,1.4901161193847656e-08,True
42,clip_bypass,current_vdp_gate,1,7,False,False,honest,True,True,True,True,True,True,True,0.19621377688524894,2.9802322387695312e-08,True
42,clip_bypass,current_vdp_gate,1,8,True,True,clip_bypass,True,False,True,True,True,True,True,2.0000001750886365,1.4901161193847656e-08,False
42,clip_bypass,current_vdp_gate,1,9,False,False,honest,True,True,True,True,True,True,True,0.9999999469146118,7.450580596923828e-09,True
42,clip_bypass,current_vdp_gate,2,0,False,False,honest,True,True,True,True,True,True,True,0.19621378667484066,1.4901161193847656e-08,True
42,clip_bypass,current_vdp_gate,2,1,False,False,honest,True,True,True,True,True,True,True,0.687397648496833,1.4901161193847656e-08,True
42,clip_bypass,current_vdp_gate,2,2,False,False,honest,True,True,True,True,True,True,True,0.19621367246290705,1.4901161193847656e-08,True
42,clip_bypass,current_vdp_gate,2,3,False,False,honest,True,True,True,True,True,True,True,0.19621367246290705,1.4901161193847656e-08,True
42,clip_bypass,current_vdp_gate,2,4,True,True,clip_bypass,True,False,True,True,True,True,True,2.000000022351742,1.4901161193847656e-08,False
42,clip_bypass,current_vdp_gate,2,5,False,False,honest,True,True,True,True,True,True,True,0.9999999515712249,1.4901161193847656e-08,True
42,clip_bypass,current_vdp_gate,2,6,False,False,honest,True,True,True,True,True,True,True,0.7359823368672662,1.4901161193847656e-08,True
42,clip_bypass,current_vdp_gate,2,7,False,False,honest,True,True,True,True,True,True,True,0.19621380551238696,1.4901161193847656e-08,True
42,clip_bypass,current_vdp_gate,2,8,True,True,clip_bypass,True,False,True,True,True,True,True,2.000000130385156,1.4901161193847656e-08,False
42,clip_bypass,current_vdp_gate,2,9,False,False,honest,True,True,True,True,True,True,True,1.0000000027939677,1.4901161193847656e-08,True
42,clip_bypass,current_vdp_gate,3,0,False,False,honest,True,True,True,True,True,True,True,0.19621369070715544,1.4901161193847656e-08,True
42,clip_bypass,current_vdp_gate,3,1,False,False,honest,True,True,True,True,True,True,True,0.6880629196453314,1.4901161193847656e-08,True
42,clip_bypass,current_vdp_gate,3,2,False,False,honest,True,True,True,True,True,True,True,0.1962137381718588,1.4901161193847656e-08,True
42,clip_bypass,current_vdp_gate,3,3,False,False,honest,True,True,True,True,True,True,True,0.19620550836234005,1.4901161193847656e-08,True
42,clip_bypass,current_vdp_gate,3,4,True,True,clip_bypass,True,False,True,True,True,True,True,2.000000206753601,1.4901161193847656e-08,False
42,clip_bypass,current_vdp_gate,3,5,False,False,honest,True,True,True,True,True,True,True,0.9999999972060323,1.4901161193847656e-08,True
42,clip_bypass,current_vdp_gate,3,6,False,False,honest,True,True,True,True,True,True,True,0.7401675845891516,1.4901161193847656e-08,True
42,clip_bypass,current_vdp_gate,3,7,False,False,honest,True,True,True,True,True,True,True,0.19621376665067528,1.4901161193847656e-08,True
42,clip_bypass,current_vdp_gate,3,8,True,True,clip_bypass,True,False,True,True,True,True,True,2.000000078231095,1.4901161193847656e-08,False
42,clip_bypass,current_vdp_gate,3,9,False,False,honest,True,True,True,True,True,True,True,1.000000033527612,1.4901161193847656e-08,True
42,clip_bypass,strengthened_vdp_gate,1,0,False,False,honest,True,True,True,True,True,True,True,0.19621384363245542,1.4901161193847656e-08,True
42,clip_bypass,strengthened_vdp_gate,1,1,False,False,honest,True,True,True,True,True,True,True,0.6966128372307163,1.4901161193847656e-08,True
42,clip_bypass,strengthened_vdp_gate,1,2,False,False,honest,True,True,True,True,True,True,True,0.19621354905461316,1.4901161193847656e-08,True
42,clip_bypass,strengthened_vdp_gate,1,3,False,False,honest,True,True,True,True,True,True,True,0.1962137767369218,1.4901161193847656e-08,True
42,clip_bypass,strengthened_vdp_gate,1,4,True,True,clip_bypass,True,False,True,True,True,True,True,1.9999999701976774,1.4901161193847656e-08,False
42,clip_bypass,strengthened_vdp_gate,1,5,False,False,honest,True,True,True,True,True,True,True,0.9999999646097415,1.4901161193847656e-08,True
42,clip_bypass,strengthened_vdp_gate,1,6,False,False,honest,True,True,True,True,True,True,True,0.7504508115241569,1.4901161193847656e-08,True
42,clip_bypass,strengthened_vdp_gate,1,7,False,False,honest,True,True,True,True,True,True,True,0.19621377688524894,2.9802322387695312e-08,True
42,clip_bypass,strengthened_vdp_gate,1,8,True,True,clip_bypass,True,False,True,True,True,True,True,2.0000001750886365,1.4901161193847656e-08,False
42,clip_bypass,strengthened_vdp_gate,1,9,False,False,honest,True,True,True,True,True,True,True,0.9999999469146118,7.450580596923828e-09,True
42,clip_bypass,strengthened_vdp_gate,2,0,False,False,honest,True,True,True,True,True,True,True,0.19621378667484066,1.4901161193847656e-08,True
42,clip_bypass,strengthened_vdp_gate,2,1,False,False,honest,True,True,True,True,True,True,True,0.687397648496833,1.4901161193847656e-08,True
42,clip_bypass,strengthened_vdp_gate,2,2,False,False,honest,True,True,True,True,True,True,True,0.19621367246290705,1.4901161193847656e-08,True
42,clip_bypass,strengthened_vdp_gate,2,3,False,False,honest,True,True,True,True,True,True,True,0.19621367246290705,1.4901161193847656e-08,True
42,clip_bypass,strengthened_vdp_gate,2,4,True,True,clip_bypass,True,False,True,True,True,True,True,2.000000022351742,1.4901161193847656e-08,False
42,clip_bypass,strengthened_vdp_gate,2,5,False,False,honest,True,True,True,True,True,True,True,0.9999999515712249,1.4901161193847656e-08,True
42,clip_bypass,strengthened_vdp_gate,2,6,False,False,honest,True,True,True,True,True,True,True,0.7359823368672662,1.4901161193847656e-08,True
42,clip_bypass,strengthened_vdp_gate,2,7,False,False,honest,True,True,True,True,True,True,True,0.19621380551238696,1.4901161193847656e-08,True
42,clip_bypass,strengthened_vdp_gate,2,8,True,True,clip_bypass,True,False,True,True,True,True,True,2.000000130385156,1.4901161193847656e-08,False
42,clip_bypass,strengthened_vdp_gate,2,9,False,False,honest,True,True,True,True,True,True,True,1.0000000027939677,1.4901161193847656e-08,True
42,clip_bypass,strengthened_vdp_gate,3,0,False,False,honest,True,True,True,True,True,True,True,0.19621369070715544,1.4901161193847656e-08,True
42,clip_bypass,strengthened_vdp_gate,3,1,False,False,honest,True,True,True,True,True,True,True,0.6880629196453314,1.4901161193847656e-08,True
42,clip_bypass,strengthened_vdp_gate,3,2,False,False,honest,True,True,True,True,True,True,True,0.1962137381718588,1.4901161193847656e-08,True
42,clip_bypass,strengthened_vdp_gate,3,3,False,False,honest,True,True,True,True,True,True,True,0.19620550836234005,1.4901161193847656e-08,True
42,clip_bypass,strengthened_vdp_gate,3,4,True,True,clip_bypass,True,False,True,True,True,True,True,2.000000206753601,1.4901161193847656e-08,False
42,clip_bypass,strengthened_vdp_gate,3,5,False,False,honest,True,True,True,True,True,True,True,0.9999999972060323,1.4901161193847656e-08,True
42,clip_bypass,strengthened_vdp_gate,3,6,False,False,honest,True,True,True,True,True,True,True,0.7401675845891516,1.4901161193847656e-08,True
42,clip_bypass,strengthened_vdp_gate,3,7,False,False,honest,True,True,True,True,True,True,True,0.19621376665067528,1.4901161193847656e-08,True
42,clip_bypass,strengthened_vdp_gate,3,8,True,True,clip_bypass,True,False,True,True,True,True,True,2.000000078231095,1.4901161193847656e-08,False
42,clip_bypass,strengthened_vdp_gate,3,9,False,False,honest,True,True,True,True,True,True,True,1.000000033527612,1.4901161193847656e-08,True
42,replay,ungated,1,0,False,False,honest,True,True,True,True,True,True,True,0.19621384363245542,1.4901161193847656e-08,True
42,replay,ungated,1,1,False,False,honest,True,True,True,True,True,True,True,0.6966128372307163,1.4901161193847656e-08,True
42,replay,ungated,1,2,False,False,honest,True,True,True,True,True,True,True,0.19621354905461316,1.4901161193847656e-08,True
42,replay,ungated,1,3,False,False,honest,True,True,True,True,True,True,True,0.1962137767369218,1.4901161193847656e-08,True
42,replay,ungated,1,4,True,False,replay_warmup_honest,True,True,True,True,True,True,True,0.9999999850988387,1.4901161193847656e-08,True
42,replay,ungated,1,5,False,False,honest,True,True,True,True,True,True,True,0.9999999646097415,1.4901161193847656e-08,True
42,replay,ungated,1,6,False,False,honest,True,True,True,True,True,True,True,0.7504508115241569,1.4901161193847656e-08,True
42,replay,ungated,1,7,False,False,honest,True,True,True,True,True,True,True,0.19621377688524894,2.9802322387695312e-08,True
42,replay,ungated,1,8,True,False,replay_warmup_honest,True,True,True,True,True,True,True,1.0000000875443182,1.4901161193847656e-08,True
42,replay,ungated,1,9,False,False,honest,True,True,True,True,True,True,True,0.9999999469146118,7.450580596923828e-09,True
42,replay,ungated,2,0,False,False,honest,True,True,True,True,True,True,True,0.19621380462242416,1.4901161193847656e-08,True
42,replay,ungated,2,1,False,False,honest,True,True,True,True,True,True,True,0.6785557089107214,1.4901161193847656e-08,True
42,replay,ungated,2,2,False,False,honest,True,True,True,True,True,True,True,0.19621377614361318,1.4901161193847656e-08,True
42,replay,ungated,2,3,False,False,honest,True,True,True,True,True,True,True,0.19621341570830453,1.4901161193847656e-08,True
42,replay,ungated,2,4,True,True,replay,True,True,True,False,False,True,True,0.9999999850988387,1.4901161193847656e-08,True
42,replay,ungated,2,5,False,False,honest,True,True,True,True,True,True,True,0.9999999878928064,1.4901161193847656e-08,True
42,replay,ungated,2,6,False,False,honest,True,True,True,True,True,True,True,0.7419867457375796,1.4901161193847656e-08,True
42,replay,ungated,2,7,False,False,honest,True,True,True,True,True,True,True,0.19621378637818637,1.4901161193847656e-08,True
42,replay,ungated,2,8,True,True,replay,True,True,True,False,False,True,True,1.0000000875443182,1.4901161193847656e-08,True
42,replay,ungated,2,9,False,False,honest,True,True,True,True,True,True,True,0.9999999040737703,1.4901161193847656e-08,True
42,replay,ungated,3,0,False,False,honest,True,True,True,True,True,True,True,0.19621351998245573,1.4901161193847656e-08,True
42,replay,ungated,3,1,False,False,honest,True,True,True,True,True,True,True,0.6934012360092182,1.4901161193847656e-08,True
42,replay,ungated,3,2,False,False,honest,True,True,True,True,True,True,True,0.19621302620010317,1.4901161193847656e-08,True
42,replay,ungated,3,3,False,False,honest,True,True,True,True,True,True,True,0.19621245513755708,1.4901161193847656e-08,True
42,replay,ungated,3,4,True,True,replay,True,True,True,False,True,True,True,1.0000000875443182,1.4901161193847656e-08,True
42,replay,ungated,3,5,False,False,honest,True,True,True,True,True,True,True,1.0000000232830641,1.4901161193847656e-08,True
42,replay,ungated,3,6,False,False,honest,True,True,True,True,True,True,True,0.7425885534883655,1.4901161193847656e-08,True
42,replay,ungated,3,7,False,False,honest,True,True,True,True,True,True,True,0.19621356729887304,2.9802322387695312e-08,True
42,replay,ungated,3,8,True,True,replay,True,True,True,False,True,True,True,0.9999999627470963,1.4901161193847656e-08,True
42,replay,ungated,3,9,False,False,honest,True,True,True,True,True,True,True,1.0,1.4901161193847656e-08,True
42,replay,current_vdp_gate,1,0,False,False,honest,True,True,True,True,True,True,True,0.19621384363245542,1.4901161193847656e-08,True
42,replay,current_vdp_gate,1,1,False,False,honest,True,True,True,True,True,True,True,0.6966128372307163,1.4901161193847656e-08,True
42,replay,current_vdp_gate,1,2,False,False,honest,True,True,True,True,True,True,True,0.19621354905461316,1.4901161193847656e-08,True
42,replay,current_vdp_gate,1,3,False,False,honest,True,True,True,True,True,True,True,0.1962137767369218,1.4901161193847656e-08,True
42,replay,current_vdp_gate,1,4,True,False,replay_warmup_honest,True,True,True,True,True,True,True,0.9999999850988387,1.4901161193847656e-08,True
42,replay,current_vdp_gate,1,5,False,False,honest,True,True,True,True,True,True,True,0.9999999646097415,1.4901161193847656e-08,True
42,replay,current_vdp_gate,1,6,False,False,honest,True,True,True,True,True,True,True,0.7504508115241569,1.4901161193847656e-08,True
42,replay,current_vdp_gate,1,7,False,False,honest,True,True,True,True,True,True,True,0.19621377688524894,2.9802322387695312e-08,True
42,replay,current_vdp_gate,1,8,True,False,replay_warmup_honest,True,True,True,True,True,True,True,1.0000000875443182,1.4901161193847656e-08,True
42,replay,current_vdp_gate,1,9,False,False,honest,True,True,True,True,True,True,True,0.9999999469146118,7.450580596923828e-09,True
42,replay,current_vdp_gate,2,0,False,False,honest,True,True,True,True,True,True,True,0.19621380462242416,1.4901161193847656e-08,True
42,replay,current_vdp_gate,2,1,False,False,honest,True,True,True,True,True,True,True,0.6785557089107214,1.4901161193847656e-08,True
42,replay,current_vdp_gate,2,2,False,False,honest,True,True,True,True,True,True,True,0.19621377614361318,1.4901161193847656e-08,True
42,replay,current_vdp_gate,2,3,False,False,honest,True,True,True,True,True,True,True,0.19621341570830453,1.4901161193847656e-08,True
42,replay,current_vdp_gate,2,4,True,True,replay,True,True,True,False,False,True,True,0.9999999850988387,1.4901161193847656e-08,True
42,replay,current_vdp_gate,2,5,False,False,honest,True,True,True,True,True,True,True,0.9999999878928064,1.4901161193847656e-08,True
42,replay,current_vdp_gate,2,6,False,False,honest,True,True,True,True,True,True,True,0.7419867457375796,1.4901161193847656e-08,True
42,replay,current_vdp_gate,2,7,False,False,honest,True,True,True,True,True,True,True,0.19621378637818637,1.4901161193847656e-08,True
42,replay,current_vdp_gate,2,8,True,True,replay,True,True,True,False,False,True,True,1.0000000875443182,1.4901161193847656e-08,True
42,replay,current_vdp_gate,2,9,False,False,honest,True,True,True,True,True,True,True,0.9999999040737703,1.4901161193847656e-08,True
42,replay,current_vdp_gate,3,0,False,False,honest,True,True,True,True,True,True,True,0.19621351998245573,1.4901161193847656e-08,True
42,replay,current_vdp_gate,3,1,False,False,honest,True,True,True,True,True,True,True,0.6934012360092182,1.4901161193847656e-08,True
42,replay,current_vdp_gate,3,2,False,False,honest,True,True,True,True,True,True,True,0.19621302620010317,1.4901161193847656e-08,True
42,replay,current_vdp_gate,3,3,False,False,honest,True,True,True,True,True,True,True,0.19621245513755708,1.4901161193847656e-08,True
42,replay,current_vdp_gate,3,4,True,True,replay,True,True,True,False,True,True,True,1.0000000875443182,1.4901161193847656e-08,True
42,replay,current_vdp_gate,3,5,False,False,honest,True,True,True,True,True,True,True,1.0000000232830641,1.4901161193847656e-08,True
42,replay,current_vdp_gate,3,6,False,False,honest,True,True,True,True,True,True,True,0.7425885534883655,1.4901161193847656e-08,True
42,replay,current_vdp_gate,3,7,False,False,honest,True,True,True,True,True,True,True,0.19621356729887304,2.9802322387695312e-08,True
42,replay,current_vdp_gate,3,8,True,True,replay,True,True,True,False,True,True,True,0.9999999627470963,1.4901161193847656e-08,True
42,replay,current_vdp_gate,3,9,False,False,honest,True,True,True,True,True,True,True,1.0,1.4901161193847656e-08,True
42,replay,strengthened_vdp_gate,1,0,False,False,honest,True,True,True,True,True,True,True,0.19621384363245542,1.4901161193847656e-08,True
42,replay,strengthened_vdp_gate,1,1,False,False,honest,True,True,True,True,True,True,True,0.6966128372307163,1.4901161193847656e-08,True
42,replay,strengthened_vdp_gate,1,2,False,False,honest,True,True,True,True,True,True,True,0.19621354905461316,1.4901161193847656e-08,True
42,replay,strengthened_vdp_gate,1,3,False,False,honest,True,True,True,True,True,True,True,0.1962137767369218,1.4901161193847656e-08,True
42,replay,strengthened_vdp_gate,1,4,True,False,replay_warmup_honest,True,True,True,True,True,True,True,0.9999999850988387,1.4901161193847656e-08,True
42,replay,strengthened_vdp_gate,1,5,False,False,honest,True,True,True,True,True,True,True,0.9999999646097415,1.4901161193847656e-08,True
42,replay,strengthened_vdp_gate,1,6,False,False,honest,True,True,True,True,True,True,True,0.7504508115241569,1.4901161193847656e-08,True
42,replay,strengthened_vdp_gate,1,7,False,False,honest,True,True,True,True,True,True,True,0.19621377688524894,2.9802322387695312e-08,True
42,replay,strengthened_vdp_gate,1,8,True,False,replay_warmup_honest,True,True,True,True,True,True,True,1.0000000875443182,1.4901161193847656e-08,True
42,replay,strengthened_vdp_gate,1,9,False,False,honest,True,True,True,True,True,True,True,0.9999999469146118,7.450580596923828e-09,True
42,replay,strengthened_vdp_gate,2,0,False,False,honest,True,True,True,True,True,True,True,0.19621380462242416,1.4901161193847656e-08,True
42,replay,strengthened_vdp_gate,2,1,False,False,honest,True,True,True,True,True,True,True,0.6785557089107214,1.4901161193847656e-08,True
42,replay,strengthened_vdp_gate,2,2,False,False,honest,True,True,True,True,True,True,True,0.19621377614361318,1.4901161193847656e-08,True
42,replay,strengthened_vdp_gate,2,3,False,False,honest,True,True,True,True,True,True,True,0.19621341570830453,1.4901161193847656e-08,True
42,replay,strengthened_vdp_gate,2,4,True,True,replay,True,True,True,False,False,True,True,0.9999999850988387,1.4901161193847656e-08,False
42,replay,strengthened_vdp_gate,2,5,False,False,honest,True,True,True,True,True,True,True,0.9999999878928064,1.4901161193847656e-08,True
42,replay,strengthened_vdp_gate,2,6,False,False,honest,True,True,True,True,True,True,True,0.7419867457375796,1.4901161193847656e-08,True
42,replay,strengthened_vdp_gate,2,7,False,False,honest,True,True,True,True,True,True,True,0.19621378637818637,1.4901161193847656e-08,True
42,replay,strengthened_vdp_gate,2,8,True,True,replay,True,True,True,False,False,True,True,1.0000000875443182,1.4901161193847656e-08,False
42,replay,strengthened_vdp_gate,2,9,False,False,honest,True,True,True,True,True,True,True,0.9999999040737703,1.4901161193847656e-08,True
42,replay,strengthened_vdp_gate,3,0,False,False,honest,True,True,True,True,True,True,True,0.19621371043467417,1.4901161193847656e-08,True
42,replay,strengthened_vdp_gate,3,1,False,False,honest,True,True,True,True,True,True,True,0.6859634015715176,1.4901161193847656e-08,True
42,replay,strengthened_vdp_gate,3,2,False,False,honest,True,True,True,True,True,True,True,0.19621365347702074,1.4901161193847656e-08,True
42,replay,strengthened_vdp_gate,3,3,False,False,honest,True,True,True,True,True,True,True,0.1962136819558495,1.4901161193847656e-08,True
42,replay,strengthened_vdp_gate,3,4,True,True,replay,True,True,True,False,True,True,True,1.0000000875443182,1.4901161193847656e-08,False
42,replay,strengthened_vdp_gate,3,5,False,False,honest,True,True,True,True,True,True,True,0.9999999282881592,1.4901161193847656e-08,True
42,replay,strengthened_vdp_gate,3,6,False,False,honest,True,True,True,True,True,True,True,0.741215482202803,1.4901161193847656e-08,True
42,replay,strengthened_vdp_gate,3,7,False,False,honest,True,True,True,True,True,True,True,0.19621380462242416,1.4901161193847656e-08,True
42,replay,strengthened_vdp_gate,3,8,True,True,replay,True,True,True,False,True,True,True,0.9999999627470963,1.4901161193847656e-08,False
42,replay,strengthened_vdp_gate,3,9,False,False,honest,True,True,True,True,True,True,True,1.0000000260770316,1.4901161193847656e-08,True
42,zero_noise,ungated,1,0,False,False,honest,True,True,True,True,True,True,True,0.19621384363245542,1.4901161193847656e-08,True
42,zero_noise,ungated,1,1,False,False,honest,True,True,True,True,True,True,True,0.6966128372307163,1.4901161193847656e-08,True
42,zero_noise,ungated,1,2,False,False,honest,True,True,True,True,True,True,True,0.19621354905461316,1.4901161193847656e-08,True
42,zero_noise,ungated,1,3,False,False,honest,True,True,True,True,True,True,True,0.1962137767369218,1.4901161193847656e-08,True
42,zero_noise,ungated,1,4,True,True,zero_noise,True,True,True,True,True,False,True,0.9999999850988387,0.0,True
42,zero_noise,ungated,1,5,False,False,honest,True,True,True,True,True,True,True,0.9999999646097415,1.4901161193847656e-08,True
42,zero_noise,ungated,1,6,False,False,honest,True,True,True,True,True,True,True,0.7504508115241569,1.4901161193847656e-08,True
42,zero_noise,ungated,1,7,False,False,honest,True,True,True,True,True,True,True,0.19621377688524894,2.9802322387695312e-08,True
42,zero_noise,ungated,1,8,True,True,zero_noise,True,True,True,True,True,False,True,1.0000000875443182,0.0,True
42,zero_noise,ungated,1,9,False,False,honest,True,True,True,True,True,True,True,0.9999999469146118,7.450580596923828e-09,True
42,zero_noise,ungated,2,0,False,False,honest,True,True,True,True,True,True,True,0.19621381559863146,1.4901161193847656e-08,True
42,zero_noise,ungated,2,1,False,False,honest,True,True,True,True,True,True,True,0.6821181181079818,1.4901161193847656e-08,True
42,zero_noise,ungated,2,2,False,False,honest,True,True,True,True,True,True,True,0.1962137301621909,1.4901161193847656e-08,True
42,zero_noise,ungated,2,3,False,False,honest,True,True,True,True,True,True,True,0.19621364353909515,1.4901161193847656e-08,True
42,zero_noise,ungated,2,4,True,True,zero_noise,True,True,True,True,True,False,True,1.0000000791624157,0.0,True
42,zero_noise,ungated,2,5,False,False,honest,True,True,True,True,True,True,True,1.0000000055879354,1.4901161193847656e-08,True
42,zero_noise,ungated,2,6,False,False,honest,True,True,True,True,True,True,True,0.7364789210097644,1.4901161193847656e-08,True
42,zero_noise,ungated,2,7,False,False,honest,True,True,True,True,True,True,True,0.19621378667484066,1.4901161193847656e-08,True
42,zero_noise,ungated,2,8,True,True,zero_noise,True,True,True,True,True,False,True,0.9999999683350319,0.0,True
42,zero_noise,ungated,2,9,False,False,honest,True,True,True,True,True,True,True,1.000000033527612,1.4901161193847656e-08,True
42,zero_noise,ungated,3,0,False,False,honest,True,True,True,True,True,True,True,0.19621361565356987,1.4901161193847656e-08,True
42,zero_noise,ungated,3,1,False,False,honest,True,True,True,True,True,True,True,0.6813035339136085,1.4901161193847656e-08,True
42,zero_noise,ungated,3,2,False,False,honest,True,True,True,True,True,True,True,0.19621356744720037,1.4901161193847656e-08,True
42,zero_noise,ungated,3,3,False,False,honest,True,True,True,True,True,True,True,0.19621342505293202,1.4901161193847656e-08,True
42,zero_noise,ungated,3,4,True,True,zero_noise,True,True,True,True,True,False,True,1.0000000493600953,0.0,True
42,zero_noise,ungated,3,5,False,False,honest,True,True,True,True,True,True,True,1.0000000782310932,1.4901161193847656e-08,True
42,zero_noise,ungated,3,6,False,False,honest,True,True,True,True,True,True,True,0.7374609099601847,1.4901161193847656e-08,True
42,zero_noise,ungated,3,7,False,False,honest,True,True,True,True,True,True,True,0.19621382479491278,1.4901161193847656e-08,True
42,zero_noise,ungated,3,8,True,True,zero_noise,True,True,True,True,True,False,True,1.000000013038516,0.0,True
42,zero_noise,ungated,3,9,False,False,honest,True,True,True,True,True,True,True,0.9999999906867743,1.4901161193847656e-08,True
42,zero_noise,current_vdp_gate,1,0,False,False,honest,True,True,True,True,True,True,True,0.19621384363245542,1.4901161193847656e-08,True
42,zero_noise,current_vdp_gate,1,1,False,False,honest,True,True,True,True,True,True,True,0.6966128372307163,1.4901161193847656e-08,True
42,zero_noise,current_vdp_gate,1,2,False,False,honest,True,True,True,True,True,True,True,0.19621354905461316,1.4901161193847656e-08,True
42,zero_noise,current_vdp_gate,1,3,False,False,honest,True,True,True,True,True,True,True,0.1962137767369218,1.4901161193847656e-08,True
42,zero_noise,current_vdp_gate,1,4,True,True,zero_noise,True,True,True,True,True,False,True,0.9999999850988387,0.0,True
42,zero_noise,current_vdp_gate,1,5,False,False,honest,True,True,True,True,True,True,True,0.9999999646097415,1.4901161193847656e-08,True
42,zero_noise,current_vdp_gate,1,6,False,False,honest,True,True,True,True,True,True,True,0.7504508115241569,1.4901161193847656e-08,True
42,zero_noise,current_vdp_gate,1,7,False,False,honest,True,True,True,True,True,True,True,0.19621377688524894,2.9802322387695312e-08,True
42,zero_noise,current_vdp_gate,1,8,True,True,zero_noise,True,True,True,True,True,False,True,1.0000000875443182,0.0,True
42,zero_noise,current_vdp_gate,1,9,False,False,honest,True,True,True,True,True,True,True,0.9999999469146118,7.450580596923828e-09,True
42,zero_noise,current_vdp_gate,2,0,False,False,honest,True,True,True,True,True,True,True,0.19621381559863146,1.4901161193847656e-08,True
42,zero_noise,current_vdp_gate,2,1,False,False,honest,True,True,True,True,True,True,True,0.6821181181079818,1.4901161193847656e-08,True
42,zero_noise,current_vdp_gate,2,2,False,False,honest,True,True,True,True,True,True,True,0.1962137301621909,1.4901161193847656e-08,True
42,zero_noise,current_vdp_gate,2,3,False,False,honest,True,True,True,True,True,True,True,0.19621364353909515,1.4901161193847656e-08,True
42,zero_noise,current_vdp_gate,2,4,True,True,zero_noise,True,True,True,True,True,False,True,1.0000000791624157,0.0,True
42,zero_noise,current_vdp_gate,2,5,False,False,honest,True,True,True,True,True,True,True,1.0000000055879354,1.4901161193847656e-08,True
42,zero_noise,current_vdp_gate,2,6,False,False,honest,True,True,True,True,True,True,True,0.7364789210097644,1.4901161193847656e-08,True
42,zero_noise,current_vdp_gate,2,7,False,False,honest,True,True,True,True,True,True,True,0.19621378667484066,1.4901161193847656e-08,True
42,zero_noise,current_vdp_gate,2,8,True,True,zero_noise,True,True,True,True,True,False,True,0.9999999683350319,0.0,True
42,zero_noise,current_vdp_gate,2,9,False,False,honest,True,True,True,True,True,True,True,1.000000033527612,1.4901161193847656e-08,True
42,zero_noise,current_vdp_gate,3,0,False,False,honest,True,True,True,True,True,True,True,0.19621361565356987,1.4901161193847656e-08,True
42,zero_noise,current_vdp_gate,3,1,False,False,honest,True,True,True,True,True,True,True,0.6813035339136085,1.4901161193847656e-08,True
42,zero_noise,current_vdp_gate,3,2,False,False,honest,True,True,True,True,True,True,True,0.19621356744720037,1.4901161193847656e-08,True
42,zero_noise,current_vdp_gate,3,3,False,False,honest,True,True,True,True,True,True,True,0.19621342505293202,1.4901161193847656e-08,True
42,zero_noise,current_vdp_gate,3,4,True,True,zero_noise,True,True,True,True,True,False,True,1.0000000493600953,0.0,True
42,zero_noise,current_vdp_gate,3,5,False,False,honest,True,True,True,True,True,True,True,1.0000000782310932,1.4901161193847656e-08,True
42,zero_noise,current_vdp_gate,3,6,False,False,honest,True,True,True,True,True,True,True,0.7374609099601847,1.4901161193847656e-08,True
42,zero_noise,current_vdp_gate,3,7,False,False,honest,True,True,True,True,True,True,True,0.19621382479491278,1.4901161193847656e-08,True
42,zero_noise,current_vdp_gate,3,8,True,True,zero_noise,True,True,True,True,True,False,True,1.000000013038516,0.0,True
42,zero_noise,current_vdp_gate,3,9,False,False,honest,True,True,True,True,True,True,True,0.9999999906867743,1.4901161193847656e-08,True
42,zero_noise,strengthened_vdp_gate,1,0,False,False,honest,True,True,True,True,True,True,True,0.19621384363245542,1.4901161193847656e-08,True
42,zero_noise,strengthened_vdp_gate,1,1,False,False,honest,True,True,True,True,True,True,True,0.6966128372307163,1.4901161193847656e-08,True
42,zero_noise,strengthened_vdp_gate,1,2,False,False,honest,True,True,True,True,True,True,True,0.19621354905461316,1.4901161193847656e-08,True
42,zero_noise,strengthened_vdp_gate,1,3,False,False,honest,True,True,True,True,True,True,True,0.1962137767369218,1.4901161193847656e-08,True
42,zero_noise,strengthened_vdp_gate,1,4,True,True,zero_noise,True,True,True,True,True,False,True,0.9999999850988387,0.0,False
42,zero_noise,strengthened_vdp_gate,1,5,False,False,honest,True,True,True,True,True,True,True,0.9999999646097415,1.4901161193847656e-08,True
42,zero_noise,strengthened_vdp_gate,1,6,False,False,honest,True,True,True,True,True,True,True,0.7504508115241569,1.4901161193847656e-08,True
42,zero_noise,strengthened_vdp_gate,1,7,False,False,honest,True,True,True,True,True,True,True,0.19621377688524894,2.9802322387695312e-08,True
42,zero_noise,strengthened_vdp_gate,1,8,True,True,zero_noise,True,True,True,True,True,False,True,1.0000000875443182,0.0,False
42,zero_noise,strengthened_vdp_gate,1,9,False,False,honest,True,True,True,True,True,True,True,0.9999999469146118,7.450580596923828e-09,True
42,zero_noise,strengthened_vdp_gate,2,0,False,False,honest,True,True,True,True,True,True,True,0.19621378667484066,1.4901161193847656e-08,True
42,zero_noise,strengthened_vdp_gate,2,1,False,False,honest,True,True,True,True,True,True,True,0.687397648496833,1.4901161193847656e-08,True
42,zero_noise,strengthened_vdp_gate,2,2,False,False,honest,True,True,True,True,True,True,True,0.19621367246290705,1.4901161193847656e-08,True
42,zero_noise,strengthened_vdp_gate,2,3,False,False,honest,True,True,True,True,True,True,True,0.19621367246290705,1.4901161193847656e-08,True
42,zero_noise,strengthened_vdp_gate,2,4,True,True,zero_noise,True,True,True,True,True,False,True,1.000000011175871,0.0,False
42,zero_noise,strengthened_vdp_gate,2,5,False,False,honest,True,True,True,True,True,True,True,0.9999999515712249,1.4901161193847656e-08,True
42,zero_noise,strengthened_vdp_gate,2,6,False,False,honest,True,True,True,True,True,True,True,0.7359823368672662,1.4901161193847656e-08,True
42,zero_noise,strengthened_vdp_gate,2,7,False,False,honest,True,True,True,True,True,True,True,0.19621380551238696,1.4901161193847656e-08,True
42,zero_noise,strengthened_vdp_gate,2,8,True,True,zero_noise,True,True,True,True,True,False,True,1.000000065192578,0.0,False
42,zero_noise,strengthened_vdp_gate,2,9,False,False,honest,True,True,True,True,True,True,True,1.0000000027939677,1.4901161193847656e-08,True
42,zero_noise,strengthened_vdp_gate,3,0,False,False,honest,True,True,True,True,True,True,True,0.19621369070715544,1.4901161193847656e-08,True
42,zero_noise,strengthened_vdp_gate,3,1,False,False,honest,True,True,True,True,True,True,True,0.6880629196453314,1.4901161193847656e-08,True
42,zero_noise,strengthened_vdp_gate,3,2,False,False,honest,True,True,True,True,True,True,True,0.1962137381718588,1.4901161193847656e-08,True
42,zero_noise,strengthened_vdp_gate,3,3,False,False,honest,True,True,True,True,True,True,True,0.19620550836234005,1.4901161193847656e-08,True
42,zero_noise,strengthened_vdp_gate,3,4,True,True,zero_noise,True,True,True,True,True,False,True,1.0000001033768005,0.0,False
42,zero_noise,strengthened_vdp_gate,3,5,False,False,honest,True,True,True,True,True,True,True,0.9999999972060323,1.4901161193847656e-08,True
42,zero_noise,strengthened_vdp_gate,3,6,False,False,honest,True,True,True,True,True,True,True,0.7401675845891516,1.4901161193847656e-08,True
42,zero_noise,strengthened_vdp_gate,3,7,False,False,honest,True,True,True,True,True,True,True,0.19621376665067528,1.4901161193847656e-08,True
42,zero_noise,strengthened_vdp_gate,3,8,True,True,zero_noise,True,True,True,True,True,False,True,1.0000000391155475,0.0,False
42,zero_noise,strengthened_vdp_gate,3,9,False,False,honest,True,True,True,True,True,True,True,1.000000033527612,1.4901161193847656e-08,True
42,bounded_sign_flip,ungated,1,0,False,False,honest,True,True,True,True,True,True,True,0.19621384363245542,1.4901161193847656e-08,True
42,bounded_sign_flip,ungated,1,1,False,False,honest,True,True,True,True,True,True,True,0.6966128372307163,1.4901161193847656e-08,True
42,bounded_sign_flip,ungated,1,2,False,False,honest,True,True,True,True,True,True,True,0.19621354905461316,1.4901161193847656e-08,True
42,bounded_sign_flip,ungated,1,3,False,False,honest,True,True,True,True,True,True,True,0.1962137767369218,1.4901161193847656e-08,True
42,bounded_sign_flip,ungated,1,4,True,True,bounded_sign_flip,True,True,True,True,True,True,False,0.9999999850988387,1.4901161193847656e-08,True
42,bounded_sign_flip,ungated,1,5,False,False,honest,True,True,True,True,True,True,True,0.9999999646097415,1.4901161193847656e-08,True
42,bounded_sign_flip,ungated,1,6,False,False,honest,True,True,True,True,True,True,True,0.7504508115241569,1.4901161193847656e-08,True
42,bounded_sign_flip,ungated,1,7,False,False,honest,True,True,True,True,True,True,True,0.19621377688524894,2.9802322387695312e-08,True
42,bounded_sign_flip,ungated,1,8,True,True,bounded_sign_flip,True,True,True,True,True,True,False,1.0000000875443182,1.4901161193847656e-08,True
42,bounded_sign_flip,ungated,1,9,False,False,honest,True,True,True,True,True,True,True,0.9999999469146118,7.450580596923828e-09,True
42,bounded_sign_flip,ungated,2,0,False,False,honest,True,True,True,True,True,True,True,0.19621358702640418,1.4901161193847656e-08,True
42,bounded_sign_flip,ungated,2,1,False,False,honest,True,True,True,True,True,True,True,0.7005123753314776,1.4901161193847656e-08,True
42,bounded_sign_flip,ungated,2,2,False,False,honest,True,True,True,True,True,True,True,0.19621364413240414,1.4901161193847656e-08,True
42,bounded_sign_flip,ungated,2,3,False,False,honest,True,True,True,True,True,True,True,0.19621377688524894,1.4901161193847656e-08,True
42,bounded_sign_flip,ungated,2,4,True,True,bounded_sign_flip,True,True,True,True,True,True,False,1.000000011175871,1.4901161193847656e-08,True
42,bounded_sign_flip,ungated,2,5,False,False,honest,True,True,True,True,True,True,True,0.9999999701976772,1.4901161193847656e-08,True
42,bounded_sign_flip,ungated,2,6,False,False,honest,True,True,True,True,True,True,True,0.7419511544212578,1.4901161193847656e-08,True
42,bounded_sign_flip,ungated,2,7,False,False,honest,True,True,True,True,True,True,True,0.1962136155052426,1.4901161193847656e-08,True
42,bounded_sign_flip,ungated,2,8,True,True,bounded_sign_flip,True,True,True,True,True,True,False,0.9999999590218058,1.4901161193847656e-08,True
42,bounded_sign_flip,ungated,2,9,False,False,honest,True,True,True,True,True,True,True,1.0000000540167078,1.4901161193847656e-08,True
42,bounded_sign_flip,ungated,3,0,False,False,honest,True,True,True,True,True,True,True,0.19621384303914702,1.4901161193847656e-08,True
42,bounded_sign_flip,ungated,3,1,False,False,honest,True,True,True,True,True,True,True,0.7075107500204002,1.4901161193847656e-08,True
42,bounded_sign_flip,ungated,3,2,False,False,honest,True,True,True,True,True,True,True,0.19621373861684033,1.4901161193847656e-08,True
42,bounded_sign_flip,ungated,3,3,False,False,honest,True,True,True,True,True,True,True,0.19621378682316779,1.4901161193847656e-08,True
42,bounded_sign_flip,ungated,3,4,True,True,bounded_sign_flip,True,True,True,True,True,True,False,0.9999999850988387,1.4901161193847656e-08,True
42,bounded_sign_flip,ungated,3,5,False,False,honest,True,True,True,True,True,True,True,0.9999999366700629,1.4901161193847656e-08,True
42,bounded_sign_flip,ungated,3,6,False,False,honest,True,True,True,True,True,True,True,0.7450329656736003,1.4901161193847656e-08,True
42,bounded_sign_flip,ungated,3,7,False,False,honest,True,True,True,True,True,True,True,0.19621342564624167,2.9802322387695312e-08,True
42,bounded_sign_flip,ungated,3,8,True,True,bounded_sign_flip,True,True,True,True,True,True,False,0.9999999664723868,1.4901161193847656e-08,True
42,bounded_sign_flip,ungated,3,9,False,False,honest,True,True,True,True,True,True,True,1.0000000055879354,1.4901161193847656e-08,True
42,bounded_sign_flip,current_vdp_gate,1,0,False,False,honest,True,True,True,True,True,True,True,0.19621384363245542,1.4901161193847656e-08,True
42,bounded_sign_flip,current_vdp_gate,1,1,False,False,honest,True,True,True,True,True,True,True,0.6966128372307163,1.4901161193847656e-08,True
42,bounded_sign_flip,current_vdp_gate,1,2,False,False,honest,True,True,True,True,True,True,True,0.19621354905461316,1.4901161193847656e-08,True
42,bounded_sign_flip,current_vdp_gate,1,3,False,False,honest,True,True,True,True,True,True,True,0.1962137767369218,1.4901161193847656e-08,True
42,bounded_sign_flip,current_vdp_gate,1,4,True,True,bounded_sign_flip,True,True,True,True,True,True,False,0.9999999850988387,1.4901161193847656e-08,True
42,bounded_sign_flip,current_vdp_gate,1,5,False,False,honest,True,True,True,True,True,True,True,0.9999999646097415,1.4901161193847656e-08,True
42,bounded_sign_flip,current_vdp_gate,1,6,False,False,honest,True,True,True,True,True,True,True,0.7504508115241569,1.4901161193847656e-08,True
42,bounded_sign_flip,current_vdp_gate,1,7,False,False,honest,True,True,True,True,True,True,True,0.19621377688524894,2.9802322387695312e-08,True
42,bounded_sign_flip,current_vdp_gate,1,8,True,True,bounded_sign_flip,True,True,True,True,True,True,False,1.0000000875443182,1.4901161193847656e-08,True
42,bounded_sign_flip,current_vdp_gate,1,9,False,False,honest,True,True,True,True,True,True,True,0.9999999469146118,7.450580596923828e-09,True
42,bounded_sign_flip,current_vdp_gate,2,0,False,False,honest,True,True,True,True,True,True,True,0.19621358702640418,1.4901161193847656e-08,True
42,bounded_sign_flip,current_vdp_gate,2,1,False,False,honest,True,True,True,True,True,True,True,0.7005123753314776,1.4901161193847656e-08,True
42,bounded_sign_flip,current_vdp_gate,2,2,False,False,honest,True,True,True,True,True,True,True,0.19621364413240414,1.4901161193847656e-08,True
42,bounded_sign_flip,current_vdp_gate,2,3,False,False,honest,True,True,True,True,True,True,True,0.19621377688524894,1.4901161193847656e-08,True
42,bounded_sign_flip,current_vdp_gate,2,4,True,True,bounded_sign_flip,True,True,True,True,True,True,False,1.000000011175871,1.4901161193847656e-08,True
42,bounded_sign_flip,current_vdp_gate,2,5,False,False,honest,True,True,True,True,True,True,True,0.9999999701976772,1.4901161193847656e-08,True
42,bounded_sign_flip,current_vdp_gate,2,6,False,False,honest,True,True,True,True,True,True,True,0.7419511544212578,1.4901161193847656e-08,True
42,bounded_sign_flip,current_vdp_gate,2,7,False,False,honest,True,True,True,True,True,True,True,0.1962136155052426,1.4901161193847656e-08,True
42,bounded_sign_flip,current_vdp_gate,2,8,True,True,bounded_sign_flip,True,True,True,True,True,True,False,0.9999999590218058,1.4901161193847656e-08,True
42,bounded_sign_flip,current_vdp_gate,2,9,False,False,honest,True,True,True,True,True,True,True,1.0000000540167078,1.4901161193847656e-08,True
42,bounded_sign_flip,current_vdp_gate,3,0,False,False,honest,True,True,True,True,True,True,True,0.19621384303914702,1.4901161193847656e-08,True
42,bounded_sign_flip,current_vdp_gate,3,1,False,False,honest,True,True,True,True,True,True,True,0.7075107500204002,1.4901161193847656e-08,True
42,bounded_sign_flip,current_vdp_gate,3,2,False,False,honest,True,True,True,True,True,True,True,0.19621373861684033,1.4901161193847656e-08,True
42,bounded_sign_flip,current_vdp_gate,3,3,False,False,honest,True,True,True,True,True,True,True,0.19621378682316779,1.4901161193847656e-08,True
42,bounded_sign_flip,current_vdp_gate,3,4,True,True,bounded_sign_flip,True,True,True,True,True,True,False,0.9999999850988387,1.4901161193847656e-08,True
42,bounded_sign_flip,current_vdp_gate,3,5,False,False,honest,True,True,True,True,True,True,True,0.9999999366700629,1.4901161193847656e-08,True
42,bounded_sign_flip,current_vdp_gate,3,6,False,False,honest,True,True,True,True,True,True,True,0.7450329656736003,1.4901161193847656e-08,True
42,bounded_sign_flip,current_vdp_gate,3,7,False,False,honest,True,True,True,True,True,True,True,0.19621342564624167,2.9802322387695312e-08,True
42,bounded_sign_flip,current_vdp_gate,3,8,True,True,bounded_sign_flip,True,True,True,True,True,True,False,0.9999999664723868,1.4901161193847656e-08,True
42,bounded_sign_flip,current_vdp_gate,3,9,False,False,honest,True,True,True,True,True,True,True,1.0000000055879354,1.4901161193847656e-08,True
42,bounded_sign_flip,strengthened_vdp_gate,1,0,False,False,honest,True,True,True,True,True,True,True,0.19621384363245542,1.4901161193847656e-08,True
42,bounded_sign_flip,strengthened_vdp_gate,1,1,False,False,honest,True,True,True,True,True,True,True,0.6966128372307163,1.4901161193847656e-08,True
42,bounded_sign_flip,strengthened_vdp_gate,1,2,False,False,honest,True,True,True,True,True,True,True,0.19621354905461316,1.4901161193847656e-08,True
42,bounded_sign_flip,strengthened_vdp_gate,1,3,False,False,honest,True,True,True,True,True,True,True,0.1962137767369218,1.4901161193847656e-08,True
42,bounded_sign_flip,strengthened_vdp_gate,1,4,True,True,bounded_sign_flip,True,True,True,True,True,True,False,0.9999999850988387,1.4901161193847656e-08,True
42,bounded_sign_flip,strengthened_vdp_gate,1,5,False,False,honest,True,True,True,True,True,True,True,0.9999999646097415,1.4901161193847656e-08,True
42,bounded_sign_flip,strengthened_vdp_gate,1,6,False,False,honest,True,True,True,True,True,True,True,0.7504508115241569,1.4901161193847656e-08,True
42,bounded_sign_flip,strengthened_vdp_gate,1,7,False,False,honest,True,True,True,True,True,True,True,0.19621377688524894,2.9802322387695312e-08,True
42,bounded_sign_flip,strengthened_vdp_gate,1,8,True,True,bounded_sign_flip,True,True,True,True,True,True,False,1.0000000875443182,1.4901161193847656e-08,True
42,bounded_sign_flip,strengthened_vdp_gate,1,9,False,False,honest,True,True,True,True,True,True,True,0.9999999469146118,7.450580596923828e-09,True
42,bounded_sign_flip,strengthened_vdp_gate,2,0,False,False,honest,True,True,True,True,True,True,True,0.19621358702640418,1.4901161193847656e-08,True
42,bounded_sign_flip,strengthened_vdp_gate,2,1,False,False,honest,True,True,True,True,True,True,True,0.7005123753314776,1.4901161193847656e-08,True
42,bounded_sign_flip,strengthened_vdp_gate,2,2,False,False,honest,True,True,True,True,True,True,True,0.19621364413240414,1.4901161193847656e-08,True
42,bounded_sign_flip,strengthened_vdp_gate,2,3,False,False,honest,True,True,True,True,True,True,True,0.19621377688524894,1.4901161193847656e-08,True
42,bounded_sign_flip,strengthened_vdp_gate,2,4,True,True,bounded_sign_flip,True,True,True,True,True,True,False,1.000000011175871,1.4901161193847656e-08,True
42,bounded_sign_flip,strengthened_vdp_gate,2,5,False,False,honest,True,True,True,True,True,True,True,0.9999999701976772,1.4901161193847656e-08,True
42,bounded_sign_flip,strengthened_vdp_gate,2,6,False,False,honest,True,True,True,True,True,True,True,0.7419511544212578,1.4901161193847656e-08,True
42,bounded_sign_flip,strengthened_vdp_gate,2,7,False,False,honest,True,True,True,True,True,True,True,0.1962136155052426,1.4901161193847656e-08,True
42,bounded_sign_flip,strengthened_vdp_gate,2,8,True,True,bounded_sign_flip,True,True,True,True,True,True,False,0.9999999590218058,1.4901161193847656e-08,True
42,bounded_sign_flip,strengthened_vdp_gate,2,9,False,False,honest,True,True,True,True,True,True,True,1.0000000540167078,1.4901161193847656e-08,True
42,bounded_sign_flip,strengthened_vdp_gate,3,0,False,False,honest,True,True,True,True,True,True,True,0.19621384303914702,1.4901161193847656e-08,True
42,bounded_sign_flip,strengthened_vdp_gate,3,1,False,False,honest,True,True,True,True,True,True,True,0.7075107500204002,1.4901161193847656e-08,True
42,bounded_sign_flip,strengthened_vdp_gate,3,2,False,False,honest,True,True,True,True,True,True,True,0.19621373861684033,1.4901161193847656e-08,True
42,bounded_sign_flip,strengthened_vdp_gate,3,3,False,False,honest,True,True,True,True,True,True,True,0.19621378682316779,1.4901161193847656e-08,True
42,bounded_sign_flip,strengthened_vdp_gate,3,4,True,True,bounded_sign_flip,True,True,True,True,True,True,False,0.9999999850988387,1.4901161193847656e-08,True
42,bounded_sign_flip,strengthened_vdp_gate,3,5,False,False,honest,True,True,True,True,True,True,True,0.9999999366700629,1.4901161193847656e-08,True
42,bounded_sign_flip,strengthened_vdp_gate,3,6,False,False,honest,True,True,True,True,True,True,True,0.7450329656736003,1.4901161193847656e-08,True
42,bounded_sign_flip,strengthened_vdp_gate,3,7,False,False,honest,True,True,True,True,True,True,True,0.19621342564624167,2.9802322387695312e-08,True
42,bounded_sign_flip,strengthened_vdp_gate,3,8,True,True,bounded_sign_flip,True,True,True,True,True,True,False,0.9999999664723868,1.4901161193847656e-08,True
42,bounded_sign_flip,strengthened_vdp_gate,3,9,False,False,honest,True,True,True,True,True,True,True,1.0000000055879354,1.4901161193847656e-08,True
52,none,current_vdp_gate,1,0,False,False,honest,True,True,True,True,True,True,True,1.0000000018626451,1.4901161193847656e-08,True
52,none,current_vdp_gate,1,1,False,False,honest,True,True,True,True,True,True,True,0.37219518377064,1.4901161193847656e-08,True
52,none,current_vdp_gate,1,2,False,False,honest,True,True,True,True,True,True,True,0.5663664783293383,1.4901161193847656e-08,True
52,none,current_vdp_gate,1,3,False,False,honest,True,True,True,True,True,True,True,0.19442192902557928,1.4901161193847656e-08,True
52,none,current_vdp_gate,1,4,False,False,honest,True,True,True,True,True,True,True,0.36819565951097827,1.4901161193847656e-08,True
52,none,current_vdp_gate,1,5,False,False,honest,True,True,True,True,True,True,True,0.19442180447998497,1.4901161193847656e-08,True
52,none,current_vdp_gate,1,6,False,False,honest,True,True,True,True,True,True,True,0.5348272608882353,1.4901161193847656e-08,True
52,none,current_vdp_gate,1,7,False,False,honest,True,True,True,True,True,True,True,0.19442185223245184,1.4901161193847656e-08,True
52,none,current_vdp_gate,1,8,False,False,honest,True,True,True,True,True,True,True,0.9999999627470963,1.4901161193847656e-08,True
52,none,current_vdp_gate,1,9,False,False,honest,True,True,True,True,True,True,True,0.19442165104329578,1.4901161193847656e-08,True
52,none,current_vdp_gate,2,0,False,False,honest,True,True,True,True,True,True,True,1.0000000018626451,1.4901161193847656e-08,True
52,none,current_vdp_gate,2,1,False,False,honest,True,True,True,True,True,True,True,0.3700408935546875,1.4901161193847656e-08,True
52,none,current_vdp_gate,2,2,False,False,honest,True,True,True,True,True,True,True,0.565032644166171,1.4901161193847656e-08,True
52,none,current_vdp_gate,2,3,False,False,honest,True,True,True,True,True,True,True,0.19442168008400526,1.4901161193847656e-08,True
52,none,current_vdp_gate,2,4,False,False,honest,True,True,True,True,True,True,True,0.36510909514959883,1.4901161193847656e-08,True
52,none,current_vdp_gate,2,5,False,False,honest,True,True,True,True,True,True,True,0.19442167963492216,1.4901161193847656e-08,True
52,none,current_vdp_gate,2,6,False,False,honest,True,True,True,True,True,True,True,0.5256392739647894,1.4901161193847656e-08,True
52,none,current_vdp_gate,2,7,False,False,honest,True,True,True,True,True,True,True,0.19442197707740383,1.4901161193847656e-08,True
52,none,current_vdp_gate,2,8,False,False,honest,True,True,True,True,True,True,True,0.999999977648258,1.4901161193847656e-08,True
52,none,current_vdp_gate,2,9,False,False,honest,True,True,True,True,True,True,True,0.1944214214119659,1.4901161193847656e-08,True
52,none,current_vdp_gate,3,0,False,False,honest,True,True,True,True,True,True,True,1.0000000186264513,1.4901161193847656e-08,True
52,none,current_vdp_gate,3,1,False,False,honest,True,True,True,True,True,True,True,0.37742491090169833,1.4901161193847656e-08,True
52,none,current_vdp_gate,3,2,False,False,honest,True,True,True,True,True,True,True,0.567464209165928,1.4901161193847656e-08,True
52,none,current_vdp_gate,3,3,False,False,honest,True,True,True,True,True,True,True,0.1944219390550888,1.4901161193847656e-08,True
52,none,current_vdp_gate,3,4,False,False,honest,True,True,True,True,True,True,True,0.36271016130829187,1.4901161193847656e-08,True
52,none,current_vdp_gate,3,5,False,False,honest,True,True,True,True,True,True,True,0.1944218049290678,1.4901161193847656e-08,True
52,none,current_vdp_gate,3,6,False,False,honest,True,True,True,True,True,True,True,0.5423472431451453,1.4901161193847656e-08,True
52,none,current_vdp_gate,3,7,False,False,honest,True,True,True,True,True,True,True,0.1944218712436188,1.4901161193847656e-08,True
52,none,current_vdp_gate,3,8,False,False,honest,True,True,True,True,True,True,True,1.0000000027939677,1.4901161193847656e-08,True
52,none,current_vdp_gate,3,9,False,False,honest,True,True,True,True,True,True,True,0.19442135464817764,1.4901161193847656e-08,True
52,relation_tamper,ungated,1,0,True,True,relation_tamper,True,True,False,True,True,True,True,1.0000000018626451,0.5,True
52,relation_tamper,ungated,1,1,False,False,honest,True,True,True,True,True,True,True,0.37219518377064,1.4901161193847656e-08,True
52,relation_tamper,ungated,1,2,False,False,honest,True,True,True,True,True,True,True,0.5663664783293383,1.4901161193847656e-08,True
52,relation_tamper,ungated,1,3,False,False,honest,True,True,True,True,True,True,True,0.19442192902557928,1.4901161193847656e-08,True
52,relation_tamper,ungated,1,4,False,False,honest,True,True,True,True,True,True,True,0.36819565951097827,1.4901161193847656e-08,True
52,relation_tamper,ungated,1,5,False,False,honest,True,True,True,True,True,True,True,0.19442180447998497,1.4901161193847656e-08,True
52,relation_tamper,ungated,1,6,False,False,honest,True,True,True,True,True,True,True,0.5348272608882353,1.4901161193847656e-08,True
52,relation_tamper,ungated,1,7,False,False,honest,True,True,True,True,True,True,True,0.19442185223245184,1.4901161193847656e-08,True
52,relation_tamper,ungated,1,8,True,True,relation_tamper,True,True,False,True,True,True,True,0.9999999627470963,0.5,True
52,relation_tamper,ungated,1,9,False,False,honest,True,True,True,True,True,True,True,0.19442165104329578,1.4901161193847656e-08,True
52,relation_tamper,ungated,2,0,True,True,relation_tamper,True,True,False,True,True,True,True,1.0000000074505806,0.5000000596046448,True
52,relation_tamper,ungated,2,1,False,False,honest,True,True,True,True,True,True,True,0.3698083106443005,1.4901161193847656e-08,True
52,relation_tamper,ungated,2,2,False,False,honest,True,True,True,True,True,True,True,0.5667862078124947,1.4901161193847656e-08,True
52,relation_tamper,ungated,2,3,False,False,honest,True,True,True,True,True,True,True,0.1944219769277097,1.4901161193847656e-08,True
52,relation_tamper,ungated,2,4,False,False,honest,True,True,True,True,True,True,True,0.36445496518814297,1.4901161193847656e-08,True
52,relation_tamper,ungated,2,5,False,False,honest,True,True,True,True,True,True,True,0.19442139237121778,1.4901161193847656e-08,True
52,relation_tamper,ungated,2,6,False,False,honest,True,True,True,True,True,True,True,0.5253387748205159,1.4901161193847656e-08,True
52,relation_tamper,ungated,2,7,False,False,honest,True,True,True,True,True,True,True,0.19442178546881153,1.4901161193847656e-08,True
52,relation_tamper,ungated,2,8,True,True,relation_tamper,True,True,False,True,True,True,True,0.9999999850988387,0.5,True
52,relation_tamper,ungated,2,9,False,False,honest,True,True,True,True,True,True,True,0.1944213541990938,1.4901161193847656e-08,True
52,relation_tamper,ungated,3,0,True,True,relation_tamper,True,True,False,True,True,True,True,1.0000000074505806,0.5,True
52,relation_tamper,ungated,3,1,False,False,honest,True,True,True,True,True,True,True,0.3771303487881795,1.4901161193847656e-08,True
52,relation_tamper,ungated,3,2,False,False,honest,True,True,True,True,True,True,True,0.5652478033426822,1.4901161193847656e-08,True
52,relation_tamper,ungated,3,3,False,False,honest,True,True,True,True,True,True,True,0.19442197752648627,1.4901161193847656e-08,True
52,relation_tamper,ungated,3,4,False,False,honest,True,True,True,True,True,True,True,0.3626729669194151,1.4901161193847656e-08,True
52,relation_tamper,ungated,3,5,False,False,honest,True,True,True,True,True,True,True,0.19442164206163218,1.4901161193847656e-08,True
52,relation_tamper,ungated,3,6,False,False,honest,True,True,True,True,True,True,True,0.5429890194889889,1.4901161193847656e-08,True
52,relation_tamper,ungated,3,7,False,False,honest,True,True,True,True,True,True,True,0.1944219480367387,1.4901161193847656e-08,True
52,relation_tamper,ungated,3,8,True,True,relation_tamper,True,True,False,True,True,True,True,0.9999999534338702,0.5,True
52,relation_tamper,ungated,3,9,False,False,honest,True,True,True,True,True,True,True,0.19442154565841666,1.4901161193847656e-08,True
52,relation_tamper,current_vdp_gate,1,0,True,True,relation_tamper,True,True,False,True,True,True,True,1.0000000018626451,0.5,False
52,relation_tamper,current_vdp_gate,1,1,False,False,honest,True,True,True,True,True,True,True,0.37219518377064,1.4901161193847656e-08,True
52,relation_tamper,current_vdp_gate,1,2,False,False,honest,True,True,True,True,True,True,True,0.5663664783293383,1.4901161193847656e-08,True
52,relation_tamper,current_vdp_gate,1,3,False,False,honest,True,True,True,True,True,True,True,0.19442192902557928,1.4901161193847656e-08,True
52,relation_tamper,current_vdp_gate,1,4,False,False,honest,True,True,True,True,True,True,True,0.36819565951097827,1.4901161193847656e-08,True
52,relation_tamper,current_vdp_gate,1,5,False,False,honest,True,True,True,True,True,True,True,0.19442180447998497,1.4901161193847656e-08,True
52,relation_tamper,current_vdp_gate,1,6,False,False,honest,True,True,True,True,True,True,True,0.5348272608882353,1.4901161193847656e-08,True
52,relation_tamper,current_vdp_gate,1,7,False,False,honest,True,True,True,True,True,True,True,0.19442185223245184,1.4901161193847656e-08,True
52,relation_tamper,current_vdp_gate,1,8,True,True,relation_tamper,True,True,False,True,True,True,True,0.9999999627470963,0.5,False
52,relation_tamper,current_vdp_gate,1,9,False,False,honest,True,True,True,True,True,True,True,0.19442165104329578,1.4901161193847656e-08,True
52,relation_tamper,current_vdp_gate,2,0,True,True,relation_tamper,True,True,False,True,True,True,True,0.9999999366700629,0.5,False
52,relation_tamper,current_vdp_gate,2,1,False,False,honest,True,True,True,True,True,True,True,0.3712977846045233,1.4901161193847656e-08,True
52,relation_tamper,current_vdp_gate,2,2,False,False,honest,True,True,True,True,True,True,True,0.5666004871416062,1.4901161193847656e-08,True
52,relation_tamper,current_vdp_gate,2,3,False,False,honest,True,True,True,True,True,True,True,0.1944219288758851,1.4901161193847656e-08,True
52,relation_tamper,current_vdp_gate,2,4,False,False,honest,True,True,True,True,True,True,True,0.3704943144696824,1.4901161193847656e-08,True
52,relation_tamper,current_vdp_gate,2,5,False,False,honest,True,True,True,True,True,True,True,0.19442181376102963,1.4901161193847656e-08,True
52,relation_tamper,current_vdp_gate,2,6,False,False,honest,True,True,True,True,True,True,True,0.5298461492209082,1.4901161193847656e-08,True
52,relation_tamper,current_vdp_gate,2,7,False,False,honest,True,True,True,True,True,True,True,0.19442182334146232,1.4901161193847656e-08,True
52,relation_tamper,current_vdp_gate,2,8,True,True,relation_tamper,True,True,False,True,True,True,True,1.0000000996515106,0.5,False
52,relation_tamper,current_vdp_gate,2,9,False,False,honest,True,True,True,True,True,True,True,0.19442140195167124,1.4901161193847656e-08,True
52,relation_tamper,current_vdp_gate,3,0,True,True,relation_tamper,True,True,False,True,True,True,True,0.9999999869614838,0.5,False
52,relation_tamper,current_vdp_gate,3,1,False,False,honest,True,True,True,True,True,True,True,0.3773223077119555,1.4901161193847656e-08,True
52,relation_tamper,current_vdp_gate,3,2,False,False,honest,True,True,True,True,True,True,True,0.5609025574402723,1.4901161193847656e-08,True
52,relation_tamper,current_vdp_gate,3,3,False,False,honest,True,True,True,True,True,True,True,0.19442183337097732,2.9802322387695312e-08,True
52,relation_tamper,current_vdp_gate,3,4,False,False,honest,True,True,True,True,True,True,True,0.37098405245614413,1.4901161193847656e-08,True
52,relation_tamper,current_vdp_gate,3,5,False,False,honest,True,True,True,True,True,True,True,0.1944218814228255,1.4901161193847656e-08,True
52,relation_tamper,current_vdp_gate,3,6,False,False,honest,True,True,True,True,True,True,True,0.5257341142168191,1.4901161193847656e-08,True
52,relation_tamper,current_vdp_gate,3,7,False,False,honest,True,True,True,True,True,True,True,0.19442198680752262,1.4901161193847656e-08,True
52,relation_tamper,current_vdp_gate,3,8,True,True,relation_tamper,True,True,False,True,True,True,True,1.0000000083819032,0.5,False
52,relation_tamper,current_vdp_gate,3,9,False,False,honest,True,True,True,True,True,True,True,0.19442139296999614,1.4901161193847656e-08,True
52,relation_tamper,strengthened_vdp_gate,1,0,True,True,relation_tamper,True,True,False,True,True,True,True,1.0000000018626451,0.5,False
52,relation_tamper,strengthened_vdp_gate,1,1,False,False,honest,True,True,True,True,True,True,True,0.37219518377064,1.4901161193847656e-08,True
52,relation_tamper,strengthened_vdp_gate,1,2,False,False,honest,True,True,True,True,True,True,True,0.5663664783293383,1.4901161193847656e-08,True
52,relation_tamper,strengthened_vdp_gate,1,3,False,False,honest,True,True,True,True,True,True,True,0.19442192902557928,1.4901161193847656e-08,True
52,relation_tamper,strengthened_vdp_gate,1,4,False,False,honest,True,True,True,True,True,True,True,0.36819565951097827,1.4901161193847656e-08,True
52,relation_tamper,strengthened_vdp_gate,1,5,False,False,honest,True,True,True,True,True,True,True,0.19442180447998497,1.4901161193847656e-08,True
52,relation_tamper,strengthened_vdp_gate,1,6,False,False,honest,True,True,True,True,True,True,True,0.5348272608882353,1.4901161193847656e-08,True
52,relation_tamper,strengthened_vdp_gate,1,7,False,False,honest,True,True,True,True,True,True,True,0.19442185223245184,1.4901161193847656e-08,True
52,relation_tamper,strengthened_vdp_gate,1,8,True,True,relation_tamper,True,True,False,True,True,True,True,0.9999999627470963,0.5,False
52,relation_tamper,strengthened_vdp_gate,1,9,False,False,honest,True,True,True,True,True,True,True,0.19442165104329578,1.4901161193847656e-08,True
52,relation_tamper,strengthened_vdp_gate,2,0,True,True,relation_tamper,True,True,False,True,True,True,True,0.9999999366700629,0.5,False
52,relation_tamper,strengthened_vdp_gate,2,1,False,False,honest,True,True,True,True,True,True,True,0.3712977846045233,1.4901161193847656e-08,True
52,relation_tamper,strengthened_vdp_gate,2,2,False,False,honest,True,True,True,True,True,True,True,0.5666004871416062,1.4901161193847656e-08,True
52,relation_tamper,strengthened_vdp_gate,2,3,False,False,honest,True,True,True,True,True,True,True,0.1944219288758851,1.4901161193847656e-08,True
52,relation_tamper,strengthened_vdp_gate,2,4,False,False,honest,True,True,True,True,True,True,True,0.3704943144696824,1.4901161193847656e-08,True
52,relation_tamper,strengthened_vdp_gate,2,5,False,False,honest,True,True,True,True,True,True,True,0.19442181376102963,1.4901161193847656e-08,True
52,relation_tamper,strengthened_vdp_gate,2,6,False,False,honest,True,True,True,True,True,True,True,0.5298461492209082,1.4901161193847656e-08,True
52,relation_tamper,strengthened_vdp_gate,2,7,False,False,honest,True,True,True,True,True,True,True,0.19442182334146232,1.4901161193847656e-08,True
52,relation_tamper,strengthened_vdp_gate,2,8,True,True,relation_tamper,True,True,False,True,True,True,True,1.0000000996515106,0.5,False
52,relation_tamper,strengthened_vdp_gate,2,9,False,False,honest,True,True,True,True,True,True,True,0.19442140195167124,1.4901161193847656e-08,True
52,relation_tamper,strengthened_vdp_gate,3,0,True,True,relation_tamper,True,True,False,True,True,True,True,0.9999999869614838,0.5,False
52,relation_tamper,strengthened_vdp_gate,3,1,False,False,honest,True,True,True,True,True,True,True,0.3773223077119555,1.4901161193847656e-08,True
52,relation_tamper,strengthened_vdp_gate,3,2,False,False,honest,True,True,True,True,True,True,True,0.5609025574402723,1.4901161193847656e-08,True
52,relation_tamper,strengthened_vdp_gate,3,3,False,False,honest,True,True,True,True,True,True,True,0.19442183337097732,2.9802322387695312e-08,True
52,relation_tamper,strengthened_vdp_gate,3,4,False,False,honest,True,True,True,True,True,True,True,0.37098405245614413,1.4901161193847656e-08,True
52,relation_tamper,strengthened_vdp_gate,3,5,False,False,honest,True,True,True,True,True,True,True,0.1944218814228255,1.4901161193847656e-08,True
52,relation_tamper,strengthened_vdp_gate,3,6,False,False,honest,True,True,True,True,True,True,True,0.5257341142168191,1.4901161193847656e-08,True
52,relation_tamper,strengthened_vdp_gate,3,7,False,False,honest,True,True,True,True,True,True,True,0.19442198680752262,1.4901161193847656e-08,True
52,relation_tamper,strengthened_vdp_gate,3,8,True,True,relation_tamper,True,True,False,True,True,True,True,1.0000000083819032,0.5,False
52,relation_tamper,strengthened_vdp_gate,3,9,False,False,honest,True,True,True,True,True,True,True,0.19442139296999614,1.4901161193847656e-08,True
52,clip_bypass,ungated,1,0,True,True,clip_bypass,True,False,True,True,True,True,True,2.0000000037252903,1.4901161193847656e-08,True
52,clip_bypass,ungated,1,1,False,False,honest,True,True,True,True,True,True,True,0.37219518377064,1.4901161193847656e-08,True
52,clip_bypass,ungated,1,2,False,False,honest,True,True,True,True,True,True,True,0.5663664783293383,1.4901161193847656e-08,True
52,clip_bypass,ungated,1,3,False,False,honest,True,True,True,True,True,True,True,0.19442192902557928,1.4901161193847656e-08,True
52,clip_bypass,ungated,1,4,False,False,honest,True,True,True,True,True,True,True,0.36819565951097827,1.4901161193847656e-08,True
52,clip_bypass,ungated,1,5,False,False,honest,True,True,True,True,True,True,True,0.19442180447998497,1.4901161193847656e-08,True
52,clip_bypass,ungated,1,6,False,False,honest,True,True,True,True,True,True,True,0.5348272608882353,1.4901161193847656e-08,True
52,clip_bypass,ungated,1,7,False,False,honest,True,True,True,True,True,True,True,0.19442185223245184,1.4901161193847656e-08,True
52,clip_bypass,ungated,1,8,True,True,clip_bypass,True,False,True,True,True,True,True,1.9999999254941927,1.4901161193847656e-08,True
52,clip_bypass,ungated,1,9,False,False,honest,True,True,True,True,True,True,True,0.19442165104329578,1.4901161193847656e-08,True
52,clip_bypass,ungated,2,0,True,True,clip_bypass,True,False,True,True,True,True,True,1.9999999143183214,1.4901161193847656e-08,True
52,clip_bypass,ungated,2,1,False,False,honest,True,True,True,True,True,True,True,0.36955331983198897,1.4901161193847656e-08,True
52,clip_bypass,ungated,2,2,False,False,honest,True,True,True,True,True,True,True,0.5642068389132094,1.4901161193847656e-08,True
52,clip_bypass,ungated,2,3,False,False,honest,True,True,True,True,True,True,True,0.19442194908459784,1.4901161193847656e-08,True
52,clip_bypass,ungated,2,4,False,False,honest,True,True,True,True,True,True,True,0.36296346439506777,1.4901161193847656e-08,True
52,clip_bypass,ungated,2,5,False,False,honest,True,True,True,True,True,True,True,0.19442121109098578,1.4901161193847656e-08,True
52,clip_bypass,ungated,2,6,False,False,honest,True,True,True,True,True,True,True,0.5228890661341492,1.4901161193847656e-08,True
52,clip_bypass,ungated,2,7,False,False,honest,True,True,True,True,True,True,True,0.1944219387557005,1.4901161193847656e-08,True
52,clip_bypass,ungated,2,8,True,True,clip_bypass,True,False,True,True,True,True,True,1.9999998379498654,1.4901161193847656e-08,True
52,clip_bypass,ungated,2,9,False,False,honest,True,True,True,True,True,True,True,0.19441186063398927,1.4901161193847656e-08,True
52,clip_bypass,ungated,3,0,True,True,clip_bypass,True,False,True,True,True,True,True,2.000000059604644,1.4901161193847656e-08,True
52,clip_bypass,ungated,3,1,False,False,honest,True,True,True,True,True,True,True,0.37784884756294607,1.4901161193847656e-08,True
52,clip_bypass,ungated,3,2,False,False,honest,True,True,True,True,True,True,True,0.5651138111835541,1.4901161193847656e-08,True
52,clip_bypass,ungated,3,3,False,False,honest,True,True,True,True,True,True,True,0.19442195671899987,1.4901161193847656e-08,True
52,clip_bypass,ungated,3,4,False,False,honest,True,True,True,True,True,True,True,0.3565809230329634,1.4901161193847656e-08,True
52,clip_bypass,ungated,3,5,False,False,honest,True,True,True,True,True,True,True,0.1944209892432712,1.4901161193847656e-08,True
52,clip_bypass,ungated,3,6,False,False,honest,True,True,True,True,True,True,True,0.536271747798905,1.4901161193847656e-08,True
52,clip_bypass,ungated,3,7,False,False,honest,True,True,True,True,True,True,True,0.194421899236436,1.4901161193847656e-08,True
52,clip_bypass,ungated,3,8,True,True,clip_bypass,True,False,True,True,True,True,True,1.9999999050050952,1.4901161193847656e-08,True
52,clip_bypass,ungated,3,9,False,False,honest,True,True,True,True,True,True,True,0.19442133399031922,1.4901161193847656e-08,True
52,clip_bypass,current_vdp_gate,1,0,True,True,clip_bypass,True,False,True,True,True,True,True,2.0000000037252903,1.4901161193847656e-08,False
52,clip_bypass,current_vdp_gate,1,1,False,False,honest,True,True,True,True,True,True,True,0.37219518377064,1.4901161193847656e-08,True
52,clip_bypass,current_vdp_gate,1,2,False,False,honest,True,True,True,True,True,True,True,0.5663664783293383,1.4901161193847656e-08,True
52,clip_bypass,current_vdp_gate,1,3,False,False,honest,True,True,True,True,True,True,True,0.19442192902557928,1.4901161193847656e-08,True
52,clip_bypass,current_vdp_gate,1,4,False,False,honest,True,True,True,True,True,True,True,0.36819565951097827,1.4901161193847656e-08,True
52,clip_bypass,current_vdp_gate,1,5,False,False,honest,True,True,True,True,True,True,True,0.19442180447998497,1.4901161193847656e-08,True
52,clip_bypass,current_vdp_gate,1,6,False,False,honest,True,True,True,True,True,True,True,0.5348272608882353,1.4901161193847656e-08,True
52,clip_bypass,current_vdp_gate,1,7,False,False,honest,True,True,True,True,True,True,True,0.19442185223245184,1.4901161193847656e-08,True
52,clip_bypass,current_vdp_gate,1,8,True,True,clip_bypass,True,False,True,True,True,True,True,1.9999999254941927,1.4901161193847656e-08,False
52,clip_bypass,current_vdp_gate,1,9,False,False,honest,True,True,True,True,True,True,True,0.19442165104329578,1.4901161193847656e-08,True
52,clip_bypass,current_vdp_gate,2,0,True,True,clip_bypass,True,False,True,True,True,True,True,1.9999998733401259,1.4901161193847656e-08,False
52,clip_bypass,current_vdp_gate,2,1,False,False,honest,True,True,True,True,True,True,True,0.3712977846045233,1.4901161193847656e-08,True
52,clip_bypass,current_vdp_gate,2,2,False,False,honest,True,True,True,True,True,True,True,0.5666004871416062,1.4901161193847656e-08,True
52,clip_bypass,current_vdp_gate,2,3,False,False,honest,True,True,True,True,True,True,True,0.1944219288758851,1.4901161193847656e-08,True
52,clip_bypass,current_vdp_gate,2,4,False,False,honest,True,True,True,True,True,True,True,0.3704943144696824,1.4901161193847656e-08,True
52,clip_bypass,current_vdp_gate,2,5,False,False,honest,True,True,True,True,True,True,True,0.19442181376102963,1.4901161193847656e-08,True
52,clip_bypass,current_vdp_gate,2,6,False,False,honest,True,True,True,True,True,True,True,0.5298461492209082,1.4901161193847656e-08,True
52,clip_bypass,current_vdp_gate,2,7,False,False,honest,True,True,True,True,True,True,True,0.19442182334146232,1.4901161193847656e-08,True
52,clip_bypass,current_vdp_gate,2,8,True,True,clip_bypass,True,False,True,True,True,True,True,2.000000199303021,1.4901161193847656e-08,False
52,clip_bypass,current_vdp_gate,2,9,False,False,honest,True,True,True,True,True,True,True,0.19442140195167124,1.4901161193847656e-08,True
52,clip_bypass,current_vdp_gate,3,0,True,True,clip_bypass,True,False,True,True,True,True,True,1.9999999739229677,1.4901161193847656e-08,False
52,clip_bypass,current_vdp_gate,3,1,False,False,honest,True,True,True,True,True,True,True,0.3773223077119555,1.4901161193847656e-08,True
52,clip_bypass,current_vdp_gate,3,2,False,False,honest,True,True,True,True,True,True,True,0.5609025574402723,1.4901161193847656e-08,True
52,clip_bypass,current_vdp_gate,3,3,False,False,honest,True,True,True,True,True,True,True,0.19442183337097732,2.9802322387695312e-08,True
52,clip_bypass,current_vdp_gate,3,4,False,False,honest,True,True,True,True,True,True,True,0.37098405245614413,1.4901161193847656e-08,True
52,clip_bypass,current_vdp_gate,3,5,False,False,honest,True,True,True,True,True,True,True,0.1944218814228255,1.4901161193847656e-08,True
52,clip_bypass,current_vdp_gate,3,6,False,False,honest,True,True,True,True,True,True,True,0.5257341142168191,1.4901161193847656e-08,True
52,clip_bypass,current_vdp_gate,3,7,False,False,honest,True,True,True,True,True,True,True,0.19442198680752262,1.4901161193847656e-08,True
52,clip_bypass,current_vdp_gate,3,8,True,True,clip_bypass,True,False,True,True,True,True,True,2.0000000167638063,1.4901161193847656e-08,False
52,clip_bypass,current_vdp_gate,3,9,False,False,honest,True,True,True,True,True,True,True,0.19442139296999614,1.4901161193847656e-08,True
52,clip_bypass,strengthened_vdp_gate,1,0,True,True,clip_bypass,True,False,True,True,True,True,True,2.0000000037252903,1.4901161193847656e-08,False
52,clip_bypass,strengthened_vdp_gate,1,1,False,False,honest,True,True,True,True,True,True,True,0.37219518377064,1.4901161193847656e-08,True
52,clip_bypass,strengthened_vdp_gate,1,2,False,False,honest,True,True,True,True,True,True,True,0.5663664783293383,1.4901161193847656e-08,True
52,clip_bypass,strengthened_vdp_gate,1,3,False,False,honest,True,True,True,True,True,True,True,0.19442192902557928,1.4901161193847656e-08,True
52,clip_bypass,strengthened_vdp_gate,1,4,False,False,honest,True,True,True,True,True,True,True,0.36819565951097827,1.4901161193847656e-08,True
52,clip_bypass,strengthened_vdp_gate,1,5,False,False,honest,True,True,True,True,True,True,True,0.19442180447998497,1.4901161193847656e-08,True
52,clip_bypass,strengthened_vdp_gate,1,6,False,False,honest,True,True,True,True,True,True,True,0.5348272608882353,1.4901161193847656e-08,True
52,clip_bypass,strengthened_vdp_gate,1,7,False,False,honest,True,True,True,True,True,True,True,0.19442185223245184,1.4901161193847656e-08,True
52,clip_bypass,strengthened_vdp_gate,1,8,True,True,clip_bypass,True,False,True,True,True,True,True,1.9999999254941927,1.4901161193847656e-08,False
52,clip_bypass,strengthened_vdp_gate,1,9,False,False,honest,True,True,True,True,True,True,True,0.19442165104329578,1.4901161193847656e-08,True
52,clip_bypass,strengthened_vdp_gate,2,0,True,True,clip_bypass,True,False,True,True,True,True,True,1.9999998733401259,1.4901161193847656e-08,False
52,clip_bypass,strengthened_vdp_gate,2,1,False,False,honest,True,True,True,True,True,True,True,0.3712977846045233,1.4901161193847656e-08,True
52,clip_bypass,strengthened_vdp_gate,2,2,False,False,honest,True,True,True,True,True,True,True,0.5666004871416062,1.4901161193847656e-08,True
52,clip_bypass,strengthened_vdp_gate,2,3,False,False,honest,True,True,True,True,True,True,True,0.1944219288758851,1.4901161193847656e-08,True
52,clip_bypass,strengthened_vdp_gate,2,4,False,False,honest,True,True,True,True,True,True,True,0.3704943144696824,1.4901161193847656e-08,True
52,clip_bypass,strengthened_vdp_gate,2,5,False,False,honest,True,True,True,True,True,True,True,0.19442181376102963,1.4901161193847656e-08,True
52,clip_bypass,strengthened_vdp_gate,2,6,False,False,honest,True,True,True,True,True,True,True,0.5298461492209082,1.4901161193847656e-08,True
52,clip_bypass,strengthened_vdp_gate,2,7,False,False,honest,True,True,True,True,True,True,True,0.19442182334146232,1.4901161193847656e-08,True
52,clip_bypass,strengthened_vdp_gate,2,8,True,True,clip_bypass,True,False,True,True,True,True,True,2.000000199303021,1.4901161193847656e-08,False
52,clip_bypass,strengthened_vdp_gate,2,9,False,False,honest,True,True,True,True,True,True,True,0.19442140195167124,1.4901161193847656e-08,True
52,clip_bypass,strengthened_vdp_gate,3,0,True,True,clip_bypass,True,False,True,True,True,True,True,1.9999999739229677,1.4901161193847656e-08,False
52,clip_bypass,strengthened_vdp_gate,3,1,False,False,honest,True,True,True,True,True,True,True,0.3773223077119555,1.4901161193847656e-08,True
52,clip_bypass,strengthened_vdp_gate,3,2,False,False,honest,True,True,True,True,True,True,True,0.5609025574402723,1.4901161193847656e-08,True
52,clip_bypass,strengthened_vdp_gate,3,3,False,False,honest,True,True,True,True,True,True,True,0.19442183337097732,2.9802322387695312e-08,True
52,clip_bypass,strengthened_vdp_gate,3,4,False,False,honest,True,True,True,True,True,True,True,0.37098405245614413,1.4901161193847656e-08,True
52,clip_bypass,strengthened_vdp_gate,3,5,False,False,honest,True,True,True,True,True,True,True,0.1944218814228255,1.4901161193847656e-08,True
52,clip_bypass,strengthened_vdp_gate,3,6,False,False,honest,True,True,True,True,True,True,True,0.5257341142168191,1.4901161193847656e-08,True
52,clip_bypass,strengthened_vdp_gate,3,7,False,False,honest,True,True,True,True,True,True,True,0.19442198680752262,1.4901161193847656e-08,True
52,clip_bypass,strengthened_vdp_gate,3,8,True,True,clip_bypass,True,False,True,True,True,True,True,2.0000000167638063,1.4901161193847656e-08,False
52,clip_bypass,strengthened_vdp_gate,3,9,False,False,honest,True,True,True,True,True,True,True,0.19442139296999614,1.4901161193847656e-08,True
52,replay,ungated,1,0,True,False,replay_warmup_honest,True,True,True,True,True,True,True,1.0000000018626451,1.4901161193847656e-08,True
52,replay,ungated,1,1,False,False,honest,True,True,True,True,True,True,True,0.37219518377064,1.4901161193847656e-08,True
52,replay,ungated,1,2,False,False,honest,True,True,True,True,True,True,True,0.5663664783293383,1.4901161193847656e-08,True
52,replay,ungated,1,3,False,False,honest,True,True,True,True,True,True,True,0.19442192902557928,1.4901161193847656e-08,True
52,replay,ungated,1,4,False,False,honest,True,True,True,True,True,True,True,0.36819565951097827,1.4901161193847656e-08,True
52,replay,ungated,1,5,False,False,honest,True,True,True,True,True,True,True,0.19442180447998497,1.4901161193847656e-08,True
52,replay,ungated,1,6,False,False,honest,True,True,True,True,True,True,True,0.5348272608882353,1.4901161193847656e-08,True
52,replay,ungated,1,7,False,False,honest,True,True,True,True,True,True,True,0.19442185223245184,1.4901161193847656e-08,True
52,replay,ungated,1,8,True,False,replay_warmup_honest,True,True,True,True,True,True,True,0.9999999627470963,1.4901161193847656e-08,True
52,replay,ungated,1,9,False,False,honest,True,True,True,True,True,True,True,0.19442165104329578,1.4901161193847656e-08,True
52,replay,ungated,2,0,True,True,replay,True,True,True,False,False,True,True,1.0000000018626451,1.4901161193847656e-08,True
52,replay,ungated,2,1,False,False,honest,True,True,True,True,True,True,True,0.3700408935546875,1.4901161193847656e-08,True
52,replay,ungated,2,2,False,False,honest,True,True,True,True,True,True,True,0.565032644166171,1.4901161193847656e-08,True
52,replay,ungated,2,3,False,False,honest,True,True,True,True,True,True,True,0.19442168008400526,1.4901161193847656e-08,True
52,replay,ungated,2,4,False,False,honest,True,True,True,True,True,True,True,0.36510909514959883,1.4901161193847656e-08,True
52,replay,ungated,2,5,False,False,honest,True,True,True,True,True,True,True,0.19442167963492216,1.4901161193847656e-08,True
52,replay,ungated,2,6,False,False,honest,True,True,True,True,True,True,True,0.5256392739647894,1.4901161193847656e-08,True
52,replay,ungated,2,7,False,False,honest,True,True,True,True,True,True,True,0.19442197707740383,1.4901161193847656e-08,True
52,replay,ungated,2,8,True,True,replay,True,True,True,False,False,True,True,0.9999999627470963,1.4901161193847656e-08,True
52,replay,ungated,2,9,False,False,honest,True,True,True,True,True,True,True,0.1944214214119659,1.4901161193847656e-08,True
52,replay,ungated,3,0,True,True,replay,True,True,True,False,True,True,True,1.0000000018626451,1.4901161193847656e-08,True
52,replay,ungated,3,1,False,False,honest,True,True,True,True,True,True,True,0.3778365667957788,1.4901161193847656e-08,True
52,replay,ungated,3,2,False,False,honest,True,True,True,True,True,True,True,0.5652909355692434,1.4901161193847656e-08,True
52,replay,ungated,3,3,False,False,honest,True,True,True,True,True,True,True,0.19442186196257688,1.4901161193847656e-08,True
52,replay,ungated,3,4,False,False,honest,True,True,True,True,True,True,True,0.3701538593674766,1.4901161193847656e-08,True
52,replay,ungated,3,5,False,False,honest,True,True,True,True,True,True,True,0.19442156466961355,1.4901161193847656e-08,True
52,replay,ungated,3,6,False,False,honest,True,True,True,True,True,True,True,0.5459386217070848,1.4901161193847656e-08,True
52,replay,ungated,3,7,False,False,honest,True,True,True,True,True,True,True,0.19442193860600632,1.4901161193847656e-08,True
52,replay,ungated,3,8,True,True,replay,True,True,True,False,True,True,True,0.999999977648258,1.4901161193847656e-08,True
52,replay,ungated,3,9,False,False,honest,True,True,True,True,True,True,True,0.19442161302091698,1.4901161193847656e-08,True
52,replay,current_vdp_gate,1,0,True,False,replay_warmup_honest,True,True,True,True,True,True,True,1.0000000018626451,1.4901161193847656e-08,True
52,replay,current_vdp_gate,1,1,False,False,honest,True,True,True,True,True,True,True,0.37219518377064,1.4901161193847656e-08,True
52,replay,current_vdp_gate,1,2,False,False,honest,True,True,True,True,True,True,True,0.5663664783293383,1.4901161193847656e-08,True
52,replay,current_vdp_gate,1,3,False,False,honest,True,True,True,True,True,True,True,0.19442192902557928,1.4901161193847656e-08,True
52,replay,current_vdp_gate,1,4,False,False,honest,True,True,True,True,True,True,True,0.36819565951097827,1.4901161193847656e-08,True
52,replay,current_vdp_gate,1,5,False,False,honest,True,True,True,True,True,True,True,0.19442180447998497,1.4901161193847656e-08,True
52,replay,current_vdp_gate,1,6,False,False,honest,True,True,True,True,True,True,True,0.5348272608882353,1.4901161193847656e-08,True
52,replay,current_vdp_gate,1,7,False,False,honest,True,True,True,True,True,True,True,0.19442185223245184,1.4901161193847656e-08,True
52,replay,current_vdp_gate,1,8,True,False,replay_warmup_honest,True,True,True,True,True,True,True,0.9999999627470963,1.4901161193847656e-08,True
52,replay,current_vdp_gate,1,9,False,False,honest,True,True,True,True,True,True,True,0.19442165104329578,1.4901161193847656e-08,True
52,replay,current_vdp_gate,2,0,True,True,replay,True,True,True,False,False,True,True,1.0000000018626451,1.4901161193847656e-08,True
52,replay,current_vdp_gate,2,1,False,False,honest,True,True,True,True,True,True,True,0.3700408935546875,1.4901161193847656e-08,True
52,replay,current_vdp_gate,2,2,False,False,honest,True,True,True,True,True,True,True,0.565032644166171,1.4901161193847656e-08,True
52,replay,current_vdp_gate,2,3,False,False,honest,True,True,True,True,True,True,True,0.19442168008400526,1.4901161193847656e-08,True
52,replay,current_vdp_gate,2,4,False,False,honest,True,True,True,True,True,True,True,0.36510909514959883,1.4901161193847656e-08,True
52,replay,current_vdp_gate,2,5,False,False,honest,True,True,True,True,True,True,True,0.19442167963492216,1.4901161193847656e-08,True
52,replay,current_vdp_gate,2,6,False,False,honest,True,True,True,True,True,True,True,0.5256392739647894,1.4901161193847656e-08,True
52,replay,current_vdp_gate,2,7,False,False,honest,True,True,True,True,True,True,True,0.19442197707740383,1.4901161193847656e-08,True
52,replay,current_vdp_gate,2,8,True,True,replay,True,True,True,False,False,True,True,0.9999999627470963,1.4901161193847656e-08,True
52,replay,current_vdp_gate,2,9,False,False,honest,True,True,True,True,True,True,True,0.1944214214119659,1.4901161193847656e-08,True
52,replay,current_vdp_gate,3,0,True,True,replay,True,True,True,False,True,True,True,1.0000000018626451,1.4901161193847656e-08,True
52,replay,current_vdp_gate,3,1,False,False,honest,True,True,True,True,True,True,True,0.3778365667957788,1.4901161193847656e-08,True
52,replay,current_vdp_gate,3,2,False,False,honest,True,True,True,True,True,True,True,0.5652909355692434,1.4901161193847656e-08,True
52,replay,current_vdp_gate,3,3,False,False,honest,True,True,True,True,True,True,True,0.19442186196257688,1.4901161193847656e-08,True
52,replay,current_vdp_gate,3,4,False,False,honest,True,True,True,True,True,True,True,0.3701538593674766,1.4901161193847656e-08,True
52,replay,current_vdp_gate,3,5,False,False,honest,True,True,True,True,True,True,True,0.19442156466961355,1.4901161193847656e-08,True
52,replay,current_vdp_gate,3,6,False,False,honest,True,True,True,True,True,True,True,0.5459386217070848,1.4901161193847656e-08,True
52,replay,current_vdp_gate,3,7,False,False,honest,True,True,True,True,True,True,True,0.19442193860600632,1.4901161193847656e-08,True
52,replay,current_vdp_gate,3,8,True,True,replay,True,True,True,False,True,True,True,0.999999977648258,1.4901161193847656e-08,True
52,replay,current_vdp_gate,3,9,False,False,honest,True,True,True,True,True,True,True,0.19442161302091698,1.4901161193847656e-08,True
52,replay,strengthened_vdp_gate,1,0,True,False,replay_warmup_honest,True,True,True,True,True,True,True,1.0000000018626451,1.4901161193847656e-08,True
52,replay,strengthened_vdp_gate,1,1,False,False,honest,True,True,True,True,True,True,True,0.37219518377064,1.4901161193847656e-08,True
52,replay,strengthened_vdp_gate,1,2,False,False,honest,True,True,True,True,True,True,True,0.5663664783293383,1.4901161193847656e-08,True
52,replay,strengthened_vdp_gate,1,3,False,False,honest,True,True,True,True,True,True,True,0.19442192902557928,1.4901161193847656e-08,True
52,replay,strengthened_vdp_gate,1,4,False,False,honest,True,True,True,True,True,True,True,0.36819565951097827,1.4901161193847656e-08,True
52,replay,strengthened_vdp_gate,1,5,False,False,honest,True,True,True,True,True,True,True,0.19442180447998497,1.4901161193847656e-08,True
52,replay,strengthened_vdp_gate,1,6,False,False,honest,True,True,True,True,True,True,True,0.5348272608882353,1.4901161193847656e-08,True
52,replay,strengthened_vdp_gate,1,7,False,False,honest,True,True,True,True,True,True,True,0.19442185223245184,1.4901161193847656e-08,True
52,replay,strengthened_vdp_gate,1,8,True,False,replay_warmup_honest,True,True,True,True,True,True,True,0.9999999627470963,1.4901161193847656e-08,True
52,replay,strengthened_vdp_gate,1,9,False,False,honest,True,True,True,True,True,True,True,0.19442165104329578,1.4901161193847656e-08,True
52,replay,strengthened_vdp_gate,2,0,True,True,replay,True,True,True,False,False,True,True,1.0000000018626451,1.4901161193847656e-08,False
52,replay,strengthened_vdp_gate,2,1,False,False,honest,True,True,True,True,True,True,True,0.3700408935546875,1.4901161193847656e-08,True
52,replay,strengthened_vdp_gate,2,2,False,False,honest,True,True,True,True,True,True,True,0.565032644166171,1.4901161193847656e-08,True
52,replay,strengthened_vdp_gate,2,3,False,False,honest,True,True,True,True,True,True,True,0.19442168008400526,1.4901161193847656e-08,True
52,replay,strengthened_vdp_gate,2,4,False,False,honest,True,True,True,True,True,True,True,0.36510909514959883,1.4901161193847656e-08,True
52,replay,strengthened_vdp_gate,2,5,False,False,honest,True,True,True,True,True,True,True,0.19442167963492216,1.4901161193847656e-08,True
52,replay,strengthened_vdp_gate,2,6,False,False,honest,True,True,True,True,True,True,True,0.5256392739647894,1.4901161193847656e-08,True
52,replay,strengthened_vdp_gate,2,7,False,False,honest,True,True,True,True,True,True,True,0.19442197707740383,1.4901161193847656e-08,True
52,replay,strengthened_vdp_gate,2,8,True,True,replay,True,True,True,False,False,True,True,0.9999999627470963,1.4901161193847656e-08,False
52,replay,strengthened_vdp_gate,2,9,False,False,honest,True,True,True,True,True,True,True,0.1944214214119659,1.4901161193847656e-08,True
52,replay,strengthened_vdp_gate,3,0,True,True,replay,True,True,True,False,True,True,True,1.0000000018626451,1.4901161193847656e-08,False
52,replay,strengthened_vdp_gate,3,1,False,False,honest,True,True,True,True,True,True,True,0.377408247647191,1.4901161193847656e-08,True
52,replay,strengthened_vdp_gate,3,2,False,False,honest,True,True,True,True,True,True,True,0.5649290520348367,1.4901161193847656e-08,True
52,replay,strengthened_vdp_gate,3,3,False,False,honest,True,True,True,True,True,True,True,0.19442194833612703,1.4901161193847656e-08,True
52,replay,strengthened_vdp_gate,3,4,False,False,honest,True,True,True,True,True,True,True,0.3673056655833443,1.4901161193847656e-08,True
52,replay,strengthened_vdp_gate,3,5,False,False,honest,True,True,True,True,True,True,True,0.19442088520528816,1.4901161193847656e-08,True
52,replay,strengthened_vdp_gate,3,6,False,False,honest,True,True,True,True,True,True,True,0.5358035504421795,1.4901161193847656e-08,True
52,replay,strengthened_vdp_gate,3,7,False,False,honest,True,True,True,True,True,True,True,0.19442190941564125,1.4901161193847656e-08,True
52,replay,strengthened_vdp_gate,3,8,True,True,replay,True,True,True,False,True,True,True,0.999999977648258,1.4901161193847656e-08,False
52,replay,strengthened_vdp_gate,3,9,False,False,honest,True,True,True,True,True,True,True,0.19442148847512025,1.4901161193847656e-08,True
52,zero_noise,ungated,1,0,True,True,zero_noise,True,True,True,True,True,False,True,1.0000000018626451,0.0,True
52,zero_noise,ungated,1,1,False,False,honest,True,True,True,True,True,True,True,0.37219518377064,1.4901161193847656e-08,True
52,zero_noise,ungated,1,2,False,False,honest,True,True,True,True,True,True,True,0.5663664783293383,1.4901161193847656e-08,True
52,zero_noise,ungated,1,3,False,False,honest,True,True,True,True,True,True,True,0.19442192902557928,1.4901161193847656e-08,True
52,zero_noise,ungated,1,4,False,False,honest,True,True,True,True,True,True,True,0.36819565951097827,1.4901161193847656e-08,True
52,zero_noise,ungated,1,5,False,False,honest,True,True,True,True,True,True,True,0.19442180447998497,1.4901161193847656e-08,True
52,zero_noise,ungated,1,6,False,False,honest,True,True,True,True,True,True,True,0.5348272608882353,1.4901161193847656e-08,True
52,zero_noise,ungated,1,7,False,False,honest,True,True,True,True,True,True,True,0.19442185223245184,1.4901161193847656e-08,True
52,zero_noise,ungated,1,8,True,True,zero_noise,True,True,True,True,True,False,True,0.9999999627470963,0.0,True
52,zero_noise,ungated,1,9,False,False,honest,True,True,True,True,True,True,True,0.19442165104329578,1.4901161193847656e-08,True
52,zero_noise,ungated,2,0,True,True,zero_noise,True,True,True,True,True,False,True,1.0000000186264513,0.0,True
52,zero_noise,ungated,2,1,False,False,honest,True,True,True,True,True,True,True,0.36966044796568986,1.4901161193847656e-08,True
52,zero_noise,ungated,2,2,False,False,honest,True,True,True,True,True,True,True,0.571163056815169,1.4901161193847656e-08,True
52,zero_noise,ungated,2,3,False,False,honest,True,True,True,True,True,True,True,0.1944219192954576,1.4901161193847656e-08,True
52,zero_noise,ungated,2,4,False,False,honest,True,True,True,True,True,True,True,0.36693370099532374,1.4901161193847656e-08,True
52,zero_noise,ungated,2,5,False,False,honest,True,True,True,True,True,True,True,0.1944215836808086,1.4901161193847656e-08,True
52,zero_noise,ungated,2,6,False,False,honest,True,True,True,True,True,True,True,0.524878324358319,1.4901161193847656e-08,True
52,zero_noise,ungated,2,7,False,False,honest,True,True,True,True,True,True,True,0.19442192917527346,1.4901161193847656e-08,True
52,zero_noise,ungated,2,8,True,True,zero_noise,True,True,True,True,True,False,True,1.0000000186264513,0.0,True
52,zero_noise,ungated,2,9,False,False,honest,True,True,True,True,True,True,True,0.19442170852593305,1.4901161193847656e-08,True
52,zero_noise,ungated,3,0,True,True,zero_noise,True,True,True,True,True,False,True,0.9999999925494194,0.0,True
52,zero_noise,ungated,3,1,False,False,honest,True,True,True,True,True,True,True,0.3776481057505347,1.4901161193847656e-08,True
52,zero_noise,ungated,3,2,False,False,honest,True,True,True,True,True,True,True,0.5723674784429809,1.4901161193847656e-08,True
52,zero_noise,ungated,3,3,False,False,honest,True,True,True,True,True,True,True,0.1944218240899336,1.4901161193847656e-08,True
52,zero_noise,ungated,3,4,False,False,honest,True,True,True,True,True,True,True,0.36256405962150073,1.4901161193847656e-08,True
52,zero_noise,ungated,3,5,False,False,honest,True,True,True,True,True,True,True,0.19442184325079753,1.4901161193847656e-08,True
52,zero_noise,ungated,3,6,False,False,honest,True,True,True,True,True,True,True,0.5351452173710786,1.4901161193847656e-08,True
52,zero_noise,ungated,3,7,False,False,honest,True,True,True,True,True,True,True,0.19442192917527346,1.4901161193847656e-08,True
52,zero_noise,ungated,3,8,True,True,zero_noise,True,True,True,True,True,False,True,0.999999944120644,0.0,True
52,zero_noise,ungated,3,9,False,False,honest,True,True,True,True,True,True,True,0.19442151721646506,1.4901161193847656e-08,True
52,zero_noise,current_vdp_gate,1,0,True,True,zero_noise,True,True,True,True,True,False,True,1.0000000018626451,0.0,True
52,zero_noise,current_vdp_gate,1,1,False,False,honest,True,True,True,True,True,True,True,0.37219518377064,1.4901161193847656e-08,True
52,zero_noise,current_vdp_gate,1,2,False,False,honest,True,True,True,True,True,True,True,0.5663664783293383,1.4901161193847656e-08,True
52,zero_noise,current_vdp_gate,1,3,False,False,honest,True,True,True,True,True,True,True,0.19442192902557928,1.4901161193847656e-08,True
52,zero_noise,current_vdp_gate,1,4,False,False,honest,True,True,True,True,True,True,True,0.36819565951097827,1.4901161193847656e-08,True
52,zero_noise,current_vdp_gate,1,5,False,False,honest,True,True,True,True,True,True,True,0.19442180447998497,1.4901161193847656e-08,True
52,zero_noise,current_vdp_gate,1,6,False,False,honest,True,True,True,True,True,True,True,0.5348272608882353,1.4901161193847656e-08,True
52,zero_noise,current_vdp_gate,1,7,False,False,honest,True,True,True,True,True,True,True,0.19442185223245184,1.4901161193847656e-08,True
52,zero_noise,current_vdp_gate,1,8,True,True,zero_noise,True,True,True,True,True,False,True,0.9999999627470963,0.0,True
52,zero_noise,current_vdp_gate,1,9,False,False,honest,True,True,True,True,True,True,True,0.19442165104329578,1.4901161193847656e-08,True
52,zero_noise,current_vdp_gate,2,0,True,True,zero_noise,True,True,True,True,True,False,True,1.0000000186264513,0.0,True
52,zero_noise,current_vdp_gate,2,1,False,False,honest,True,True,True,True,True,True,True,0.36966044796568986,1.4901161193847656e-08,True
52,zero_noise,current_vdp_gate,2,2,False,False,honest,True,True,True,True,True,True,True,0.571163056815169,1.4901161193847656e-08,True
52,zero_noise,current_vdp_gate,2,3,False,False,honest,True,True,True,True,True,True,True,0.1944219192954576,1.4901161193847656e-08,True
52,zero_noise,current_vdp_gate,2,4,False,False,honest,True,True,True,True,True,True,True,0.36693370099532374,1.4901161193847656e-08,True
52,zero_noise,current_vdp_gate,2,5,False,False,honest,True,True,True,True,True,True,True,0.1944215836808086,1.4901161193847656e-08,True
52,zero_noise,current_vdp_gate,2,6,False,False,honest,True,True,True,True,True,True,True,0.524878324358319,1.4901161193847656e-08,True
52,zero_noise,current_vdp_gate,2,7,False,False,honest,True,True,True,True,True,True,True,0.19442192917527346,1.4901161193847656e-08,True
52,zero_noise,current_vdp_gate,2,8,True,True,zero_noise,True,True,True,True,True,False,True,1.0000000186264513,0.0,True
52,zero_noise,current_vdp_gate,2,9,False,False,honest,True,True,True,True,True,True,True,0.19442170852593305,1.4901161193847656e-08,True
52,zero_noise,current_vdp_gate,3,0,True,True,zero_noise,True,True,True,True,True,False,True,0.9999999925494194,0.0,True
52,zero_noise,current_vdp_gate,3,1,False,False,honest,True,True,True,True,True,True,True,0.3776481057505347,1.4901161193847656e-08,True
52,zero_noise,current_vdp_gate,3,2,False,False,honest,True,True,True,True,True,True,True,0.5723674784429809,1.4901161193847656e-08,True
52,zero_noise,current_vdp_gate,3,3,False,False,honest,True,True,True,True,True,True,True,0.1944218240899336,1.4901161193847656e-08,True
52,zero_noise,current_vdp_gate,3,4,False,False,honest,True,True,True,True,True,True,True,0.36256405962150073,1.4901161193847656e-08,True
52,zero_noise,current_vdp_gate,3,5,False,False,honest,True,True,True,True,True,True,True,0.19442184325079753,1.4901161193847656e-08,True
52,zero_noise,current_vdp_gate,3,6,False,False,honest,True,True,True,True,True,True,True,0.5351452173710786,1.4901161193847656e-08,True
52,zero_noise,current_vdp_gate,3,7,False,False,honest,True,True,True,True,True,True,True,0.19442192917527346,1.4901161193847656e-08,True
52,zero_noise,current_vdp_gate,3,8,True,True,zero_noise,True,True,True,True,True,False,True,0.999999944120644,0.0,True
52,zero_noise,current_vdp_gate,3,9,False,False,honest,True,True,True,True,True,True,True,0.19442151721646506,1.4901161193847656e-08,True
52,zero_noise,strengthened_vdp_gate,1,0,True,True,zero_noise,True,True,True,True,True,False,True,1.0000000018626451,0.0,False
52,zero_noise,strengthened_vdp_gate,1,1,False,False,honest,True,True,True,True,True,True,True,0.37219518377064,1.4901161193847656e-08,True
52,zero_noise,strengthened_vdp_gate,1,2,False,False,honest,True,True,True,True,True,True,True,0.5663664783293383,1.4901161193847656e-08,True
52,zero_noise,strengthened_vdp_gate,1,3,False,False,honest,True,True,True,True,True,True,True,0.19442192902557928,1.4901161193847656e-08,True
52,zero_noise,strengthened_vdp_gate,1,4,False,False,honest,True,True,True,True,True,True,True,0.36819565951097827,1.4901161193847656e-08,True
52,zero_noise,strengthened_vdp_gate,1,5,False,False,honest,True,True,True,True,True,True,True,0.19442180447998497,1.4901161193847656e-08,True
52,zero_noise,strengthened_vdp_gate,1,6,False,False,honest,True,True,True,True,True,True,True,0.5348272608882353,1.4901161193847656e-08,True
52,zero_noise,strengthened_vdp_gate,1,7,False,False,honest,True,True,True,True,True,True,True,0.19442185223245184,1.4901161193847656e-08,True
52,zero_noise,strengthened_vdp_gate,1,8,True,True,zero_noise,True,True,True,True,True,False,True,0.9999999627470963,0.0,False
52,zero_noise,strengthened_vdp_gate,1,9,False,False,honest,True,True,True,True,True,True,True,0.19442165104329578,1.4901161193847656e-08,True
52,zero_noise,strengthened_vdp_gate,2,0,True,True,zero_noise,True,True,True,True,True,False,True,0.9999999366700629,0.0,False
52,zero_noise,strengthened_vdp_gate,2,1,False,False,honest,True,True,True,True,True,True,True,0.3712977846045233,1.4901161193847656e-08,True
52,zero_noise,strengthened_vdp_gate,2,2,False,False,honest,True,True,True,True,True,True,True,0.5666004871416062,1.4901161193847656e-08,True
52,zero_noise,strengthened_vdp_gate,2,3,False,False,honest,True,True,True,True,True,True,True,0.1944219288758851,1.4901161193847656e-08,True
52,zero_noise,strengthened_vdp_gate,2,4,False,False,honest,True,True,True,True,True,True,True,0.3704943144696824,1.4901161193847656e-08,True
52,zero_noise,strengthened_vdp_gate,2,5,False,False,honest,True,True,True,True,True,True,True,0.19442181376102963,1.4901161193847656e-08,True
52,zero_noise,strengthened_vdp_gate,2,6,False,False,honest,True,True,True,True,True,True,True,0.5298461492209082,1.4901161193847656e-08,True
52,zero_noise,strengthened_vdp_gate,2,7,False,False,honest,True,True,True,True,True,True,True,0.19442182334146232,1.4901161193847656e-08,True
52,zero_noise,strengthened_vdp_gate,2,8,True,True,zero_noise,True,True,True,True,True,False,True,1.0000000996515106,0.0,False
52,zero_noise,strengthened_vdp_gate,2,9,False,False,honest,True,True,True,True,True,True,True,0.19442140195167124,1.4901161193847656e-08,True
52,zero_noise,strengthened_vdp_gate,3,0,True,True,zero_noise,True,True,True,True,True,False,True,0.9999999869614838,0.0,False
52,zero_noise,strengthened_vdp_gate,3,1,False,False,honest,True,True,True,True,True,True,True,0.3773223077119555,1.4901161193847656e-08,True
52,zero_noise,strengthened_vdp_gate,3,2,False,False,honest,True,True,True,True,True,True,True,0.5609025574402723,1.4901161193847656e-08,True
52,zero_noise,strengthened_vdp_gate,3,3,False,False,honest,True,True,True,True,True,True,True,0.19442183337097732,2.9802322387695312e-08,True
52,zero_noise,strengthened_vdp_gate,3,4,False,False,honest,True,True,True,True,True,True,True,0.37098405245614413,1.4901161193847656e-08,True
52,zero_noise,strengthened_vdp_gate,3,5,False,False,honest,True,True,True,True,True,True,True,0.1944218814228255,1.4901161193847656e-08,True
52,zero_noise,strengthened_vdp_gate,3,6,False,False,honest,True,True,True,True,True,True,True,0.5257341142168191,1.4901161193847656e-08,True
52,zero_noise,strengthened_vdp_gate,3,7,False,False,honest,True,True,True,True,True,True,True,0.19442198680752262,1.4901161193847656e-08,True
52,zero_noise,strengthened_vdp_gate,3,8,True,True,zero_noise,True,True,True,True,True,False,True,1.0000000083819032,0.0,False
52,zero_noise,strengthened_vdp_gate,3,9,False,False,honest,True,True,True,True,True,True,True,0.19442139296999614,1.4901161193847656e-08,True
52,bounded_sign_flip,ungated,1,0,True,True,bounded_sign_flip,True,True,True,True,True,True,False,1.0000000018626451,1.4901161193847656e-08,True
52,bounded_sign_flip,ungated,1,1,False,False,honest,True,True,True,True,True,True,True,0.37219518377064,1.4901161193847656e-08,True
52,bounded_sign_flip,ungated,1,2,False,False,honest,True,True,True,True,True,True,True,0.5663664783293383,1.4901161193847656e-08,True
52,bounded_sign_flip,ungated,1,3,False,False,honest,True,True,True,True,True,True,True,0.19442192902557928,1.4901161193847656e-08,True
52,bounded_sign_flip,ungated,1,4,False,False,honest,True,True,True,True,True,True,True,0.36819565951097827,1.4901161193847656e-08,True
52,bounded_sign_flip,ungated,1,5,False,False,honest,True,True,True,True,True,True,True,0.19442180447998497,1.4901161193847656e-08,True
52,bounded_sign_flip,ungated,1,6,False,False,honest,True,True,True,True,True,True,True,0.5348272608882353,1.4901161193847656e-08,True
52,bounded_sign_flip,ungated,1,7,False,False,honest,True,True,True,True,True,True,True,0.19442185223245184,1.4901161193847656e-08,True
52,bounded_sign_flip,ungated,1,8,True,True,bounded_sign_flip,True,True,True,True,True,True,False,0.9999999627470963,1.4901161193847656e-08,True
52,bounded_sign_flip,ungated,1,9,False,False,honest,True,True,True,True,True,True,True,0.19442165104329578,1.4901161193847656e-08,True
52,bounded_sign_flip,ungated,2,0,True,True,bounded_sign_flip,True,True,True,True,True,True,False,1.000000093132253,1.4901161193847656e-08,True
52,bounded_sign_flip,ungated,2,1,False,False,honest,True,True,True,True,True,True,True,0.3682676730462354,1.4901161193847656e-08,True
52,bounded_sign_flip,ungated,2,2,False,False,honest,True,True,True,True,True,True,True,0.5669132824276483,1.4901161193847656e-08,True
52,bounded_sign_flip,ungated,2,3,False,False,honest,True,True,True,True,True,True,True,0.19442197632893313,2.9802322387695312e-08,True
52,bounded_sign_flip,ungated,2,4,False,False,honest,True,True,True,True,True,True,True,0.3728240833902134,1.4901161193847656e-08,True
52,bounded_sign_flip,ungated,2,5,False,False,honest,True,True,True,True,True,True,True,0.194421650743907,1.4901161193847656e-08,True
52,bounded_sign_flip,ungated,2,6,False,False,honest,True,True,True,True,True,True,True,0.5392042626690016,1.4901161193847656e-08,True
52,bounded_sign_flip,ungated,2,7,False,False,honest,True,True,True,True,True,True,True,0.1944218996855186,1.4901161193847656e-08,True
52,bounded_sign_flip,ungated,2,8,True,True,bounded_sign_flip,True,True,True,True,True,True,False,0.9999999925494194,1.4901161193847656e-08,True
52,bounded_sign_flip,ungated,2,9,False,False,honest,True,True,True,True,True,True,True,0.194421669904788,1.4901161193847656e-08,True
52,bounded_sign_flip,ungated,3,0,True,True,bounded_sign_flip,True,True,True,True,True,True,False,1.0000000186264513,1.4901161193847656e-08,True
52,bounded_sign_flip,ungated,3,1,False,False,honest,True,True,True,True,True,True,True,0.37358663117021207,1.4901161193847656e-08,True
52,bounded_sign_flip,ungated,3,2,False,False,honest,True,True,True,True,True,True,True,0.569042683187727,1.4901161193847656e-08,True
52,bounded_sign_flip,ungated,3,3,False,False,honest,True,True,True,True,True,True,True,0.19442188082404865,2.9802322387695312e-08,True
52,bounded_sign_flip,ungated,3,4,False,False,honest,True,True,True,True,True,True,True,0.37232801756616546,1.4901161193847656e-08,True
52,bounded_sign_flip,ungated,3,5,False,False,honest,True,True,True,True,True,True,True,0.19442185178336915,1.4901161193847656e-08,True
52,bounded_sign_flip,ungated,3,6,False,False,honest,True,True,True,True,True,True,True,0.5570228661298146,1.4901161193847656e-08,True
52,bounded_sign_flip,ungated,3,7,False,False,honest,True,True,True,True,True,True,True,0.194421727986197,1.4901161193847656e-08,True
52,bounded_sign_flip,ungated,3,8,True,True,bounded_sign_flip,True,True,True,True,True,True,False,1.000000013038516,1.4901161193847656e-08,True
52,bounded_sign_flip,ungated,3,9,False,False,honest,True,True,True,True,True,True,True,0.19442136392924375,1.4901161193847656e-08,True
52,bounded_sign_flip,current_vdp_gate,1,0,True,True,bounded_sign_flip,True,True,True,True,True,True,False,1.0000000018626451,1.4901161193847656e-08,True
52,bounded_sign_flip,current_vdp_gate,1,1,False,False,honest,True,True,True,True,True,True,True,0.37219518377064,1.4901161193847656e-08,True
52,bounded_sign_flip,current_vdp_gate,1,2,False,False,honest,True,True,True,True,True,True,True,0.5663664783293383,1.4901161193847656e-08,True
52,bounded_sign_flip,current_vdp_gate,1,3,False,False,honest,True,True,True,True,True,True,True,0.19442192902557928,1.4901161193847656e-08,True
52,bounded_sign_flip,current_vdp_gate,1,4,False,False,honest,True,True,True,True,True,True,True,0.36819565951097827,1.4901161193847656e-08,True
52,bounded_sign_flip,current_vdp_gate,1,5,False,False,honest,True,True,True,True,True,True,True,0.19442180447998497,1.4901161193847656e-08,True
52,bounded_sign_flip,current_vdp_gate,1,6,False,False,honest,True,True,True,True,True,True,True,0.5348272608882353,1.4901161193847656e-08,True
52,bounded_sign_flip,current_vdp_gate,1,7,False,False,honest,True,True,True,True,True,True,True,0.19442185223245184,1.4901161193847656e-08,True
52,bounded_sign_flip,current_vdp_gate,1,8,True,True,bounded_sign_flip,True,True,True,True,True,True,False,0.9999999627470963,1.4901161193847656e-08,True
52,bounded_sign_flip,current_vdp_gate,1,9,False,False,honest,True,True,True,True,True,True,True,0.19442165104329578,1.4901161193847656e-08,True
52,bounded_sign_flip,current_vdp_gate,2,0,True,True,bounded_sign_flip,True,True,True,True,True,True,False,1.000000093132253,1.4901161193847656e-08,True
52,bounded_sign_flip,current_vdp_gate,2,1,False,False,honest,True,True,True,True,True,True,True,0.3682676730462354,1.4901161193847656e-08,True
52,bounded_sign_flip,current_vdp_gate,2,2,False,False,honest,True,True,True,True,True,True,True,0.5669132824276483,1.4901161193847656e-08,True
52,bounded_sign_flip,current_vdp_gate,2,3,False,False,honest,True,True,True,True,True,True,True,0.19442197632893313,2.9802322387695312e-08,True
52,bounded_sign_flip,current_vdp_gate,2,4,False,False,honest,True,True,True,True,True,True,True,0.3728240833902134,1.4901161193847656e-08,True
52,bounded_sign_flip,current_vdp_gate,2,5,False,False,honest,True,True,True,True,True,True,True,0.194421650743907,1.4901161193847656e-08,True
52,bounded_sign_flip,current_vdp_gate,2,6,False,False,honest,True,True,True,True,True,True,True,0.5392042626690016,1.4901161193847656e-08,True
52,bounded_sign_flip,current_vdp_gate,2,7,False,False,honest,True,True,True,True,True,True,True,0.1944218996855186,1.4901161193847656e-08,True
52,bounded_sign_flip,current_vdp_gate,2,8,True,True,bounded_sign_flip,True,True,True,True,True,True,False,0.9999999925494194,1.4901161193847656e-08,True
52,bounded_sign_flip,current_vdp_gate,2,9,False,False,honest,True,True,True,True,True,True,True,0.194421669904788,1.4901161193847656e-08,True
52,bounded_sign_flip,current_vdp_gate,3,0,True,True,bounded_sign_flip,True,True,True,True,True,True,False,1.0000000186264513,1.4901161193847656e-08,True
52,bounded_sign_flip,current_vdp_gate,3,1,False,False,honest,True,True,True,True,True,True,True,0.37358663117021207,1.4901161193847656e-08,True
52,bounded_sign_flip,current_vdp_gate,3,2,False,False,honest,True,True,True,True,True,True,True,0.569042683187727,1.4901161193847656e-08,True
52,bounded_sign_flip,current_vdp_gate,3,3,False,False,honest,True,True,True,True,True,True,True,0.19442188082404865,2.9802322387695312e-08,True
52,bounded_sign_flip,current_vdp_gate,3,4,False,False,honest,True,True,True,True,True,True,True,0.37232801756616546,1.4901161193847656e-08,True
52,bounded_sign_flip,current_vdp_gate,3,5,False,False,honest,True,True,True,True,True,True,True,0.19442185178336915,1.4901161193847656e-08,True
52,bounded_sign_flip,current_vdp_gate,3,6,False,False,honest,True,True,True,True,True,True,True,0.5570228661298146,1.4901161193847656e-08,True
52,bounded_sign_flip,current_vdp_gate,3,7,False,False,honest,True,True,True,True,True,True,True,0.194421727986197,1.4901161193847656e-08,True
52,bounded_sign_flip,current_vdp_gate,3,8,True,True,bounded_sign_flip,True,True,True,True,True,True,False,1.000000013038516,1.4901161193847656e-08,True
52,bounded_sign_flip,current_vdp_gate,3,9,False,False,honest,True,True,True,True,True,True,True,0.19442136392924375,1.4901161193847656e-08,True
52,bounded_sign_flip,strengthened_vdp_gate,1,0,True,True,bounded_sign_flip,True,True,True,True,True,True,False,1.0000000018626451,1.4901161193847656e-08,True
52,bounded_sign_flip,strengthened_vdp_gate,1,1,False,False,honest,True,True,True,True,True,True,True,0.37219518377064,1.4901161193847656e-08,True
52,bounded_sign_flip,strengthened_vdp_gate,1,2,False,False,honest,True,True,True,True,True,True,True,0.5663664783293383,1.4901161193847656e-08,True
52,bounded_sign_flip,strengthened_vdp_gate,1,3,False,False,honest,True,True,True,True,True,True,True,0.19442192902557928,1.4901161193847656e-08,True
52,bounded_sign_flip,strengthened_vdp_gate,1,4,False,False,honest,True,True,True,True,True,True,True,0.36819565951097827,1.4901161193847656e-08,True
52,bounded_sign_flip,strengthened_vdp_gate,1,5,False,False,honest,True,True,True,True,True,True,True,0.19442180447998497,1.4901161193847656e-08,True
52,bounded_sign_flip,strengthened_vdp_gate,1,6,False,False,honest,True,True,True,True,True,True,True,0.5348272608882353,1.4901161193847656e-08,True
52,bounded_sign_flip,strengthened_vdp_gate,1,7,False,False,honest,True,True,True,True,True,True,True,0.19442185223245184,1.4901161193847656e-08,True
52,bounded_sign_flip,strengthened_vdp_gate,1,8,True,True,bounded_sign_flip,True,True,True,True,True,True,False,0.9999999627470963,1.4901161193847656e-08,True
52,bounded_sign_flip,strengthened_vdp_gate,1,9,False,False,honest,True,True,True,True,True,True,True,0.19442165104329578,1.4901161193847656e-08,True
52,bounded_sign_flip,strengthened_vdp_gate,2,0,True,True,bounded_sign_flip,True,True,True,True,True,True,False,1.000000093132253,1.4901161193847656e-08,True
52,bounded_sign_flip,strengthened_vdp_gate,2,1,False,False,honest,True,True,True,True,True,True,True,0.3682676730462354,1.4901161193847656e-08,True
52,bounded_sign_flip,strengthened_vdp_gate,2,2,False,False,honest,True,True,True,True,True,True,True,0.5669132824276483,1.4901161193847656e-08,True
52,bounded_sign_flip,strengthened_vdp_gate,2,3,False,False,honest,True,True,True,True,True,True,True,0.19442197632893313,2.9802322387695312e-08,True
52,bounded_sign_flip,strengthened_vdp_gate,2,4,False,False,honest,True,True,True,True,True,True,True,0.3728240833902134,1.4901161193847656e-08,True
52,bounded_sign_flip,strengthened_vdp_gate,2,5,False,False,honest,True,True,True,True,True,True,True,0.194421650743907,1.4901161193847656e-08,True
52,bounded_sign_flip,strengthened_vdp_gate,2,6,False,False,honest,True,True,True,True,True,True,True,0.5392042626690016,1.4901161193847656e-08,True
52,bounded_sign_flip,strengthened_vdp_gate,2,7,False,False,honest,True,True,True,True,True,True,True,0.1944218996855186,1.4901161193847656e-08,True
52,bounded_sign_flip,strengthened_vdp_gate,2,8,True,True,bounded_sign_flip,True,True,True,True,True,True,False,0.9999999925494194,1.4901161193847656e-08,True
52,bounded_sign_flip,strengthened_vdp_gate,2,9,False,False,honest,True,True,True,True,True,True,True,0.194421669904788,1.4901161193847656e-08,True
52,bounded_sign_flip,strengthened_vdp_gate,3,0,True,True,bounded_sign_flip,True,True,True,True,True,True,False,1.0000000186264513,1.4901161193847656e-08,True
52,bounded_sign_flip,strengthened_vdp_gate,3,1,False,False,honest,True,True,True,True,True,True,True,0.37358663117021207,1.4901161193847656e-08,True
52,bounded_sign_flip,strengthened_vdp_gate,3,2,False,False,honest,True,True,True,True,True,True,True,0.569042683187727,1.4901161193847656e-08,True
52,bounded_sign_flip,strengthened_vdp_gate,3,3,False,False,honest,True,True,True,True,True,True,True,0.19442188082404865,2.9802322387695312e-08,True
52,bounded_sign_flip,strengthened_vdp_gate,3,4,False,False,honest,True,True,True,True,True,True,True,0.37232801756616546,1.4901161193847656e-08,True
52,bounded_sign_flip,strengthened_vdp_gate,3,5,False,False,honest,True,True,True,True,True,True,True,0.19442185178336915,1.4901161193847656e-08,True
52,bounded_sign_flip,strengthened_vdp_gate,3,6,False,False,honest,True,True,True,True,True,True,True,0.5570228661298146,1.4901161193847656e-08,True
52,bounded_sign_flip,strengthened_vdp_gate,3,7,False,False,honest,True,True,True,True,True,True,True,0.194421727986197,1.4901161193847656e-08,True
52,bounded_sign_flip,strengthened_vdp_gate,3,8,True,True,bounded_sign_flip,True,True,True,True,True,True,False,1.000000013038516,1.4901161193847656e-08,True
52,bounded_sign_flip,strengthened_vdp_gate,3,9,False,False,honest,True,True,True,True,True,True,True,0.19442136392924375,1.4901161193847656e-08,True
62,none,current_vdp_gate,1,0,False,False,honest,True,True,True,True,True,True,True,0.36780252684753023,1.4901161193847656e-08,True
62,none,current_vdp_gate,1,1,False,False,honest,True,True,True,True,True,True,True,0.3814345744912249,1.4901161193847656e-08,True
62,none,current_vdp_gate,1,2,False,False,honest,True,True,True,True,True,True,True,1.0000000391155475,1.4901161193847656e-08,True
62,none,current_vdp_gate,1,3,False,False,honest,True,True,True,True,True,True,True,0.5431641486084509,1.4901161193847656e-08,True
62,none,current_vdp_gate,1,4,False,False,honest,True,True,True,True,True,True,True,0.1944210856467626,1.4901161193847656e-08,True
62,none,current_vdp_gate,1,5,False,False,honest,True,True,True,True,True,True,True,0.3659885185646002,1.4901161193847656e-08,True
62,none,current_vdp_gate,1,6,False,False,honest,True,True,True,True,True,True,True,0.9999999646097415,7.450580596923828e-09,True
62,none,current_vdp_gate,1,7,False,False,honest,True,True,True,True,True,True,True,0.9999999804422257,1.4901161193847656e-08,True
62,none,current_vdp_gate,1,8,False,False,honest,True,True,True,True,True,True,True,0.19442189040447805,1.4901161193847656e-08,True
62,none,current_vdp_gate,1,9,False,False,honest,True,True,True,True,True,True,True,0.3753835475608736,1.4901161193847656e-08,True
62,none,current_vdp_gate,2,0,False,False,honest,True,True,True,True,True,True,True,0.37249684509529035,1.4901161193847656e-08,True
62,none,current_vdp_gate,2,1,False,False,honest,True,True,True,True,True,True,True,0.38085857782524996,1.4901161193847656e-08,True
62,none,current_vdp_gate,2,2,False,False,honest,True,True,True,True,True,True,True,0.9999999366700629,2.9802322387695312e-08,True
62,none,current_vdp_gate,2,3,False,False,honest,True,True,True,True,True,True,True,0.5335358308297066,1.4901161193847656e-08,True
62,none,current_vdp_gate,2,4,False,False,honest,True,True,True,True,True,True,True,0.1944202615750027,1.4901161193847656e-08,True
62,none,current_vdp_gate,2,5,False,False,honest,True,True,True,True,True,True,True,0.36632939520900604,1.4901161193847656e-08,True
62,none,current_vdp_gate,2,6,False,False,honest,True,True,True,True,True,True,True,1.0000000242143867,1.4901161193847656e-08,True
62,none,current_vdp_gate,2,7,False,False,honest,True,True,True,True,True,True,True,0.9999999105930288,1.4901161193847656e-08,True
62,none,current_vdp_gate,2,8,False,False,honest,True,True,True,True,True,True,True,0.1944217378660226,1.4901161193847656e-08,True
62,none,current_vdp_gate,2,9,False,False,honest,True,True,True,True,True,True,True,0.3646251520727497,1.4901161193847656e-08,True
62,none,current_vdp_gate,3,0,False,False,honest,True,True,True,True,True,True,True,0.36697213408438945,1.4901161193847656e-08,True
62,none,current_vdp_gate,3,1,False,False,honest,True,True,True,True,True,True,True,0.3789577329331519,1.4901161193847656e-08,True
62,none,current_vdp_gate,3,2,False,False,honest,True,True,True,True,True,True,True,0.9999999348074177,1.4901161193847656e-08,True
62,none,current_vdp_gate,3,3,False,False,honest,True,True,True,True,True,True,True,0.5315359477648776,1.4901161193847656e-08,True
62,none,current_vdp_gate,3,4,False,False,honest,True,True,True,True,True,True,True,0.19442128698619843,1.4901161193847656e-08,True
62,none,current_vdp_gate,3,5,False,False,honest,True,True,True,True,True,True,True,0.364179937498532,1.4901161193847656e-08,True
62,none,current_vdp_gate,3,6,False,False,honest,True,True,True,True,True,True,True,0.9999999329447724,1.4901161193847656e-08,True
62,none,current_vdp_gate,3,7,False,False,honest,True,True,True,True,True,True,True,1.0000000186264513,1.4901161193847656e-08,True
62,none,current_vdp_gate,3,8,False,False,honest,True,True,True,True,True,True,True,0.19442188097374286,1.4901161193847656e-08,True
62,none,current_vdp_gate,3,9,False,False,honest,True,True,True,True,True,True,True,0.36871981729620834,1.4901161193847656e-08,True
62,relation_tamper,ungated,1,0,False,False,honest,True,True,True,True,True,True,True,0.36780252684753023,1.4901161193847656e-08,True
62,relation_tamper,ungated,1,1,False,False,honest,True,True,True,True,True,True,True,0.3814345744912249,1.4901161193847656e-08,True
62,relation_tamper,ungated,1,2,True,True,relation_tamper,True,True,False,True,True,True,True,1.0000000391155475,0.4999999701976776,True
62,relation_tamper,ungated,1,3,False,False,honest,True,True,True,True,True,True,True,0.5431641486084509,1.4901161193847656e-08,True
62,relation_tamper,ungated,1,4,False,False,honest,True,True,True,True,True,True,True,0.1944210856467626,1.4901161193847656e-08,True
62,relation_tamper,ungated,1,5,False,False,honest,True,True,True,True,True,True,True,0.3659885185646002,1.4901161193847656e-08,True
62,relation_tamper,ungated,1,6,False,False,honest,True,True,True,True,True,True,True,0.9999999646097415,7.450580596923828e-09,True
62,relation_tamper,ungated,1,7,True,True,relation_tamper,True,True,False,True,True,True,True,0.9999999804422257,0.5,True
62,relation_tamper,ungated,1,8,False,False,honest,True,True,True,True,True,True,True,0.19442189040447805,1.4901161193847656e-08,True
62,relation_tamper,ungated,1,9,False,False,honest,True,True,True,True,True,True,True,0.3753835475608736,1.4901161193847656e-08,True
62,relation_tamper,ungated,2,0,False,False,honest,True,True,True,True,True,True,True,0.37232059598764217,1.4901161193847656e-08,True
62,relation_tamper,ungated,2,1,False,False,honest,True,True,True,True,True,True,True,0.38040028498020906,1.4901161193847656e-08,True
62,relation_tamper,ungated,2,2,True,True,relation_tamper,True,True,False,True,True,True,True,1.0000000223517416,0.5,True
62,relation_tamper,ungated,2,3,False,False,honest,True,True,True,True,True,True,True,0.5383488468003741,1.4901161193847656e-08,True
62,relation_tamper,ungated,2,4,False,False,honest,True,True,True,True,True,True,True,0.19442060647303624,1.4901161193847656e-08,True
62,relation_tamper,ungated,2,5,False,False,honest,True,True,True,True,True,True,True,0.3672484888752266,1.4901161193847656e-08,True
62,relation_tamper,ungated,2,6,False,False,honest,True,True,True,True,True,True,True,1.0000000530853854,1.4901161193847656e-08,True
62,relation_tamper,ungated,2,7,True,True,relation_tamper,True,True,False,True,True,True,True,1.0000000288709994,0.4999999701976776,True
62,relation_tamper,ungated,2,8,False,False,honest,True,True,True,True,True,True,True,0.1944219294746618,1.4901161193847656e-08,True
62,relation_tamper,ungated,2,9,False,False,honest,True,True,True,True,True,True,True,0.3646683006745833,1.4901161193847656e-08,True
62,relation_tamper,ungated,3,0,False,False,honest,True,True,True,True,True,True,True,0.3674302405270487,1.4901161193847656e-08,True
62,relation_tamper,ungated,3,1,False,False,honest,True,True,True,True,True,True,True,0.37874933040073033,1.4901161193847656e-08,True
62,relation_tamper,ungated,3,2,True,True,relation_tamper,True,True,False,True,True,True,True,1.000000031664967,0.4999999701976776,True
62,relation_tamper,ungated,3,3,False,False,honest,True,True,True,True,True,True,True,0.5336053256200697,1.4901161193847656e-08,True
62,relation_tamper,ungated,3,4,False,False,honest,True,True,True,True,True,True,True,0.19441898736307311,1.4901161193847656e-08,True
62,relation_tamper,ungated,3,5,False,False,honest,True,True,True,True,True,True,True,0.36523055900783385,1.4901161193847656e-08,True
62,relation_tamper,ungated,3,6,False,False,honest,True,True,True,True,True,True,True,1.0000000102445483,1.4901161193847656e-08,True
62,relation_tamper,ungated,3,7,True,True,relation_tamper,True,True,False,True,True,True,True,1.0000000018626451,0.5,True
62,relation_tamper,ungated,3,8,False,False,honest,True,True,True,True,True,True,True,0.1944218330715888,1.4901161193847656e-08,True
62,relation_tamper,ungated,3,9,False,False,honest,True,True,True,True,True,True,True,0.3661780031017806,1.4901161193847656e-08,True
62,relation_tamper,current_vdp_gate,1,0,False,False,honest,True,True,True,True,True,True,True,0.36780252684753023,1.4901161193847656e-08,True
62,relation_tamper,current_vdp_gate,1,1,False,False,honest,True,True,True,True,True,True,True,0.3814345744912249,1.4901161193847656e-08,True
62,relation_tamper,current_vdp_gate,1,2,True,True,relation_tamper,True,True,False,True,True,True,True,1.0000000391155475,0.4999999701976776,False
62,relation_tamper,current_vdp_gate,1,3,False,False,honest,True,True,True,True,True,True,True,0.5431641486084509,1.4901161193847656e-08,True
62,relation_tamper,current_vdp_gate,1,4,False,False,honest,True,True,True,True,True,True,True,0.1944210856467626,1.4901161193847656e-08,True
62,relation_tamper,current_vdp_gate,1,5,False,False,honest,True,True,True,True,True,True,True,0.3659885185646002,1.4901161193847656e-08,True
62,relation_tamper,current_vdp_gate,1,6,False,False,honest,True,True,True,True,True,True,True,0.9999999646097415,7.450580596923828e-09,True
62,relation_tamper,current_vdp_gate,1,7,True,True,relation_tamper,True,True,False,True,True,True,True,0.9999999804422257,0.5,False
62,relation_tamper,current_vdp_gate,1,8,False,False,honest,True,True,True,True,True,True,True,0.19442189040447805,1.4901161193847656e-08,True
62,relation_tamper,current_vdp_gate,1,9,False,False,honest,True,True,True,True,True,True,True,0.3753835475608736,1.4901161193847656e-08,True
62,relation_tamper,current_vdp_gate,2,0,False,False,honest,True,True,True,True,True,True,True,0.3709854165484016,1.4901161193847656e-08,True
62,relation_tamper,current_vdp_gate,2,1,False,False,honest,True,True,True,True,True,True,True,0.3766516421193733,1.4901161193847656e-08,True
62,relation_tamper,current_vdp_gate,2,2,True,True,relation_tamper,True,True,False,True,True,True,True,1.0000000279396768,0.5,False
62,relation_tamper,current_vdp_gate,2,3,False,False,honest,True,True,True,True,True,True,True,0.5333843923044446,1.4901161193847656e-08,True
62,relation_tamper,current_vdp_gate,2,4,False,False,honest,True,True,True,True,True,True,True,0.19442015618937042,1.4901161193847656e-08,True
62,relation_tamper,current_vdp_gate,2,5,False,False,honest,True,True,True,True,True,True,True,0.3594368558755432,1.4901161193847656e-08,True
62,relation_tamper,current_vdp_gate,2,6,False,False,honest,True,True,True,True,True,True,True,1.0000000363215797,1.4901161193847656e-08,True
62,relation_tamper,current_vdp_gate,2,7,True,True,relation_tamper,True,True,False,True,True,True,True,0.9999999944120646,0.5000000596046448,False
62,relation_tamper,current_vdp_gate,2,8,False,False,honest,True,True,True,True,True,True,True,0.194421650743907,1.4901161193847656e-08,True
62,relation_tamper,current_vdp_gate,2,9,False,False,honest,True,True,True,True,True,True,True,0.364193967294057,1.4901161193847656e-08,True
62,relation_tamper,current_vdp_gate,3,0,False,False,honest,True,True,True,True,True,True,True,0.36634156504077653,1.4901161193847656e-08,True
62,relation_tamper,current_vdp_gate,3,1,False,False,honest,True,True,True,True,True,True,True,0.38022371700814583,1.4901161193847656e-08,True
62,relation_tamper,current_vdp_gate,3,2,True,True,relation_tamper,True,True,False,True,True,True,True,1.0000000521540628,0.4999999701976776,False
62,relation_tamper,current_vdp_gate,3,3,False,False,honest,True,True,True,True,True,True,True,0.5277095603191294,1.4901161193847656e-08,True
62,relation_tamper,current_vdp_gate,3,4,False,False,honest,True,True,True,True,True,True,True,0.1944214303936397,1.4901161193847656e-08,True
62,relation_tamper,current_vdp_gate,3,5,False,False,honest,True,True,True,True,True,True,True,0.3645813731512667,1.4901161193847656e-08,True
62,relation_tamper,current_vdp_gate,3,6,False,False,honest,True,True,True,True,True,True,True,0.9999999534338702,1.4901161193847656e-08,True
62,relation_tamper,current_vdp_gate,3,7,True,True,relation_tamper,True,True,False,True,True,True,True,0.9999999990686774,0.5,False
62,relation_tamper,current_vdp_gate,3,8,False,False,honest,True,True,True,True,True,True,True,0.19442192857649676,1.4901161193847656e-08,True
62,relation_tamper,current_vdp_gate,3,9,False,False,honest,True,True,True,True,True,True,True,0.36842681004813266,1.4901161193847656e-08,True
62,relation_tamper,strengthened_vdp_gate,1,0,False,False,honest,True,True,True,True,True,True,True,0.36780252684753023,1.4901161193847656e-08,True
62,relation_tamper,strengthened_vdp_gate,1,1,False,False,honest,True,True,True,True,True,True,True,0.3814345744912249,1.4901161193847656e-08,True
62,relation_tamper,strengthened_vdp_gate,1,2,True,True,relation_tamper,True,True,False,True,True,True,True,1.0000000391155475,0.4999999701976776,False
62,relation_tamper,strengthened_vdp_gate,1,3,False,False,honest,True,True,True,True,True,True,True,0.5431641486084509,1.4901161193847656e-08,True
62,relation_tamper,strengthened_vdp_gate,1,4,False,False,honest,True,True,True,True,True,True,True,0.1944210856467626,1.4901161193847656e-08,True
62,relation_tamper,strengthened_vdp_gate,1,5,False,False,honest,True,True,True,True,True,True,True,0.3659885185646002,1.4901161193847656e-08,True
62,relation_tamper,strengthened_vdp_gate,1,6,False,False,honest,True,True,True,True,True,True,True,0.9999999646097415,7.450580596923828e-09,True
62,relation_tamper,strengthened_vdp_gate,1,7,True,True,relation_tamper,True,True,False,True,True,True,True,0.9999999804422257,0.5,False
62,relation_tamper,strengthened_vdp_gate,1,8,False,False,honest,True,True,True,True,True,True,True,0.19442189040447805,1.4901161193847656e-08,True
62,relation_tamper,strengthened_vdp_gate,1,9,False,False,honest,True,True,True,True,True,True,True,0.3753835475608736,1.4901161193847656e-08,True
62,relation_tamper,strengthened_vdp_gate,2,0,False,False,honest,True,True,True,True,True,True,True,0.3709854165484016,1.4901161193847656e-08,True
62,relation_tamper,strengthened_vdp_gate,2,1,False,False,honest,True,True,True,True,True,True,True,0.3766516421193733,1.4901161193847656e-08,True
62,relation_tamper,strengthened_vdp_gate,2,2,True,True,relation_tamper,True,True,False,True,True,True,True,1.0000000279396768,0.5,False
62,relation_tamper,strengthened_vdp_gate,2,3,False,False,honest,True,True,True,True,True,True,True,0.5333843923044446,1.4901161193847656e-08,True
62,relation_tamper,strengthened_vdp_gate,2,4,False,False,honest,True,True,True,True,True,True,True,0.19442015618937042,1.4901161193847656e-08,True
62,relation_tamper,strengthened_vdp_gate,2,5,False,False,honest,True,True,True,True,True,True,True,0.3594368558755432,1.4901161193847656e-08,True
62,relation_tamper,strengthened_vdp_gate,2,6,False,False,honest,True,True,True,True,True,True,True,1.0000000363215797,1.4901161193847656e-08,True
62,relation_tamper,strengthened_vdp_gate,2,7,True,True,relation_tamper,True,True,False,True,True,True,True,0.9999999944120646,0.5000000596046448,False
62,relation_tamper,strengthened_vdp_gate,2,8,False,False,honest,True,True,True,True,True,True,True,0.194421650743907,1.4901161193847656e-08,True
62,relation_tamper,strengthened_vdp_gate,2,9,False,False,honest,True,True,True,True,True,True,True,0.364193967294057,1.4901161193847656e-08,True
62,relation_tamper,strengthened_vdp_gate,3,0,False,False,honest,True,True,True,True,True,True,True,0.36634156504077653,1.4901161193847656e-08,True
62,relation_tamper,strengthened_vdp_gate,3,1,False,False,honest,True,True,True,True,True,True,True,0.38022371700814583,1.4901161193847656e-08,True
62,relation_tamper,strengthened_vdp_gate,3,2,True,True,relation_tamper,True,True,False,True,True,True,True,1.0000000521540628,0.4999999701976776,False
62,relation_tamper,strengthened_vdp_gate,3,3,False,False,honest,True,True,True,True,True,True,True,0.5277095603191294,1.4901161193847656e-08,True
62,relation_tamper,strengthened_vdp_gate,3,4,False,False,honest,True,True,True,True,True,True,True,0.1944214303936397,1.4901161193847656e-08,True
62,relation_tamper,strengthened_vdp_gate,3,5,False,False,honest,True,True,True,True,True,True,True,0.3645813731512667,1.4901161193847656e-08,True
62,relation_tamper,strengthened_vdp_gate,3,6,False,False,honest,True,True,True,True,True,True,True,0.9999999534338702,1.4901161193847656e-08,True
62,relation_tamper,strengthened_vdp_gate,3,7,True,True,relation_tamper,True,True,False,True,True,True,True,0.9999999990686774,0.5,False
62,relation_tamper,strengthened_vdp_gate,3,8,False,False,honest,True,True,True,True,True,True,True,0.19442192857649676,1.4901161193847656e-08,True
62,relation_tamper,strengthened_vdp_gate,3,9,False,False,honest,True,True,True,True,True,True,True,0.36842681004813266,1.4901161193847656e-08,True
62,clip_bypass,ungated,1,0,False,False,honest,True,True,True,True,True,True,True,0.36780252684753023,1.4901161193847656e-08,True
62,clip_bypass,ungated,1,1,False,False,honest,True,True,True,True,True,True,True,0.3814345744912249,1.4901161193847656e-08,True
62,clip_bypass,ungated,1,2,True,True,clip_bypass,True,False,True,True,True,True,True,2.000000078231095,1.4901161193847656e-08,True
62,clip_bypass,ungated,1,3,False,False,honest,True,True,True,True,True,True,True,0.5431641486084509,1.4901161193847656e-08,True
62,clip_bypass,ungated,1,4,False,False,honest,True,True,True,True,True,True,True,0.1944210856467626,1.4901161193847656e-08,True
62,clip_bypass,ungated,1,5,False,False,honest,True,True,True,True,True,True,True,0.3659885185646002,1.4901161193847656e-08,True
62,clip_bypass,ungated,1,6,False,False,honest,True,True,True,True,True,True,True,0.9999999646097415,7.450580596923828e-09,True
62,clip_bypass,ungated,1,7,True,True,clip_bypass,True,False,True,True,True,True,True,1.9999999608844514,1.4901161193847656e-08,True
62,clip_bypass,ungated,1,8,False,False,honest,True,True,True,True,True,True,True,0.19442189040447805,1.4901161193847656e-08,True
62,clip_bypass,ungated,1,9,False,False,honest,True,True,True,True,True,True,True,0.3753835475608736,1.4901161193847656e-08,True
62,clip_bypass,ungated,2,0,False,False,honest,True,True,True,True,True,True,True,0.36684500447824525,1.4901161193847656e-08,True
62,clip_bypass,ungated,2,1,False,False,honest,True,True,True,True,True,True,True,0.37852405722253757,1.4901161193847656e-08,True
62,clip_bypass,ungated,2,2,True,True,clip_bypass,True,False,True,True,True,True,True,2.000000014901161,1.4901161193847656e-08,True
62,clip_bypass,ungated,2,3,False,False,honest,True,True,True,True,True,True,True,0.526150171682609,1.4901161193847656e-08,True
62,clip_bypass,ungated,2,4,False,False,honest,True,True,True,True,True,True,True,0.194421498055569,1.4901161193847656e-08,True
62,clip_bypass,ungated,2,5,False,False,honest,True,True,True,True,True,True,True,0.36656077872713244,1.4901161193847656e-08,True
62,clip_bypass,ungated,2,6,False,False,honest,True,True,True,True,True,True,True,0.9999999962747097,1.4901161193847656e-08,True
62,clip_bypass,ungated,2,7,True,True,clip_bypass,True,False,True,True,True,True,True,1.9999999571591611,1.4901161193847656e-08,True
62,clip_bypass,ungated,2,8,False,False,honest,True,True,True,True,True,True,True,0.19442185268153456,1.4901161193847656e-08,True
62,clip_bypass,ungated,2,9,False,False,honest,True,True,True,True,True,True,True,0.36470589741818804,1.4901161193847656e-08,True
62,clip_bypass,ungated,3,0,False,False,honest,True,True,True,True,True,True,True,0.35816406946559803,1.4901161193847656e-08,True
62,clip_bypass,ungated,3,1,False,False,honest,True,True,True,True,True,True,True,0.37885063693586996,1.4901161193847656e-08,True
62,clip_bypass,ungated,3,2,True,True,clip_bypass,True,False,True,True,True,True,True,1.9999998696148353,1.4901161193847656e-08,True
62,clip_bypass,ungated,3,3,False,False,honest,True,True,True,True,True,True,True,0.5268700220256376,1.4901161193847656e-08,True
62,clip_bypass,ungated,3,4,False,False,honest,True,True,True,True,True,True,True,0.19442129566848912,1.4901161193847656e-08,True
62,clip_bypass,ungated,3,5,False,False,honest,True,True,True,True,True,True,True,0.365647519622437,1.4901161193847656e-08,True
62,clip_bypass,ungated,3,6,False,False,honest,True,True,True,True,True,True,True,0.9999999916180968,2.9802322387695312e-08,True
62,clip_bypass,ungated,3,7,True,True,clip_bypass,True,False,True,True,True,True,True,2.0000000558793536,1.4901161193847656e-08,True
62,clip_bypass,ungated,3,8,False,False,honest,True,True,True,True,True,True,True,0.19442096035215345,1.4901161193847656e-08,True
62,clip_bypass,ungated,3,9,False,False,honest,True,True,True,True,True,True,True,0.37040129730669613,1.4901161193847656e-08,True
62,clip_bypass,current_vdp_gate,1,0,False,False,honest,True,True,True,True,True,True,True,0.36780252684753023,1.4901161193847656e-08,True
62,clip_bypass,current_vdp_gate,1,1,False,False,honest,True,True,True,True,True,True,True,0.3814345744912249,1.4901161193847656e-08,True
62,clip_bypass,current_vdp_gate,1,2,True,True,clip_bypass,True,False,True,True,True,True,True,2.000000078231095,1.4901161193847656e-08,False
62,clip_bypass,current_vdp_gate,1,3,False,False,honest,True,True,True,True,True,True,True,0.5431641486084509,1.4901161193847656e-08,True
62,clip_bypass,current_vdp_gate,1,4,False,False,honest,True,True,True,True,True,True,True,0.1944210856467626,1.4901161193847656e-08,True
62,clip_bypass,current_vdp_gate,1,5,False,False,honest,True,True,True,True,True,True,True,0.3659885185646002,1.4901161193847656e-08,True
62,clip_bypass,current_vdp_gate,1,6,False,False,honest,True,True,True,True,True,True,True,0.9999999646097415,7.450580596923828e-09,True
62,clip_bypass,current_vdp_gate,1,7,True,True,clip_bypass,True,False,True,True,True,True,True,1.9999999608844514,1.4901161193847656e-08,False
62,clip_bypass,current_vdp_gate,1,8,False,False,honest,True,True,True,True,True,True,True,0.19442189040447805,1.4901161193847656e-08,True
62,clip_bypass,current_vdp_gate,1,9,False,False,honest,True,True,True,True,True,True,True,0.3753835475608736,1.4901161193847656e-08,True
62,clip_bypass,current_vdp_gate,2,0,False,False,honest,True,True,True,True,True,True,True,0.3709854165484016,1.4901161193847656e-08,True
62,clip_bypass,current_vdp_gate,2,1,False,False,honest,True,True,True,True,True,True,True,0.3766516421193733,1.4901161193847656e-08,True
62,clip_bypass,current_vdp_gate,2,2,True,True,clip_bypass,True,False,True,True,True,True,True,2.0000000558793536,2.9802322387695312e-08,False
62,clip_bypass,current_vdp_gate,2,3,False,False,honest,True,True,True,True,True,True,True,0.5333843923044446,1.4901161193847656e-08,True
62,clip_bypass,current_vdp_gate,2,4,False,False,honest,True,True,True,True,True,True,True,0.19442015618937042,1.4901161193847656e-08,True
62,clip_bypass,current_vdp_gate,2,5,False,False,honest,True,True,True,True,True,True,True,0.3594368558755432,1.4901161193847656e-08,True
62,clip_bypass,current_vdp_gate,2,6,False,False,honest,True,True,True,True,True,True,True,1.0000000363215797,1.4901161193847656e-08,True
62,clip_bypass,current_vdp_gate,2,7,True,True,clip_bypass,True,False,True,True,True,True,True,1.999999988824129,1.4901161193847656e-08,False
62,clip_bypass,current_vdp_gate,2,8,False,False,honest,True,True,True,True,True,True,True,0.194421650743907,1.4901161193847656e-08,True
62,clip_bypass,current_vdp_gate,2,9,False,False,honest,True,True,True,True,True,True,True,0.364193967294057,1.4901161193847656e-08,True
62,clip_bypass,current_vdp_gate,3,0,False,False,honest,True,True,True,True,True,True,True,0.36634156504077653,1.4901161193847656e-08,True
62,clip_bypass,current_vdp_gate,3,1,False,False,honest,True,True,True,True,True,True,True,0.38022371700814583,1.4901161193847656e-08,True
62,clip_bypass,current_vdp_gate,3,2,True,True,clip_bypass,True,False,True,True,True,True,True,2.0000001043081257,1.4901161193847656e-08,False
62,clip_bypass,current_vdp_gate,3,3,False,False,honest,True,True,True,True,True,True,True,0.5277095603191294,1.4901161193847656e-08,True
62,clip_bypass,current_vdp_gate,3,4,False,False,honest,True,True,True,True,True,True,True,0.1944214303936397,1.4901161193847656e-08,True
62,clip_bypass,current_vdp_gate,3,5,False,False,honest,True,True,True,True,True,True,True,0.3645813731512667,1.4901161193847656e-08,True
62,clip_bypass,current_vdp_gate,3,6,False,False,honest,True,True,True,True,True,True,True,0.9999999534338702,1.4901161193847656e-08,True
62,clip_bypass,current_vdp_gate,3,7,True,True,clip_bypass,True,False,True,True,True,True,True,1.9999999981373549,1.4901161193847656e-08,False
62,clip_bypass,current_vdp_gate,3,8,False,False,honest,True,True,True,True,True,True,True,0.19442192857649676,1.4901161193847656e-08,True
62,clip_bypass,current_vdp_gate,3,9,False,False,honest,True,True,True,True,True,True,True,0.36842681004813266,1.4901161193847656e-08,True
62,clip_bypass,strengthened_vdp_gate,1,0,False,False,honest,True,True,True,True,True,True,True,0.36780252684753023,1.4901161193847656e-08,True
62,clip_bypass,strengthened_vdp_gate,1,1,False,False,honest,True,True,True,True,True,True,True,0.3814345744912249,1.4901161193847656e-08,True
62,clip_bypass,strengthened_vdp_gate,1,2,True,True,clip_bypass,True,False,True,True,True,True,True,2.000000078231095,1.4901161193847656e-08,False
62,clip_bypass,strengthened_vdp_gate,1,3,False,False,honest,True,True,True,True,True,True,True,0.5431641486084509,1.4901161193847656e-08,True
62,clip_bypass,strengthened_vdp_gate,1,4,False,False,honest,True,True,True,True,True,True,True,0.1944210856467626,1.4901161193847656e-08,True
62,clip_bypass,strengthened_vdp_gate,1,5,False,False,honest,True,True,True,True,True,True,True,0.3659885185646002,1.4901161193847656e-08,True
62,clip_bypass,strengthened_vdp_gate,1,6,False,False,honest,True,True,True,True,True,True,True,0.9999999646097415,7.450580596923828e-09,True
62,clip_bypass,strengthened_vdp_gate,1,7,True,True,clip_bypass,True,False,True,True,True,True,True,1.9999999608844514,1.4901161193847656e-08,False
62,clip_bypass,strengthened_vdp_gate,1,8,False,False,honest,True,True,True,True,True,True,True,0.19442189040447805,1.4901161193847656e-08,True
62,clip_bypass,strengthened_vdp_gate,1,9,False,False,honest,True,True,True,True,True,True,True,0.3753835475608736,1.4901161193847656e-08,True
62,clip_bypass,strengthened_vdp_gate,2,0,False,False,honest,True,True,True,True,True,True,True,0.3709854165484016,1.4901161193847656e-08,True
62,clip_bypass,strengthened_vdp_gate,2,1,False,False,honest,True,True,True,True,True,True,True,0.3766516421193733,1.4901161193847656e-08,True
62,clip_bypass,strengthened_vdp_gate,2,2,True,True,clip_bypass,True,False,True,True,True,True,True,2.0000000558793536,2.9802322387695312e-08,False
62,clip_bypass,strengthened_vdp_gate,2,3,False,False,honest,True,True,True,True,True,True,True,0.5333843923044446,1.4901161193847656e-08,True
62,clip_bypass,strengthened_vdp_gate,2,4,False,False,honest,True,True,True,True,True,True,True,0.19442015618937042,1.4901161193847656e-08,True
62,clip_bypass,strengthened_vdp_gate,2,5,False,False,honest,True,True,True,True,True,True,True,0.3594368558755432,1.4901161193847656e-08,True
62,clip_bypass,strengthened_vdp_gate,2,6,False,False,honest,True,True,True,True,True,True,True,1.0000000363215797,1.4901161193847656e-08,True
62,clip_bypass,strengthened_vdp_gate,2,7,True,True,clip_bypass,True,False,True,True,True,True,True,1.999999988824129,1.4901161193847656e-08,False
62,clip_bypass,strengthened_vdp_gate,2,8,False,False,honest,True,True,True,True,True,True,True,0.194421650743907,1.4901161193847656e-08,True
62,clip_bypass,strengthened_vdp_gate,2,9,False,False,honest,True,True,True,True,True,True,True,0.364193967294057,1.4901161193847656e-08,True
62,clip_bypass,strengthened_vdp_gate,3,0,False,False,honest,True,True,True,True,True,True,True,0.36634156504077653,1.4901161193847656e-08,True
62,clip_bypass,strengthened_vdp_gate,3,1,False,False,honest,True,True,True,True,True,True,True,0.38022371700814583,1.4901161193847656e-08,True
62,clip_bypass,strengthened_vdp_gate,3,2,True,True,clip_bypass,True,False,True,True,True,True,True,2.0000001043081257,1.4901161193847656e-08,False
62,clip_bypass,strengthened_vdp_gate,3,3,False,False,honest,True,True,True,True,True,True,True,0.5277095603191294,1.4901161193847656e-08,True
62,clip_bypass,strengthened_vdp_gate,3,4,False,False,honest,True,True,True,True,True,True,True,0.1944214303936397,1.4901161193847656e-08,True
62,clip_bypass,strengthened_vdp_gate,3,5,False,False,honest,True,True,True,True,True,True,True,0.3645813731512667,1.4901161193847656e-08,True
62,clip_bypass,strengthened_vdp_gate,3,6,False,False,honest,True,True,True,True,True,True,True,0.9999999534338702,1.4901161193847656e-08,True
62,clip_bypass,strengthened_vdp_gate,3,7,True,True,clip_bypass,True,False,True,True,True,True,True,1.9999999981373549,1.4901161193847656e-08,False
62,clip_bypass,strengthened_vdp_gate,3,8,False,False,honest,True,True,True,True,True,True,True,0.19442192857649676,1.4901161193847656e-08,True
62,clip_bypass,strengthened_vdp_gate,3,9,False,False,honest,True,True,True,True,True,True,True,0.36842681004813266,1.4901161193847656e-08,True
62,replay,ungated,1,0,False,False,honest,True,True,True,True,True,True,True,0.36780252684753023,1.4901161193847656e-08,True
62,replay,ungated,1,1,False,False,honest,True,True,True,True,True,True,True,0.3814345744912249,1.4901161193847656e-08,True
62,replay,ungated,1,2,True,False,replay_warmup_honest,True,True,True,True,True,True,True,1.0000000391155475,1.4901161193847656e-08,True
62,replay,ungated,1,3,False,False,honest,True,True,True,True,True,True,True,0.5431641486084509,1.4901161193847656e-08,True
62,replay,ungated,1,4,False,False,honest,True,True,True,True,True,True,True,0.1944210856467626,1.4901161193847656e-08,True
62,replay,ungated,1,5,False,False,honest,True,True,True,True,True,True,True,0.3659885185646002,1.4901161193847656e-08,True
62,replay,ungated,1,6,False,False,honest,True,True,True,True,True,True,True,0.9999999646097415,7.450580596923828e-09,True
62,replay,ungated,1,7,True,False,replay_warmup_honest,True,True,True,True,True,True,True,0.9999999804422257,1.4901161193847656e-08,True
62,replay,ungated,1,8,False,False,honest,True,True,True,True,True,True,True,0.19442189040447805,1.4901161193847656e-08,True
62,replay,ungated,1,9,False,False,honest,True,True,True,True,True,True,True,0.3753835475608736,1.4901161193847656e-08,True
62,replay,ungated,2,0,False,False,honest,True,True,True,True,True,True,True,0.37249684509529035,1.4901161193847656e-08,True
62,replay,ungated,2,1,False,False,honest,True,True,True,True,True,True,True,0.38085857782524996,1.4901161193847656e-08,True
62,replay,ungated,2,2,True,True,replay,True,True,True,False,False,True,True,1.0000000391155475,1.4901161193847656e-08,True
62,replay,ungated,2,3,False,False,honest,True,True,True,True,True,True,True,0.5335358308297066,1.4901161193847656e-08,True
62,replay,ungated,2,4,False,False,honest,True,True,True,True,True,True,True,0.1944202615750027,1.4901161193847656e-08,True
62,replay,ungated,2,5,False,False,honest,True,True,True,True,True,True,True,0.36632939520900604,1.4901161193847656e-08,True
62,replay,ungated,2,6,False,False,honest,True,True,True,True,True,True,True,1.0000000242143867,1.4901161193847656e-08,True
62,replay,ungated,2,7,True,True,replay,True,True,True,False,False,True,True,0.9999999804422257,1.4901161193847656e-08,True
62,replay,ungated,2,8,False,False,honest,True,True,True,True,True,True,True,0.1944217378660226,1.4901161193847656e-08,True
62,replay,ungated,2,9,False,False,honest,True,True,True,True,True,True,True,0.3646251520727497,1.4901161193847656e-08,True
62,replay,ungated,3,0,False,False,honest,True,True,True,True,True,True,True,0.37154408441592746,1.4901161193847656e-08,True
62,replay,ungated,3,1,False,False,honest,True,True,True,True,True,True,True,0.3801061940634588,1.4901161193847656e-08,True
62,replay,ungated,3,2,True,True,replay,True,True,True,False,True,True,True,0.9999999366700629,2.9802322387695312e-08,True
62,replay,ungated,3,3,False,False,honest,True,True,True,True,True,True,True,0.5343500171748459,1.4901161193847656e-08,True
62,replay,ungated,3,4,False,False,honest,True,True,True,True,True,True,True,0.19442171780698225,1.4901161193847656e-08,True
62,replay,ungated,3,5,False,False,honest,True,True,True,True,True,True,True,0.3708357032996385,1.4901161193847656e-08,True
62,replay,ungated,3,6,False,False,honest,True,True,True,True,True,True,True,1.0000000623986105,1.4901161193847656e-08,True
62,replay,ungated,3,7,True,True,replay,True,True,True,False,True,True,True,0.9999999105930288,1.4901161193847656e-08,True
62,replay,ungated,3,8,False,False,honest,True,True,True,True,True,True,True,0.19442192857649676,1.4901161193847656e-08,True
62,replay,ungated,3,9,False,False,honest,True,True,True,True,True,True,True,0.3710465379221196,1.4901161193847656e-08,True
62,replay,current_vdp_gate,1,0,False,False,honest,True,True,True,True,True,True,True,0.36780252684753023,1.4901161193847656e-08,True
62,replay,current_vdp_gate,1,1,False,False,honest,True,True,True,True,True,True,True,0.3814345744912249,1.4901161193847656e-08,True
62,replay,current_vdp_gate,1,2,True,False,replay_warmup_honest,True,True,True,True,True,True,True,1.0000000391155475,1.4901161193847656e-08,True
62,replay,current_vdp_gate,1,3,False,False,honest,True,True,True,True,True,True,True,0.5431641486084509,1.4901161193847656e-08,True
62,replay,current_vdp_gate,1,4,False,False,honest,True,True,True,True,True,True,True,0.1944210856467626,1.4901161193847656e-08,True
62,replay,current_vdp_gate,1,5,False,False,honest,True,True,True,True,True,True,True,0.3659885185646002,1.4901161193847656e-08,True
62,replay,current_vdp_gate,1,6,False,False,honest,True,True,True,True,True,True,True,0.9999999646097415,7.450580596923828e-09,True
62,replay,current_vdp_gate,1,7,True,False,replay_warmup_honest,True,True,True,True,True,True,True,0.9999999804422257,1.4901161193847656e-08,True
62,replay,current_vdp_gate,1,8,False,False,honest,True,True,True,True,True,True,True,0.19442189040447805,1.4901161193847656e-08,True
62,replay,current_vdp_gate,1,9,False,False,honest,True,True,True,True,True,True,True,0.3753835475608736,1.4901161193847656e-08,True
62,replay,current_vdp_gate,2,0,False,False,honest,True,True,True,True,True,True,True,0.37249684509529035,1.4901161193847656e-08,True
62,replay,current_vdp_gate,2,1,False,False,honest,True,True,True,True,True,True,True,0.38085857782524996,1.4901161193847656e-08,True
62,replay,current_vdp_gate,2,2,True,True,replay,True,True,True,False,False,True,True,1.0000000391155475,1.4901161193847656e-08,True
62,replay,current_vdp_gate,2,3,False,False,honest,True,True,True,True,True,True,True,0.5335358308297066,1.4901161193847656e-08,True
62,replay,current_vdp_gate,2,4,False,False,honest,True,True,True,True,True,True,True,0.1944202615750027,1.4901161193847656e-08,True
62,replay,current_vdp_gate,2,5,False,False,honest,True,True,True,True,True,True,True,0.36632939520900604,1.4901161193847656e-08,True
62,replay,current_vdp_gate,2,6,False,False,honest,True,True,True,True,True,True,True,1.0000000242143867,1.4901161193847656e-08,True
62,replay,current_vdp_gate,2,7,True,True,replay,True,True,True,False,False,True,True,0.9999999804422257,1.4901161193847656e-08,True
62,replay,current_vdp_gate,2,8,False,False,honest,True,True,True,True,True,True,True,0.1944217378660226,1.4901161193847656e-08,True
62,replay,current_vdp_gate,2,9,False,False,honest,True,True,True,True,True,True,True,0.3646251520727497,1.4901161193847656e-08,True
62,replay,current_vdp_gate,3,0,False,False,honest,True,True,True,True,True,True,True,0.37154408441592746,1.4901161193847656e-08,True
62,replay,current_vdp_gate,3,1,False,False,honest,True,True,True,True,True,True,True,0.3801061940634588,1.4901161193847656e-08,True
62,replay,current_vdp_gate,3,2,True,True,replay,True,True,True,False,True,True,True,0.9999999366700629,2.9802322387695312e-08,True
62,replay,current_vdp_gate,3,3,False,False,honest,True,True,True,True,True,True,True,0.5343500171748459,1.4901161193847656e-08,True
62,replay,current_vdp_gate,3,4,False,False,honest,True,True,True,True,True,True,True,0.19442171780698225,1.4901161193847656e-08,True
62,replay,current_vdp_gate,3,5,False,False,honest,True,True,True,True,True,True,True,0.3708357032996385,1.4901161193847656e-08,True
62,replay,current_vdp_gate,3,6,False,False,honest,True,True,True,True,True,True,True,1.0000000623986105,1.4901161193847656e-08,True
62,replay,current_vdp_gate,3,7,True,True,replay,True,True,True,False,True,True,True,0.9999999105930288,1.4901161193847656e-08,True
62,replay,current_vdp_gate,3,8,False,False,honest,True,True,True,True,True,True,True,0.19442192857649676,1.4901161193847656e-08,True
62,replay,current_vdp_gate,3,9,False,False,honest,True,True,True,True,True,True,True,0.3710465379221196,1.4901161193847656e-08,True
62,replay,strengthened_vdp_gate,1,0,False,False,honest,True,True,True,True,True,True,True,0.36780252684753023,1.4901161193847656e-08,True
62,replay,strengthened_vdp_gate,1,1,False,False,honest,True,True,True,True,True,True,True,0.3814345744912249,1.4901161193847656e-08,True
62,replay,strengthened_vdp_gate,1,2,True,False,replay_warmup_honest,True,True,True,True,True,True,True,1.0000000391155475,1.4901161193847656e-08,True
62,replay,strengthened_vdp_gate,1,3,False,False,honest,True,True,True,True,True,True,True,0.5431641486084509,1.4901161193847656e-08,True
62,replay,strengthened_vdp_gate,1,4,False,False,honest,True,True,True,True,True,True,True,0.1944210856467626,1.4901161193847656e-08,True
62,replay,strengthened_vdp_gate,1,5,False,False,honest,True,True,True,True,True,True,True,0.3659885185646002,1.4901161193847656e-08,True
62,replay,strengthened_vdp_gate,1,6,False,False,honest,True,True,True,True,True,True,True,0.9999999646097415,7.450580596923828e-09,True
62,replay,strengthened_vdp_gate,1,7,True,False,replay_warmup_honest,True,True,True,True,True,True,True,0.9999999804422257,1.4901161193847656e-08,True
62,replay,strengthened_vdp_gate,1,8,False,False,honest,True,True,True,True,True,True,True,0.19442189040447805,1.4901161193847656e-08,True
62,replay,strengthened_vdp_gate,1,9,False,False,honest,True,True,True,True,True,True,True,0.3753835475608736,1.4901161193847656e-08,True
62,replay,strengthened_vdp_gate,2,0,False,False,honest,True,True,True,True,True,True,True,0.37249684509529035,1.4901161193847656e-08,True
62,replay,strengthened_vdp_gate,2,1,False,False,honest,True,True,True,True,True,True,True,0.38085857782524996,1.4901161193847656e-08,True
62,replay,strengthened_vdp_gate,2,2,True,True,replay,True,True,True,False,False,True,True,1.0000000391155475,1.4901161193847656e-08,False
62,replay,strengthened_vdp_gate,2,3,False,False,honest,True,True,True,True,True,True,True,0.5335358308297066,1.4901161193847656e-08,True
62,replay,strengthened_vdp_gate,2,4,False,False,honest,True,True,True,True,True,True,True,0.1944202615750027,1.4901161193847656e-08,True
62,replay,strengthened_vdp_gate,2,5,False,False,honest,True,True,True,True,True,True,True,0.36632939520900604,1.4901161193847656e-08,True
62,replay,strengthened_vdp_gate,2,6,False,False,honest,True,True,True,True,True,True,True,1.0000000242143867,1.4901161193847656e-08,True
62,replay,strengthened_vdp_gate,2,7,True,True,replay,True,True,True,False,False,True,True,0.9999999804422257,1.4901161193847656e-08,False
62,replay,strengthened_vdp_gate,2,8,False,False,honest,True,True,True,True,True,True,True,0.1944217378660226,1.4901161193847656e-08,True
62,replay,strengthened_vdp_gate,2,9,False,False,honest,True,True,True,True,True,True,True,0.3646251520727497,1.4901161193847656e-08,True
62,replay,strengthened_vdp_gate,3,0,False,False,honest,True,True,True,True,True,True,True,0.3656313302131971,1.4901161193847656e-08,True
62,replay,strengthened_vdp_gate,3,1,False,False,honest,True,True,True,True,True,True,True,0.378891245616179,1.4901161193847656e-08,True
62,replay,strengthened_vdp_gate,3,2,True,True,replay,True,True,True,False,True,True,True,0.9999999366700629,2.9802322387695312e-08,False
62,replay,strengthened_vdp_gate,3,3,False,False,honest,True,True,True,True,True,True,True,0.5371918827321094,1.4901161193847656e-08,True
62,replay,strengthened_vdp_gate,3,4,False,False,honest,True,True,True,True,True,True,True,0.19442156437022465,1.4901161193847656e-08,True
62,replay,strengthened_vdp_gate,3,5,False,False,honest,True,True,True,True,True,True,True,0.36513959067827984,1.4901161193847656e-08,True
62,replay,strengthened_vdp_gate,3,6,False,False,honest,True,True,True,True,True,True,True,1.0000000046566129,1.4901161193847656e-08,True
62,replay,strengthened_vdp_gate,3,7,True,True,replay,True,True,True,False,True,True,True,0.9999999105930288,1.4901161193847656e-08,False
62,replay,strengthened_vdp_gate,3,8,False,False,honest,True,True,True,True,True,True,True,0.19442180403090217,1.4901161193847656e-08,True
62,replay,strengthened_vdp_gate,3,9,False,False,honest,True,True,True,True,True,True,True,0.36758933627901674,1.4901161193847656e-08,True
62,zero_noise,ungated,1,0,False,False,honest,True,True,True,True,True,True,True,0.36780252684753023,1.4901161193847656e-08,True
62,zero_noise,ungated,1,1,False,False,honest,True,True,True,True,True,True,True,0.3814345744912249,1.4901161193847656e-08,True
62,zero_noise,ungated,1,2,True,True,zero_noise,True,True,True,True,True,False,True,1.0000000391155475,0.0,True
62,zero_noise,ungated,1,3,False,False,honest,True,True,True,True,True,True,True,0.5431641486084509,1.4901161193847656e-08,True
62,zero_noise,ungated,1,4,False,False,honest,True,True,True,True,True,True,True,0.1944210856467626,1.4901161193847656e-08,True
62,zero_noise,ungated,1,5,False,False,honest,True,True,True,True,True,True,True,0.3659885185646002,1.4901161193847656e-08,True
62,zero_noise,ungated,1,6,False,False,honest,True,True,True,True,True,True,True,0.9999999646097415,7.450580596923828e-09,True
62,zero_noise,ungated,1,7,True,True,zero_noise,True,True,True,True,True,False,True,0.9999999804422257,0.0,True
62,zero_noise,ungated,1,8,False,False,honest,True,True,True,True,True,True,True,0.19442189040447805,1.4901161193847656e-08,True
62,zero_noise,ungated,1,9,False,False,honest,True,True,True,True,True,True,True,0.3753835475608736,1.4901161193847656e-08,True
62,zero_noise,ungated,2,0,False,False,honest,True,True,True,True,True,True,True,0.37000251115731325,1.4901161193847656e-08,True
62,zero_noise,ungated,2,1,False,False,honest,True,True,True,True,True,True,True,0.377959817910025,1.4901161193847656e-08,True
62,zero_noise,ungated,2,2,True,True,zero_noise,True,True,True,True,True,False,True,0.9999999850988387,0.0,True
62,zero_noise,ungated,2,3,False,False,honest,True,True,True,True,True,True,True,0.5305908602796713,1.4901161193847656e-08,True
62,zero_noise,ungated,2,4,False,False,honest,True,True,True,True,True,True,True,0.19442147814619845,1.4901161193847656e-08,True
62,zero_noise,ungated,2,5,False,False,honest,True,True,True,True,True,True,True,0.3635917959029601,1.4901161193847656e-08,True
62,zero_noise,ungated,2,6,False,False,honest,True,True,True,True,True,True,True,1.0000000027939677,1.4901161193847656e-08,True
62,zero_noise,ungated,2,7,True,True,zero_noise,True,True,True,True,True,False,True,1.0000000074505806,0.0,True
62,zero_noise,ungated,2,8,False,False,honest,True,True,True,True,True,True,True,0.19442189998490697,1.4901161193847656e-08,True
62,zero_noise,ungated,2,9,False,False,honest,True,True,True,True,True,True,True,0.3648124539345826,1.4901161193847656e-08,True
62,zero_noise,ungated,3,0,False,False,honest,True,True,True,True,True,True,True,0.36059585453771514,1.4901161193847656e-08,True
62,zero_noise,ungated,3,1,False,False,honest,True,True,True,True,True,True,True,0.38130412360026605,1.4901161193847656e-08,True
62,zero_noise,ungated,3,2,True,True,zero_noise,True,True,True,True,True,False,True,0.9999999701976772,0.0,True
62,zero_noise,ungated,3,3,False,False,honest,True,True,True,True,True,True,True,0.5241374888378164,1.4901161193847656e-08,True
62,zero_noise,ungated,3,4,False,False,honest,True,True,True,True,True,True,True,0.194421498055569,1.4901161193847656e-08,True
62,zero_noise,ungated,3,5,False,False,honest,True,True,True,True,True,True,True,0.361371319031965,1.4901161193847656e-08,True
62,zero_noise,ungated,3,6,False,False,honest,True,True,True,True,True,True,True,0.9999999813735483,1.4901161193847656e-08,True
62,zero_noise,ungated,3,7,True,True,zero_noise,True,True,True,True,True,False,True,0.999999941326676,0.0,True
62,zero_noise,ungated,3,8,False,False,honest,True,True,True,True,True,True,True,0.19441138098841873,1.4901161193847656e-08,True
62,zero_noise,ungated,3,9,False,False,honest,True,True,True,True,True,True,True,0.36826461461076,1.4901161193847656e-08,True
62,zero_noise,current_vdp_gate,1,0,False,False,honest,True,True,True,True,True,True,True,0.36780252684753023,1.4901161193847656e-08,True
62,zero_noise,current_vdp_gate,1,1,False,False,honest,True,True,True,True,True,True,True,0.3814345744912249,1.4901161193847656e-08,True
62,zero_noise,current_vdp_gate,1,2,True,True,zero_noise,True,True,True,True,True,False,True,1.0000000391155475,0.0,True
62,zero_noise,current_vdp_gate,1,3,False,False,honest,True,True,True,True,True,True,True,0.5431641486084509,1.4901161193847656e-08,True
62,zero_noise,current_vdp_gate,1,4,False,False,honest,True,True,True,True,True,True,True,0.1944210856467626,1.4901161193847656e-08,True
62,zero_noise,current_vdp_gate,1,5,False,False,honest,True,True,True,True,True,True,True,0.3659885185646002,1.4901161193847656e-08,True
62,zero_noise,current_vdp_gate,1,6,False,False,honest,True,True,True,True,True,True,True,0.9999999646097415,7.450580596923828e-09,True
62,zero_noise,current_vdp_gate,1,7,True,True,zero_noise,True,True,True,True,True,False,True,0.9999999804422257,0.0,True
62,zero_noise,current_vdp_gate,1,8,False,False,honest,True,True,True,True,True,True,True,0.19442189040447805,1.4901161193847656e-08,True
62,zero_noise,current_vdp_gate,1,9,False,False,honest,True,True,True,True,True,True,True,0.3753835475608736,1.4901161193847656e-08,True
62,zero_noise,current_vdp_gate,2,0,False,False,honest,True,True,True,True,True,True,True,0.37000251115731325,1.4901161193847656e-08,True
62,zero_noise,current_vdp_gate,2,1,False,False,honest,True,True,True,True,True,True,True,0.377959817910025,1.4901161193847656e-08,True
62,zero_noise,current_vdp_gate,2,2,True,True,zero_noise,True,True,True,True,True,False,True,0.9999999850988387,0.0,True
62,zero_noise,current_vdp_gate,2,3,False,False,honest,True,True,True,True,True,True,True,0.5305908602796713,1.4901161193847656e-08,True
62,zero_noise,current_vdp_gate,2,4,False,False,honest,True,True,True,True,True,True,True,0.19442147814619845,1.4901161193847656e-08,True
62,zero_noise,current_vdp_gate,2,5,False,False,honest,True,True,True,True,True,True,True,0.3635917959029601,1.4901161193847656e-08,True
62,zero_noise,current_vdp_gate,2,6,False,False,honest,True,True,True,True,True,True,True,1.0000000027939677,1.4901161193847656e-08,True
62,zero_noise,current_vdp_gate,2,7,True,True,zero_noise,True,True,True,True,True,False,True,1.0000000074505806,0.0,True
62,zero_noise,current_vdp_gate,2,8,False,False,honest,True,True,True,True,True,True,True,0.19442189998490697,1.4901161193847656e-08,True
62,zero_noise,current_vdp_gate,2,9,False,False,honest,True,True,True,True,True,True,True,0.3648124539345826,1.4901161193847656e-08,True
62,zero_noise,current_vdp_gate,3,0,False,False,honest,True,True,True,True,True,True,True,0.36059585453771514,1.4901161193847656e-08,True
62,zero_noise,current_vdp_gate,3,1,False,False,honest,True,True,True,True,True,True,True,0.38130412360026605,1.4901161193847656e-08,True
62,zero_noise,current_vdp_gate,3,2,True,True,zero_noise,True,True,True,True,True,False,True,0.9999999701976772,0.0,True
62,zero_noise,current_vdp_gate,3,3,False,False,honest,True,True,True,True,True,True,True,0.5241374888378164,1.4901161193847656e-08,True
62,zero_noise,current_vdp_gate,3,4,False,False,honest,True,True,True,True,True,True,True,0.194421498055569,1.4901161193847656e-08,True
62,zero_noise,current_vdp_gate,3,5,False,False,honest,True,True,True,True,True,True,True,0.361371319031965,1.4901161193847656e-08,True
62,zero_noise,current_vdp_gate,3,6,False,False,honest,True,True,True,True,True,True,True,0.9999999813735483,1.4901161193847656e-08,True
62,zero_noise,current_vdp_gate,3,7,True,True,zero_noise,True,True,True,True,True,False,True,0.999999941326676,0.0,True
62,zero_noise,current_vdp_gate,3,8,False,False,honest,True,True,True,True,True,True,True,0.19441138098841873,1.4901161193847656e-08,True
62,zero_noise,current_vdp_gate,3,9,False,False,honest,True,True,True,True,True,True,True,0.36826461461076,1.4901161193847656e-08,True
62,zero_noise,strengthened_vdp_gate,1,0,False,False,honest,True,True,True,True,True,True,True,0.36780252684753023,1.4901161193847656e-08,True
62,zero_noise,strengthened_vdp_gate,1,1,False,False,honest,True,True,True,True,True,True,True,0.3814345744912249,1.4901161193847656e-08,True
62,zero_noise,strengthened_vdp_gate,1,2,True,True,zero_noise,True,True,True,True,True,False,True,1.0000000391155475,0.0,False
62,zero_noise,strengthened_vdp_gate,1,3,False,False,honest,True,True,True,True,True,True,True,0.5431641486084509,1.4901161193847656e-08,True
62,zero_noise,strengthened_vdp_gate,1,4,False,False,honest,True,True,True,True,True,True,True,0.1944210856467626,1.4901161193847656e-08,True
62,zero_noise,strengthened_vdp_gate,1,5,False,False,honest,True,True,True,True,True,True,True,0.3659885185646002,1.4901161193847656e-08,True
62,zero_noise,strengthened_vdp_gate,1,6,False,False,honest,True,True,True,True,True,True,True,0.9999999646097415,7.450580596923828e-09,True
62,zero_noise,strengthened_vdp_gate,1,7,True,True,zero_noise,True,True,True,True,True,False,True,0.9999999804422257,0.0,False
62,zero_noise,strengthened_vdp_gate,1,8,False,False,honest,True,True,True,True,True,True,True,0.19442189040447805,1.4901161193847656e-08,True
62,zero_noise,strengthened_vdp_gate,1,9,False,False,honest,True,True,True,True,True,True,True,0.3753835475608736,1.4901161193847656e-08,True
62,zero_noise,strengthened_vdp_gate,2,0,False,False,honest,True,True,True,True,True,True,True,0.3709854165484016,1.4901161193847656e-08,True
62,zero_noise,strengthened_vdp_gate,2,1,False,False,honest,True,True,True,True,True,True,True,0.3766516421193733,1.4901161193847656e-08,True
62,zero_noise,strengthened_vdp_gate,2,2,True,True,zero_noise,True,True,True,True,True,False,True,1.0000000279396768,0.0,False
62,zero_noise,strengthened_vdp_gate,2,3,False,False,honest,True,True,True,True,True,True,True,0.5333843923044446,1.4901161193847656e-08,True
62,zero_noise,strengthened_vdp_gate,2,4,False,False,honest,True,True,True,True,True,True,True,0.19442015618937042,1.4901161193847656e-08,True
62,zero_noise,strengthened_vdp_gate,2,5,False,False,honest,True,True,True,True,True,True,True,0.3594368558755432,1.4901161193847656e-08,True
62,zero_noise,strengthened_vdp_gate,2,6,False,False,honest,True,True,True,True,True,True,True,1.0000000363215797,1.4901161193847656e-08,True
62,zero_noise,strengthened_vdp_gate,2,7,True,True,zero_noise,True,True,True,True,True,False,True,0.9999999944120646,0.0,False
62,zero_noise,strengthened_vdp_gate,2,8,False,False,honest,True,True,True,True,True,True,True,0.194421650743907,1.4901161193847656e-08,True
62,zero_noise,strengthened_vdp_gate,2,9,False,False,honest,True,True,True,True,True,True,True,0.364193967294057,1.4901161193847656e-08,True
62,zero_noise,strengthened_vdp_gate,3,0,False,False,honest,True,True,True,True,True,True,True,0.36634156504077653,1.4901161193847656e-08,True
62,zero_noise,strengthened_vdp_gate,3,1,False,False,honest,True,True,True,True,True,True,True,0.38022371700814583,1.4901161193847656e-08,True
62,zero_noise,strengthened_vdp_gate,3,2,True,True,zero_noise,True,True,True,True,True,False,True,1.0000000521540628,0.0,False
62,zero_noise,strengthened_vdp_gate,3,3,False,False,honest,True,True,True,True,True,True,True,0.5277095603191294,1.4901161193847656e-08,True
62,zero_noise,strengthened_vdp_gate,3,4,False,False,honest,True,True,True,True,True,True,True,0.1944214303936397,1.4901161193847656e-08,True
62,zero_noise,strengthened_vdp_gate,3,5,False,False,honest,True,True,True,True,True,True,True,0.3645813731512667,1.4901161193847656e-08,True
62,zero_noise,strengthened_vdp_gate,3,6,False,False,honest,True,True,True,True,True,True,True,0.9999999534338702,1.4901161193847656e-08,True
62,zero_noise,strengthened_vdp_gate,3,7,True,True,zero_noise,True,True,True,True,True,False,True,0.9999999990686774,0.0,False
62,zero_noise,strengthened_vdp_gate,3,8,False,False,honest,True,True,True,True,True,True,True,0.19442192857649676,1.4901161193847656e-08,True
62,zero_noise,strengthened_vdp_gate,3,9,False,False,honest,True,True,True,True,True,True,True,0.36842681004813266,1.4901161193847656e-08,True
62,bounded_sign_flip,ungated,1,0,False,False,honest,True,True,True,True,True,True,True,0.36780252684753023,1.4901161193847656e-08,True
62,bounded_sign_flip,ungated,1,1,False,False,honest,True,True,True,True,True,True,True,0.3814345744912249,1.4901161193847656e-08,True
62,bounded_sign_flip,ungated,1,2,True,True,bounded_sign_flip,True,True,True,True,True,True,False,1.0000000391155475,1.4901161193847656e-08,True
62,bounded_sign_flip,ungated,1,3,False,False,honest,True,True,True,True,True,True,True,0.5431641486084509,1.4901161193847656e-08,True
62,bounded_sign_flip,ungated,1,4,False,False,honest,True,True,True,True,True,True,True,0.1944210856467626,1.4901161193847656e-08,True
62,bounded_sign_flip,ungated,1,5,False,False,honest,True,True,True,True,True,True,True,0.3659885185646002,1.4901161193847656e-08,True
62,bounded_sign_flip,ungated,1,6,False,False,honest,True,True,True,True,True,True,True,0.9999999646097415,7.450580596923828e-09,True
62,bounded_sign_flip,ungated,1,7,True,True,bounded_sign_flip,True,True,True,True,True,True,False,0.9999999804422257,1.4901161193847656e-08,True
62,bounded_sign_flip,ungated,1,8,False,False,honest,True,True,True,True,True,True,True,0.19442189040447805,1.4901161193847656e-08,True
62,bounded_sign_flip,ungated,1,9,False,False,honest,True,True,True,True,True,True,True,0.3753835475608736,1.4901161193847656e-08,True
62,bounded_sign_flip,ungated,2,0,False,False,honest,True,True,True,True,True,True,True,0.37668722260439075,1.4901161193847656e-08,True
62,bounded_sign_flip,ungated,2,1,False,False,honest,True,True,True,True,True,True,True,0.37998815530930397,1.4901161193847656e-08,True
62,bounded_sign_flip,ungated,2,2,True,True,bounded_sign_flip,True,True,True,True,True,True,False,0.9999998901039302,1.4901161193847656e-08,True
62,bounded_sign_flip,ungated,2,3,False,False,honest,True,True,True,True,True,True,True,0.5470470196240059,1.4901161193847656e-08,True
62,bounded_sign_flip,ungated,2,4,False,False,honest,True,True,True,True,True,True,True,0.1944216981970229,1.4901161193847656e-08,True
62,bounded_sign_flip,ungated,2,5,False,False,honest,True,True,True,True,True,True,True,0.3701546981519541,1.4901161193847656e-08,True
62,bounded_sign_flip,ungated,2,6,False,False,honest,True,True,True,True,True,True,True,1.0000000279396768,1.4901161193847656e-08,True
62,bounded_sign_flip,ungated,2,7,True,True,bounded_sign_flip,True,True,True,True,True,True,False,1.0000000204890964,1.4901161193847656e-08,True
62,bounded_sign_flip,ungated,2,8,False,False,honest,True,True,True,True,True,True,True,0.1944219480367387,1.4901161193847656e-08,True
62,bounded_sign_flip,ungated,2,9,False,False,honest,True,True,True,True,True,True,True,0.3693235120266754,1.4901161193847656e-08,True
62,bounded_sign_flip,ungated,3,0,False,False,honest,True,True,True,True,True,True,True,0.37714502349347423,1.4901161193847656e-08,True
62,bounded_sign_flip,ungated,3,1,False,False,honest,True,True,True,True,True,True,True,0.38352350002760455,1.4901161193847656e-08,True
62,bounded_sign_flip,ungated,3,2,True,True,bounded_sign_flip,True,True,True,True,True,True,False,1.0000000149011612,1.4901161193847656e-08,True
62,bounded_sign_flip,ungated,3,3,False,False,honest,True,True,True,True,True,True,True,0.5444315166177172,1.4901161193847656e-08,True
62,bounded_sign_flip,ungated,3,4,False,False,honest,True,True,True,True,True,True,True,0.19442005140246352,1.4901161193847656e-08,True
62,bounded_sign_flip,ungated,3,5,False,False,honest,True,True,True,True,True,True,True,0.37108304234164796,1.4901161193847656e-08,True
62,bounded_sign_flip,ungated,3,6,False,False,honest,True,True,True,True,True,True,True,1.0000000717118356,1.4901161193847656e-08,True
62,bounded_sign_flip,ungated,3,7,True,True,bounded_sign_flip,True,True,True,True,True,True,False,1.0000000195577738,1.4901161193847656e-08,True
62,bounded_sign_flip,ungated,3,8,False,False,honest,True,True,True,True,True,True,True,0.19442175702689501,1.4901161193847656e-08,True
62,bounded_sign_flip,ungated,3,9,False,False,honest,True,True,True,True,True,True,True,0.3710451558570812,1.4901161193847656e-08,True
62,bounded_sign_flip,current_vdp_gate,1,0,False,False,honest,True,True,True,True,True,True,True,0.36780252684753023,1.4901161193847656e-08,True
62,bounded_sign_flip,current_vdp_gate,1,1,False,False,honest,True,True,True,True,True,True,True,0.3814345744912249,1.4901161193847656e-08,True
62,bounded_sign_flip,current_vdp_gate,1,2,True,True,bounded_sign_flip,True,True,True,True,True,True,False,1.0000000391155475,1.4901161193847656e-08,True
62,bounded_sign_flip,current_vdp_gate,1,3,False,False,honest,True,True,True,True,True,True,True,0.5431641486084509,1.4901161193847656e-08,True
62,bounded_sign_flip,current_vdp_gate,1,4,False,False,honest,True,True,True,True,True,True,True,0.1944210856467626,1.4901161193847656e-08,True
62,bounded_sign_flip,current_vdp_gate,1,5,False,False,honest,True,True,True,True,True,True,True,0.3659885185646002,1.4901161193847656e-08,True
62,bounded_sign_flip,current_vdp_gate,1,6,False,False,honest,True,True,True,True,True,True,True,0.9999999646097415,7.450580596923828e-09,True
62,bounded_sign_flip,current_vdp_gate,1,7,True,True,bounded_sign_flip,True,True,True,True,True,True,False,0.9999999804422257,1.4901161193847656e-08,True
62,bounded_sign_flip,current_vdp_gate,1,8,False,False,honest,True,True,True,True,True,True,True,0.19442189040447805,1.4901161193847656e-08,True
62,bounded_sign_flip,current_vdp_gate,1,9,False,False,honest,True,True,True,True,True,True,True,0.3753835475608736,1.4901161193847656e-08,True
62,bounded_sign_flip,current_vdp_gate,2,0,False,False,honest,True,True,True,True,True,True,True,0.37668722260439075,1.4901161193847656e-08,True
62,bounded_sign_flip,current_vdp_gate,2,1,False,False,honest,True,True,True,True,True,True,True,0.37998815530930397,1.4901161193847656e-08,True
62,bounded_sign_flip,current_vdp_gate,2,2,True,True,bounded_sign_flip,True,True,True,True,True,True,False,0.9999998901039302,1.4901161193847656e-08,True
62,bounded_sign_flip,current_vdp_gate,2,3,False,False,honest,True,True,True,True,True,True,True,0.5470470196240059,1.4901161193847656e-08,True
62,bounded_sign_flip,current_vdp_gate,2,4,False,False,honest,True,True,True,True,True,True,True,0.1944216981970229,1.4901161193847656e-08,True
62,bounded_sign_flip,current_vdp_gate,2,5,False,False,honest,True,True,True,True,True,True,True,0.3701546981519541,1.4901161193847656e-08,True
62,bounded_sign_flip,current_vdp_gate,2,6,False,False,honest,True,True,True,True,True,True,True,1.0000000279396768,1.4901161193847656e-08,True
62,bounded_sign_flip,current_vdp_gate,2,7,True,True,bounded_sign_flip,True,True,True,True,True,True,False,1.0000000204890964,1.4901161193847656e-08,True
62,bounded_sign_flip,current_vdp_gate,2,8,False,False,honest,True,True,True,True,True,True,True,0.1944219480367387,1.4901161193847656e-08,True
62,bounded_sign_flip,current_vdp_gate,2,9,False,False,honest,True,True,True,True,True,True,True,0.3693235120266754,1.4901161193847656e-08,True
62,bounded_sign_flip,current_vdp_gate,3,0,False,False,honest,True,True,True,True,True,True,True,0.37714502349347423,1.4901161193847656e-08,True
62,bounded_sign_flip,current_vdp_gate,3,1,False,False,honest,True,True,True,True,True,True,True,0.38352350002760455,1.4901161193847656e-08,True
62,bounded_sign_flip,current_vdp_gate,3,2,True,True,bounded_sign_flip,True,True,True,True,True,True,False,1.0000000149011612,1.4901161193847656e-08,True
62,bounded_sign_flip,current_vdp_gate,3,3,False,False,honest,True,True,True,True,True,True,True,0.5444315166177172,1.4901161193847656e-08,True
62,bounded_sign_flip,current_vdp_gate,3,4,False,False,honest,True,True,True,True,True,True,True,0.19442005140246352,1.4901161193847656e-08,True
62,bounded_sign_flip,current_vdp_gate,3,5,False,False,honest,True,True,True,True,True,True,True,0.37108304234164796,1.4901161193847656e-08,True
62,bounded_sign_flip,current_vdp_gate,3,6,False,False,honest,True,True,True,True,True,True,True,1.0000000717118356,1.4901161193847656e-08,True
62,bounded_sign_flip,current_vdp_gate,3,7,True,True,bounded_sign_flip,True,True,True,True,True,True,False,1.0000000195577738,1.4901161193847656e-08,True
62,bounded_sign_flip,current_vdp_gate,3,8,False,False,honest,True,True,True,True,True,True,True,0.19442175702689501,1.4901161193847656e-08,True
62,bounded_sign_flip,current_vdp_gate,3,9,False,False,honest,True,True,True,True,True,True,True,0.3710451558570812,1.4901161193847656e-08,True
62,bounded_sign_flip,strengthened_vdp_gate,1,0,False,False,honest,True,True,True,True,True,True,True,0.36780252684753023,1.4901161193847656e-08,True
62,bounded_sign_flip,strengthened_vdp_gate,1,1,False,False,honest,True,True,True,True,True,True,True,0.3814345744912249,1.4901161193847656e-08,True
62,bounded_sign_flip,strengthened_vdp_gate,1,2,True,True,bounded_sign_flip,True,True,True,True,True,True,False,1.0000000391155475,1.4901161193847656e-08,True
62,bounded_sign_flip,strengthened_vdp_gate,1,3,False,False,honest,True,True,True,True,True,True,True,0.5431641486084509,1.4901161193847656e-08,True
62,bounded_sign_flip,strengthened_vdp_gate,1,4,False,False,honest,True,True,True,True,True,True,True,0.1944210856467626,1.4901161193847656e-08,True
62,bounded_sign_flip,strengthened_vdp_gate,1,5,False,False,honest,True,True,True,True,True,True,True,0.3659885185646002,1.4901161193847656e-08,True
62,bounded_sign_flip,strengthened_vdp_gate,1,6,False,False,honest,True,True,True,True,True,True,True,0.9999999646097415,7.450580596923828e-09,True
62,bounded_sign_flip,strengthened_vdp_gate,1,7,True,True,bounded_sign_flip,True,True,True,True,True,True,False,0.9999999804422257,1.4901161193847656e-08,True
62,bounded_sign_flip,strengthened_vdp_gate,1,8,False,False,honest,True,True,True,True,True,True,True,0.19442189040447805,1.4901161193847656e-08,True
62,bounded_sign_flip,strengthened_vdp_gate,1,9,False,False,honest,True,True,True,True,True,True,True,0.3753835475608736,1.4901161193847656e-08,True
62,bounded_sign_flip,strengthened_vdp_gate,2,0,False,False,honest,True,True,True,True,True,True,True,0.37668722260439075,1.4901161193847656e-08,True
62,bounded_sign_flip,strengthened_vdp_gate,2,1,False,False,honest,True,True,True,True,True,True,True,0.37998815530930397,1.4901161193847656e-08,True
62,bounded_sign_flip,strengthened_vdp_gate,2,2,True,True,bounded_sign_flip,True,True,True,True,True,True,False,0.9999998901039302,1.4901161193847656e-08,True
62,bounded_sign_flip,strengthened_vdp_gate,2,3,False,False,honest,True,True,True,True,True,True,True,0.5470470196240059,1.4901161193847656e-08,True
62,bounded_sign_flip,strengthened_vdp_gate,2,4,False,False,honest,True,True,True,True,True,True,True,0.1944216981970229,1.4901161193847656e-08,True
62,bounded_sign_flip,strengthened_vdp_gate,2,5,False,False,honest,True,True,True,True,True,True,True,0.3701546981519541,1.4901161193847656e-08,True
62,bounded_sign_flip,strengthened_vdp_gate,2,6,False,False,honest,True,True,True,True,True,True,True,1.0000000279396768,1.4901161193847656e-08,True
62,bounded_sign_flip,strengthened_vdp_gate,2,7,True,True,bounded_sign_flip,True,True,True,True,True,True,False,1.0000000204890964,1.4901161193847656e-08,True
62,bounded_sign_flip,strengthened_vdp_gate,2,8,False,False,honest,True,True,True,True,True,True,True,0.1944219480367387,1.4901161193847656e-08,True
62,bounded_sign_flip,strengthened_vdp_gate,2,9,False,False,honest,True,True,True,True,True,True,True,0.3693235120266754,1.4901161193847656e-08,True
62,bounded_sign_flip,strengthened_vdp_gate,3,0,False,False,honest,True,True,True,True,True,True,True,0.37714502349347423,1.4901161193847656e-08,True
62,bounded_sign_flip,strengthened_vdp_gate,3,1,False,False,honest,True,True,True,True,True,True,True,0.38352350002760455,1.4901161193847656e-08,True
62,bounded_sign_flip,strengthened_vdp_gate,3,2,True,True,bounded_sign_flip,True,True,True,True,True,True,False,1.0000000149011612,1.4901161193847656e-08,True
62,bounded_sign_flip,strengthened_vdp_gate,3,3,False,False,honest,True,True,True,True,True,True,True,0.5444315166177172,1.4901161193847656e-08,True
62,bounded_sign_flip,strengthened_vdp_gate,3,4,False,False,honest,True,True,True,True,True,True,True,0.19442005140246352,1.4901161193847656e-08,True
62,bounded_sign_flip,strengthened_vdp_gate,3,5,False,False,honest,True,True,True,True,True,True,True,0.37108304234164796,1.4901161193847656e-08,True
62,bounded_sign_flip,strengthened_vdp_gate,3,6,False,False,honest,True,True,True,True,True,True,True,1.0000000717118356,1.4901161193847656e-08,True
62,bounded_sign_flip,strengthened_vdp_gate,3,7,True,True,bounded_sign_flip,True,True,True,True,True,True,False,1.0000000195577738,1.4901161193847656e-08,True
62,bounded_sign_flip,strengthened_vdp_gate,3,8,False,False,honest,True,True,True,True,True,True,True,0.19442175702689501,1.4901161193847656e-08,True
62,bounded_sign_flip,strengthened_vdp_gate,3,9,False,False,honest,True,True,True,True,True,True,True,0.3710451558570812,1.4901161193847656e-08,True
