{"inputs":[["0808000000000000000000000000000000000000000000000000000000000000","86cbffef93f5e1439170b97948e833285d588181b64550b829a031e1724e6430","fcc2ffef93f5e1439170b97948e833285d588181b64550b829a031e1724e6430","cbfbffef93f5e1439170b97948e833285d588181b64550b829a031e1724e6430","dfe8ffef93f5e1439170b97948e833285d588181b64550b829a031e1724e6430","590c000000000000000000000000000000000000000000000000000000000000","51e3ffef93f5e1439170b97948e833285d588181b64550b829a031e1724e6430","58ccffef93f5e1439170b97948e833285d588181b64550b829a031e1724e6430","72e7ffef93f5e1439170b97948e833285d588181b64550b829a031e1724e6430","c3ebffef93f5e1439170b97948e833285d588181b64550b829a031e1724e6430"]],"pretty_elements":{"rescaled_inputs":[["0.2509765625","-1.6400146484375","-1.9068603515625","-0.131591796875","-0.722900390625","0.3858642578125","-0.896484375","-1.6143798828125","-0.7674560546875","-0.632568359375"]],"inputs":[["0x0000000000000000000000000000000000000000000000000000000000000808","0x30644e72e131a029b85045b68181585d2833e84879b9709143e1f593efffcb86","0x30644e72e131a029b85045b68181585d2833e84879b9709143e1f593efffc2fc","0x30644e72e131a029b85045b68181585d2833e84879b9709143e1f593effffbcb","0x30644e72e131a029b85045b68181585d2833e84879b9709143e1f593efffe8df","0x0000000000000000000000000000000000000000000000000000000000000c59","0x30644e72e131a029b85045b68181585d2833e84879b9709143e1f593efffe351","0x30644e72e131a029b85045b68181585d2833e84879b9709143e1f593efffcc58","0x30644e72e131a029b85045b68181585d2833e84879b9709143e1f593efffe772","0x30644e72e131a029b85045b68181585d2833e84879b9709143e1f593efffebc3"]],"processed_inputs":[],"processed_params":[],"processed_outputs":[],"rescaled_outputs":[["0.3247266858816147","-0.5999046266078949","-0.9856486022472382","0.34549421072006226"]],"outputs":[["0x00000000000000000000000000000000000000000000000000000000014c8527","0x30644e72e131a029b85045b68181585d2833e84879b9709143e1f593ed99b29b","0x30644e72e131a029b85045b68181585d2833e84879b9709143e1f593ec0eb223","0x000000000000000000000000000000000000000000000000000000000161c93c"]]},"outputs":[["27854c0100000000000000000000000000000000000000000000000000000000","9bb299ed93f5e1439170b97948e833285d588181b64550b829a031e1724e6430","23b20eec93f5e1439170b97948e833285d588181b64550b829a031e1724e6430","3cc9610100000000000000000000000000000000000000000000000000000000"]],"processed_inputs":null,"processed_params":null,"processed_outputs":null,"max_lookup_inputs":0,"min_lookup_inputs":0,"max_range_size":0}