{"inputs":[["7dd4ffef93f5e1439170b97948e833285d588181b64550b829a031e1724e6430","96f2ffef93f5e1439170b97948e833285d588181b64550b829a031e1724e6430","5ffbffef93f5e1439170b97948e833285d588181b64550b829a031e1724e6430","0ef9ffef93f5e1439170b97948e833285d588181b64550b829a031e1724e6430","eafeffef93f5e1439170b97948e833285d588181b64550b829a031e1724e6430","d502000000000000000000000000000000000000000000000000000000000000","dff2ffef93f5e1439170b97948e833285d588181b64550b829a031e1724e6430","3203000000000000000000000000000000000000000000000000000000000000","8916000000000000000000000000000000000000000000000000000000000000"]],"pretty_elements":{"rescaled_inputs":[["-1.35986328125","-0.4193115234375","-0.144775390625","-0.2171630859375","-0.0340576171875","0.0885009765625","-0.410400390625","0.099853515625","0.7042236328125"]],"inputs":[["0x30644e72e131a029b85045b68181585d2833e84879b9709143e1f593efffd47d","0x30644e72e131a029b85045b68181585d2833e84879b9709143e1f593effff296","0x30644e72e131a029b85045b68181585d2833e84879b9709143e1f593effffb5f","0x30644e72e131a029b85045b68181585d2833e84879b9709143e1f593effff90e","0x30644e72e131a029b85045b68181585d2833e84879b9709143e1f593effffeea","0x00000000000000000000000000000000000000000000000000000000000002d5","0x30644e72e131a029b85045b68181585d2833e84879b9709143e1f593effff2df","0x0000000000000000000000000000000000000000000000000000000000000332","0x0000000000000000000000000000000000000000000000000000000000001689"]],"processed_inputs":[],"processed_params":[],"processed_outputs":[],"rescaled_outputs":[["-2.688498318195343"]],"outputs":[["0x30644e72e131a029b85045b68181585d2833e84879b9709143e1f593e53efa4d"]]},"outputs":[["4dfa3ee593f5e1439170b97948e833285d588181b64550b829a031e1724e6430"]],"processed_inputs":null,"processed_params":null,"processed_outputs":null,"max_lookup_inputs":0,"min_lookup_inputs":0,"max_range_size":0}