{"inputs":[["3feaffef93f5e1439170b97948e833285d588181b64550b829a031e1724e6430","4bf9ffef93f5e1439170b97948e833285d588181b64550b829a031e1724e6430","b0fdffef93f5e1439170b97948e833285d588181b64550b829a031e1724e6430","88fcffef93f5e1439170b97948e833285d588181b64550b829a031e1724e6430","75ffffef93f5e1439170b97948e833285d588181b64550b829a031e1724e6430","6a01000000000000000000000000000000000000000000000000000000000000","70f9ffef93f5e1439170b97948e833285d588181b64550b829a031e1724e6430","9901000000000000000000000000000000000000000000000000000000000000","440b000000000000000000000000000000000000000000000000000000000000"]],"pretty_elements":{"rescaled_inputs":[["-1.35986328125","-0.41943359375","-0.144775390625","-0.217041015625","-0.0341796875","0.08837890625","-0.410400390625","0.099853515625","0.7041015625"]],"inputs":[["0x30644e72e131a029b85045b68181585d2833e84879b9709143e1f593efffea3f","0x30644e72e131a029b85045b68181585d2833e84879b9709143e1f593effff94b","0x30644e72e131a029b85045b68181585d2833e84879b9709143e1f593effffdb0","0x30644e72e131a029b85045b68181585d2833e84879b9709143e1f593effffc88","0x30644e72e131a029b85045b68181585d2833e84879b9709143e1f593efffff75","0x000000000000000000000000000000000000000000000000000000000000016a","0x30644e72e131a029b85045b68181585d2833e84879b9709143e1f593effff970","0x0000000000000000000000000000000000000000000000000000000000000199","0x0000000000000000000000000000000000000000000000000000000000000b44"]],"processed_inputs":[],"processed_params":[],"processed_outputs":[],"rescaled_outputs":[["-2.6887534856796265"]],"outputs":[["0x30644e72e131a029b85045b68181585d2833e84879b9709143e1f593ed4faddb"]]},"outputs":[["dbad4fed93f5e1439170b97948e833285d588181b64550b829a031e1724e6430"]],"processed_inputs":null,"processed_params":null,"processed_outputs":null,"max_lookup_inputs":0,"min_lookup_inputs":0,"max_range_size":0}