{"inputs":[["e4a3feef93f5e1439170b97948e833285d588181b64550b829a031e1724e6430","a794ffef93f5e1439170b97948e833285d588181b64550b829a031e1724e6430","efdaffef93f5e1439170b97948e833285d588181b64550b829a031e1724e6430","6bc8ffef93f5e1439170b97948e833285d588181b64550b829a031e1724e6430","47f7ffef93f5e1439170b97948e833285d588181b64550b829a031e1724e6430","a716000000000000000000000000000000000000000000000000000000000000","f196ffef93f5e1439170b97948e833285d588181b64550b829a031e1724e6430","8e19000000000000000000000000000000000000000000000000000000000000","48b4000000000000000000000000000000000000000000000000000000000000"]],"pretty_elements":{"rescaled_inputs":[["-1.3598175048828125","-0.419342041015625","-0.144805908203125","-0.217132568359375","-0.034088134765625","0.0884857177734375","-0.410400390625","0.099822998046875","0.7042236328125"]],"inputs":[["0x30644e72e131a029b85045b68181585d2833e84879b9709143e1f593effea3e4","0x30644e72e131a029b85045b68181585d2833e84879b9709143e1f593efff94a7","0x30644e72e131a029b85045b68181585d2833e84879b9709143e1f593efffdaef","0x30644e72e131a029b85045b68181585d2833e84879b9709143e1f593efffc86b","0x30644e72e131a029b85045b68181585d2833e84879b9709143e1f593effff747","0x00000000000000000000000000000000000000000000000000000000000016a7","0x30644e72e131a029b85045b68181585d2833e84879b9709143e1f593efff96f1","0x000000000000000000000000000000000000000000000000000000000000198e","0x000000000000000000000000000000000000000000000000000000000000b448"]],"processed_inputs":[],"processed_params":[],"processed_outputs":[],"rescaled_outputs":[["-2.6885531360749155"]],"outputs":[["0x30644e72e131a029b85045b68181585d2833e84879b9709143e1f5913fbafb50"]]},"outputs":[["50fbba3f91f5e1439170b97948e833285d588181b64550b829a031e1724e6430"]],"processed_inputs":null,"processed_params":null,"processed_outputs":null,"max_lookup_inputs":0,"min_lookup_inputs":0,"max_range_size":0}